Protected_or_open-source	FORM_NAME	FIELD_TYPE	FIELD_ID	FIELD_ ID_NUM	SRC_CODE	SRC_CODE_ID	SRC_CD_ DESCRIPTION	Choices, Calculations, OR Slider Labels From REDCap CODEBOOK	TARGET_ CONCEPT_ID	LOCAL _CONCEPT_ID	TARGET_ CONCEPT_NAME	TARGET_ DOMAIN_ID	TARGET_ VOCABULARY_ ID	TARGET_ CONCEPT _CLASS_ID	TARGET_ STANDARD _CONCEPT	TARGET_ CONCEPT_CODE	PREDICATE _ID	CONFIDENCE	qualifier_concept_id	qualifier_source_value	value_as_concept_id
open-source	disposition	radio	eos_dsvst	3362	1	eos_dsvst_1	Pre-Visit		35626257		Before appointment	Observation	SNOMED	Qualifier Value	S	769562006	skos:closeMatch	0.75			
open-source	disposition	radio	eos_dsvst	3361	0	eos_dsvst_0	Signed Consent		3018196		Informed consent obtained	Observation	LOINC	Clinical Observation	S	19826-7	skos:closeMatch	1			
open-source	disposition	checkbox	eos_dsdecodie	3360	888	eos_dsdecodie_888	Other		45878142		Other	Meas Value	LOINC	Answer	S	LA46-8	skos:exactMatch	1			
open-source	disposition	checkbox	eos_dsdecodie	3357	2	eos_dsdecodie_2	Individual is pregnant		45884583		Currently pregnant	Meas Value	LOINC	Answer	S	LA14670-6	skos:closeMatch	1			
open-source	disposition	radio	eos_dsdecod	3355	888	eos_dsdecod_888	Other {eos_dsterm}		45878142		Other	Meas Value	LOINC	Answer	S	LA46-8	skos:exactMatch	1			
open-source	disposition	radio	eos_dsdecod	3353	8	eos_dsdecod_8	Adverse Event		45884383		Adverse event	Meas Value	LOINC	Answer	S	LA7266-5	skos:exactMatch	1			
open-source	disposition	radio	eos_dsdecod	3352	7	eos_dsdecod_7	Death		45881348		Death	Meas Value	LOINC	Answer	S	LA7424-0	skos:exactMatch	1			
open-source	disposition	radio	eos_dsdecod	3350	5	eos_dsdecod_5	Investigator deemed not appropriate for study		40480675		Does not meet eligibility criteria for clinical trial	Observation	SNOMED	Clinical Finding	S	444734003	skos:closeMatch	0.75			
open-source	disposition	radio	eos_dsdecod	3347	2	eos_dsdecod_2	Lost to Follow-up		4163894		Lost to follow-up	Observation	SNOMED	Clinical Finding	S	399307001	skos:exactMatch	1			
open-source	bcva	radio	viaomthd	3036	2	viaomthd_2	ETDRS		4268147		ETDRS visual acuity chart	Device	SNOMED	Physical Object	S	400914004	skos:exactMatch	1			
open-source	meds_assessment	radio	cmotyn	2992	0	cmotyn_0	No		45878245		No	Meas Value	LOINC	Answer	S	LA32-8	skos:exactMatch	1			
open-source	meds_assessment	radio	cmotyn	2991	1	cmotyn_1	Yes		45877994		Yes	Meas Value	LOINC	Answer	S	LA33-6	skos:exactMatch	1			
open-source	meds_assessment	radio	cm_slp	2990	777	cm_slp_777	Decline to answer		36311156		Prefer not to say	Meas Value	LOINC	Answer	S	LA28803-7	skos:exactMatch	1			
open-source	meds_assessment	radio	cm_slp	2989	99	cm_slp_99	Don't know/not sure		45876636		Don't know	Meas Value	LOINC	Answer	S	LA12688-0	skos:exactMatch	1			
open-source	meds_assessment	radio	cm_slp	2988	4	cm_slp_4	Most days (3-4 days/week)		1620862		Most days (3-4 days)	Meas Value	LOINC	Answer	S	LA31670-5	skos:closeMatch	1			
open-source	meds_assessment	radio	cm_slp	2987	3	cm_slp_3	Some days (1-2 days/week)		1620467		A few days (1-2 days)	Meas Value	LOINC	Answer	S	LA31669-7	skos:closeMatch	1			
open-source	meds_assessment	radio	cm_slp	2986	2	cm_slp_2	A few days (<1 day/week)		45884557		Less than a day	Meas Value	LOINC	Answer	S	LA14482-6	skos:closeMatch	0.75			
open-source	meds_assessment	radio	cm_slp	2985	1	cm_slp_1	Every day		45881677		Every day	Meas Value	LOINC	Answer	S	LA14799-3	skos:exactMatch	1			
open-source	meds_assessment	radio	cm_slp	2984	0	cm_slp_0	No		45878245		No	Meas Value	LOINC	Answer	S	LA32-8	skos:exactMatch	1			
open-source	meds_assessment	radio	cm_dcg	2983	777	cm_dcg_777	Decline to answer		36311156		Prefer not to say	Meas Value	LOINC	Answer	S	LA28803-7	skos:exactMatch	1			
open-source	meds_assessment	radio	cm_dcg	2982	99	cm_dcg_99	Don't know/not sure		45876636		Don't know	Meas Value	LOINC	Answer	S	LA12688-0	skos:exactMatch	1			
open-source	meds_assessment	radio	cm_dcg	2981	4	cm_dcg_4	Most days (3-4 days/week)		1620862		Most days (3-4 days)	Meas Value	LOINC	Answer	S	LA31670-5	skos:closeMatch	1			
open-source	meds_assessment	radio	cm_dcg	2980	3	cm_dcg_3	Some days (1-2 days/week)		1620467		A few days (1-2 days)	Meas Value	LOINC	Answer	S	LA31669-7	skos:closeMatch	1			
open-source	meds_assessment	radio	cm_dcg	2979	2	cm_dcg_2	A few days (<1 day/week)		45884557		Less than a day	Meas Value	LOINC	Answer	S	LA14482-6	skos:closeMatch	0.75			
open-source	meds_assessment	radio	cm_dcg	2978	1	cm_dcg_1	Every day		45881677		Every day	Meas Value	LOINC	Answer	S	LA14799-3	skos:exactMatch	1			
open-source	meds_assessment	radio	cm_dcg	2977	0	cm_dcg_0	No		45878245		No	Meas Value	LOINC	Answer	S	LA32-8	skos:exactMatch	1			
open-source	meds_assessment	radio	cm_ant	2976	777	cm_ant_777	Decline to answer		36311156		Prefer not to say	Meas Value	LOINC	Answer	S	LA28803-7	skos:exactMatch	1			
open-source	meds_assessment	radio	cm_ant	2975	99	cm_ant_99	Don't know/not sure		45876636		Don't know	Meas Value	LOINC	Answer	S	LA12688-0	skos:exactMatch	1			
open-source	meds_assessment	radio	cm_ant	2974	4	cm_ant_4	Most days (3-4 days/week)		1620862		Most days (3-4 days)	Meas Value	LOINC	Answer	S	LA31670-5	skos:closeMatch	1			
open-source	meds_assessment	radio	cm_ant	2973	3	cm_ant_3	Some days (1-2 days/week)		1620467		A few days (1-2 days)	Meas Value	LOINC	Answer	S	LA31669-7	skos:closeMatch	1			
open-source	meds_assessment	radio	cm_ant	2972	2	cm_ant_2	A few days (<1 day/week)		45884557		Less than a day	Meas Value	LOINC	Answer	S	LA14482-6	skos:closeMatch	0.75			
open-source	meds_assessment	radio	cm_ant	2971	1	cm_ant_1	Every day		45881677		Every day	Meas Value	LOINC	Answer	S	LA14799-3	skos:exactMatch	1			
open-source	meds_assessment	radio	cm_ant	2970	0	cm_ant_0	No		45878245		No	Meas Value	LOINC	Answer	S	LA32-8	skos:exactMatch	1			
open-source	meds_assessment	radio	cm_ibp	2969	777	cm_ibp_777	Decline to answer		36311156		Prefer not to say	Meas Value	LOINC	Answer	S	LA28803-7	skos:exactMatch	1			
open-source	meds_assessment	radio	cm_ibp	2968	99	cm_ibp_99	Don't know/not sure		45876636		Don't know	Meas Value	LOINC	Answer	S	LA12688-0	skos:exactMatch	1			
open-source	meds_assessment	radio	cm_ibp	2967	4	cm_ibp_4	Most days (3-4 days/week)		1620862		Most days (3-4 days)	Meas Value	LOINC	Answer	S	LA31670-5	skos:closeMatch	1			
open-source	meds_assessment	radio	cm_ibp	2966	3	cm_ibp_3	Some days (1-2 days/week)		1620467		A few days (1-2 days)	Meas Value	LOINC	Answer	S	LA31669-7	skos:closeMatch	1			
open-source	meds_assessment	radio	cm_ibp	2965	2	cm_ibp_2	A few days (<1 day/week)		45884557		Less than a day	Meas Value	LOINC	Answer	S	LA14482-6	skos:closeMatch	0.75			
open-source	meds_assessment	radio	cm_ibp	2964	1	cm_ibp_1	Every day		45881677		Every day	Meas Value	LOINC	Answer	S	LA14799-3	skos:exactMatch	1			
open-source	meds_assessment	radio	cm_ibp	2963	0	cm_ibp_0	No		45878245		No	Meas Value	LOINC	Answer	S	LA32-8	skos:exactMatch	1			
open-source	meds_assessment	radio	cm_act	2962	777	cm_act_777	Decline to answer		36311156		Prefer not to say	Meas Value	LOINC	Answer	S	LA28803-7	skos:exactMatch	1			
open-source	meds_assessment	radio	cm_act	2961	99	cm_act_99	Don't know/not sure		45876636		Don't know	Meas Value	LOINC	Answer	S	LA12688-0	skos:exactMatch	1			
open-source	meds_assessment	radio	cm_act	2960	4	cm_act_4	Most days (3-4 days/week)		1620862		Most days (3-4 days)	Meas Value	LOINC	Answer	S	LA31670-5	skos:closeMatch	1			
open-source	meds_assessment	radio	cm_act	2959	3	cm_act_3	Some days (1-2 days/week)		1620467		A few days (1-2 days)	Meas Value	LOINC	Answer	S	LA31669-7	skos:closeMatch	1			
open-source	meds_assessment	radio	cm_act	2958	2	cm_act_2	A few days (<1 day/week)		45884557		Less than a day	Meas Value	LOINC	Answer	S	LA14482-6	skos:closeMatch	0.75			
open-source	meds_assessment	radio	cm_act	2957	1	cm_act_1	Every day		45881677		Every day	Meas Value	LOINC	Answer	S	LA14799-3	skos:exactMatch	1			
open-source	meds_assessment	radio	cm_act	2956	0	cm_act_0	No		45878245		No	Meas Value	LOINC	Answer	S	LA32-8	skos:exactMatch	1			
open-source	meds_assessment	radio	cm_asp	2955	777	cm_asp_777	Decline to answer		36311156		Prefer not to say	Meas Value	LOINC	Answer	S	LA28803-7	skos:exactMatch	1			
open-source	meds_assessment	radio	cm_asp	2954	99	cm_asp_99	Don't know/not sure		45876636		Don't know	Meas Value	LOINC	Answer	S	LA12688-0	skos:exactMatch	1			
open-source	meds_assessment	radio	cm_asp	2953	4	cm_asp_4	Most days (3-4 days/week)		1620862		Most days (3-4 days)	Meas Value	LOINC	Answer	S	LA31670-5	skos:closeMatch	1			
open-source	meds_assessment	radio	cm_asp	2952	3	cm_asp_3	Some days (1-2 days/week)		1620467		A few days (1-2 days)	Meas Value	LOINC	Answer	S	LA31669-7	skos:closeMatch	1			
open-source	meds_assessment	radio	cm_asp	2951	2	cm_asp_2	A few days (<1 day/week)		45884557		Less than a day	Meas Value	LOINC	Answer	S	LA14482-6	skos:closeMatch	0.75			
open-source	meds_assessment	radio	cm_asp	2950	1	cm_asp_1	Every day		45881677		Every day	Meas Value	LOINC	Answer	S	LA14799-3	skos:exactMatch	1			
open-source	meds_assessment	radio	cm_asp	2949	0	cm_asp_0	No		45878245		No	Meas Value	LOINC	Answer	S	LA32-8	skos:exactMatch	1			
open-source	driving_record	radio	dri3	2944	0	dri3_0	No		45878245		No	Meas Value	LOINC	Answer	S	LA32-8	skos:exactMatch	1			
open-source	driving_record	radio	dri3	2943	1	dri3_1	Yes		45877994		Yes	Meas Value	LOINC	Answer	S	LA33-6	skos:exactMatch	1			
open-source	driving_record	radio	dri2	2942	99	dri2_99	Don't know		45876636		Don't know	Meas Value	LOINC	Answer	S	LA12688-0	skos:exactMatch	1			
open-source	px_racial_ethnic_discrimination_survey	radio	pxrd54	2910	777	pxrd54_777	Prefer not to say		36311156		Prefer not to say	Meas Value	LOINC	Answer	S	LA28803-7	skos:exactMatch	1			
open-source	px_racial_ethnic_discrimination_survey	radio	pxrd54	2909	6	pxrd54_6	6 - Extremely stressful		36210124		Extremely bothersome	Meas Value	LOINC	Answer	S	LA27766-7	skos:closeMatch	1			
open-source	px_racial_ethnic_discrimination_survey	radio	pxrd54	2908	1	pxrd54_1	1 - Not at all stressful		36210226		Not at all bothersome	Meas Value	LOINC	Answer	S	LA24969-0	skos:closeMatch	1			
open-source	px_racial_ethnic_discrimination_survey	radio	pxrd53	2907	777	pxrd53_777	Prefer not to say		36311156		Prefer not to say	Meas Value	LOINC	Answer	S	LA28803-7	skos:exactMatch	1			
open-source	px_racial_ethnic_discrimination_survey	radio	pxrd53	2906	6	pxrd53_6	Totally different		45877440		Major change	Meas Value	LOINC	Answer	S	LA156-2	skos:closeMatch	0.75			
open-source	px_racial_ethnic_discrimination_survey	radio	pxrd53	2905	5	pxrd53_5	Different in most ways		45877440		Major change	Meas Value	LOINC	Answer	S	LA156-2	skos:closeMatch	0.75			
open-source	px_racial_ethnic_discrimination_survey	radio	pxrd53	2904	4	pxrd53_4	Different in a lot of ways		45877440		Major change	Meas Value	LOINC	Answer	S	LA156-2	skos:closeMatch	0.75			
open-source	px_racial_ethnic_discrimination_survey	radio	pxrd53	2903	3	pxrd53_3	Different in a few ways		45880786		Slight change	Meas Value	LOINC	Answer	S	LA155-4	skos:closeMatch	0.75			
open-source	px_racial_ethnic_discrimination_survey	radio	pxrd53	2902	2	pxrd53_2	A little different		45880786		Slight change	Meas Value	LOINC	Answer	S	LA155-4	skos:closeMatch	0.75			
open-source	px_racial_ethnic_discrimination_survey	radio	pxrd53	2901	1	pxrd53_1	The Same as it is now		45879534		About the same	Meas Value	LOINC	Answer	S	LA18129-9	skos:closeMatch	0.75			
open-source	px_racial_ethnic_discrimination_survey	radio	pxrd52	2900	777	pxrd52_777	Prefer not to say		36311156		Prefer not to say	Meas Value	LOINC	Answer	S	LA28803-7	skos:exactMatch	1			
open-source	px_racial_ethnic_discrimination_survey	radio	pxrd52	2899	6	pxrd52_6	Totally different		45877440		Major change	Meas Value	LOINC	Answer	S	LA156-2	skos:closeMatch	0.75			
open-source	px_racial_ethnic_discrimination_survey	radio	pxrd52	2898	5	pxrd52_5	Different in most ways		45877440		Major change	Meas Value	LOINC	Answer	S	LA156-2	skos:closeMatch	0.75			
open-source	px_racial_ethnic_discrimination_survey	radio	pxrd52	2897	4	pxrd52_4	Different in a lot of ways		45877440		Major change	Meas Value	LOINC	Answer	S	LA156-2	skos:closeMatch	0.75			
open-source	px_racial_ethnic_discrimination_survey	radio	pxrd52	2896	3	pxrd52_3	Different in a few ways		45880786		Slight change	Meas Value	LOINC	Answer	S	LA155-4	skos:closeMatch	0.75			
open-source	px_racial_ethnic_discrimination_survey	radio	pxrd52	2895	2	pxrd52_2	A little different		45880786		Slight change	Meas Value	LOINC	Answer	S	LA155-4	skos:closeMatch	0.75			
open-source	px_racial_ethnic_discrimination_survey	radio	pxrd52	2894	1	pxrd52_1	The Same as it is now		45879534		About the same	Meas Value	LOINC	Answer	S	LA18129-9	skos:closeMatch	0.75			
open-source	px_racial_ethnic_discrimination_survey	radio	pxrd51	2893	777	pxrd51_777	Prefer not to say		36311156		Prefer not to say	Meas Value	LOINC	Answer	S	LA28803-7	skos:exactMatch	1			
open-source	px_racial_ethnic_discrimination_survey	radio	pxrd51	2892	6	pxrd51_6	6 - Extremely stressful		36210124		Extremely bothersome	Meas Value	LOINC	Answer	S	LA27766-7	skos:closeMatch	1			
open-source	px_racial_ethnic_discrimination_survey	radio	pxrd51	2891	1	pxrd51_1	1 - Not at all stressful		36210226		Not at all bothersome	Meas Value	LOINC	Answer	S	LA24969-0	skos:closeMatch	1			
open-source	px_racial_ethnic_discrimination_survey	radio	pxrd50	2890	777	pxrd50_777	Prefer not to say		36311156		Prefer not to say	Meas Value	LOINC	Answer	S	LA28803-7	skos:exactMatch	1			
open-source	px_racial_ethnic_discrimination_survey	radio	pxrd50	2889	6	pxrd50_6	Almost all the time		45883838		All the time	Meas Value	LOINC	Answer	S	LA14726-6	skos:closeMatch	1			
open-source	px_racial_ethnic_discrimination_survey	radio	pxrd50	2888	5	pxrd50_5	Most of the time		45879199		Most of the time	Meas Value	LOINC	Answer	S	LA14734-0	skos:exactMatch	1			
open-source	px_racial_ethnic_discrimination_survey	radio	pxrd50	2887	4	pxrd50_4	A lot		45883539		A lot	Meas Value	LOINC	Answer	S	LA14468-5	skos:exactMatch	1			
open-source	px_racial_ethnic_discrimination_survey	radio	pxrd50	2886	3	pxrd50_3	Sometimes		45882528		Sometimes	Meas Value	LOINC	Answer	S	LA10082-8	skos:exactMatch	1			
open-source	px_racial_ethnic_discrimination_survey	radio	pxrd50	2885	2	pxrd50_2	Once in a while		45879593		Occasionally	Meas Value	LOINC	Answer	S	LA6483-7	skos:closeMatch	1			
open-source	px_racial_ethnic_discrimination_survey	radio	pxrd50	2884	1	pxrd50_1	Never		45876662		Never	Meas Value	LOINC	Answer	S	LA6270-8	skos:exactMatch	1			
open-source	px_racial_ethnic_discrimination_survey	radio	pxrd49	2883	777	pxrd49_777	Prefer not to say		36311156		Prefer not to say	Meas Value	LOINC	Answer	S	LA28803-7	skos:exactMatch	1			
open-source	px_racial_ethnic_discrimination_survey	radio	pxrd49	2882	6	pxrd49_6	Almost all the time		45883838		All the time	Meas Value	LOINC	Answer	S	LA14726-6	skos:closeMatch	1			
open-source	px_racial_ethnic_discrimination_survey	radio	pxrd49	2881	5	pxrd49_5	Most of the time		45879199		Most of the time	Meas Value	LOINC	Answer	S	LA14734-0	skos:exactMatch	1			
open-source	px_racial_ethnic_discrimination_survey	radio	pxrd49	2880	4	pxrd49_4	A lot		45883539		A lot	Meas Value	LOINC	Answer	S	LA14468-5	skos:exactMatch	1			
open-source	px_racial_ethnic_discrimination_survey	radio	pxrd49	2879	3	pxrd49_3	Sometimes		45882528		Sometimes	Meas Value	LOINC	Answer	S	LA10082-8	skos:exactMatch	1			
open-source	px_racial_ethnic_discrimination_survey	radio	pxrd49	2878	2	pxrd49_2	Once in a while		45879593		Occasionally	Meas Value	LOINC	Answer	S	LA6483-7	skos:closeMatch	1			
open-source	px_racial_ethnic_discrimination_survey	radio	pxrd49	2877	1	pxrd49_1	Never		45876662		Never	Meas Value	LOINC	Answer	S	LA6270-8	skos:exactMatch	1			
open-source	px_racial_ethnic_discrimination_survey	radio	pxrd48	2876	777	pxrd48_777	Prefer not to say		36311156		Prefer not to say	Meas Value	LOINC	Answer	S	LA28803-7	skos:exactMatch	1			
open-source	px_racial_ethnic_discrimination_survey	radio	pxrd48	2875	6	pxrd48_6	6 - Extremely stressful		36210124		Extremely bothersome	Meas Value	LOINC	Answer	S	LA27766-7	skos:closeMatch	1			
open-source	px_racial_ethnic_discrimination_survey	radio	pxrd48	2874	1	pxrd48_1	1 - Not at all stressful		36210226		Not at all bothersome	Meas Value	LOINC	Answer	S	LA24969-0	skos:closeMatch	1			
open-source	px_racial_ethnic_discrimination_survey	radio	pxrd47	2873	777	pxrd47_777	Prefer not to say		36311156		Prefer not to say	Meas Value	LOINC	Answer	S	LA28803-7	skos:exactMatch	1			
open-source	px_racial_ethnic_discrimination_survey	radio	pxrd47	2872	6	pxrd47_6	Almost all the time		45883838		All the time	Meas Value	LOINC	Answer	S	LA14726-6	skos:closeMatch	1			
open-source	px_racial_ethnic_discrimination_survey	radio	pxrd47	2871	5	pxrd47_5	Most of the time		45879199		Most of the time	Meas Value	LOINC	Answer	S	LA14734-0	skos:exactMatch	1			
open-source	px_racial_ethnic_discrimination_survey	radio	pxrd47	2870	4	pxrd47_4	A lot		45883539		A lot	Meas Value	LOINC	Answer	S	LA14468-5	skos:exactMatch	1			
open-source	px_racial_ethnic_discrimination_survey	radio	pxrd47	2869	3	pxrd47_3	Sometimes		45882528		Sometimes	Meas Value	LOINC	Answer	S	LA10082-8	skos:exactMatch	1			
open-source	px_racial_ethnic_discrimination_survey	radio	pxrd47	2868	2	pxrd47_2	Once in a while		45879593		Occasionally	Meas Value	LOINC	Answer	S	LA6483-7	skos:closeMatch	1			
open-source	px_racial_ethnic_discrimination_survey	radio	pxrd47	2867	1	pxrd47_1	Never		45876662		Never	Meas Value	LOINC	Answer	S	LA6270-8	skos:exactMatch	1			
open-source	px_racial_ethnic_discrimination_survey	radio	pxrd46	2866	777	pxrd46_777	Prefer not to say		36311156		Prefer not to say	Meas Value	LOINC	Answer	S	LA28803-7	skos:exactMatch	1			
open-source	px_racial_ethnic_discrimination_survey	radio	pxrd46	2865	6	pxrd46_6	Almost all the time		45883838		All the time	Meas Value	LOINC	Answer	S	LA14726-6	skos:closeMatch	1			
open-source	px_racial_ethnic_discrimination_survey	radio	pxrd46	2864	5	pxrd46_5	Most of the time		45879199		Most of the time	Meas Value	LOINC	Answer	S	LA14734-0	skos:exactMatch	1			
open-source	px_racial_ethnic_discrimination_survey	radio	pxrd46	2863	4	pxrd46_4	A lot		45883539		A lot	Meas Value	LOINC	Answer	S	LA14468-5	skos:exactMatch	1			
open-source	px_racial_ethnic_discrimination_survey	radio	pxrd46	2862	3	pxrd46_3	Sometimes		45882528		Sometimes	Meas Value	LOINC	Answer	S	LA10082-8	skos:exactMatch	1			
open-source	px_racial_ethnic_discrimination_survey	radio	pxrd46	2861	2	pxrd46_2	Once in a while		45879593		Occasionally	Meas Value	LOINC	Answer	S	LA6483-7	skos:closeMatch	1			
open-source	px_racial_ethnic_discrimination_survey	radio	pxrd46	2860	1	pxrd46_1	Never		45876662		Never	Meas Value	LOINC	Answer	S	LA6270-8	skos:exactMatch	1			
open-source	px_racial_ethnic_discrimination_survey	radio	pxrd45	2859	777	pxrd45_777	Prefer not to say		36311156		Prefer not to say	Meas Value	LOINC	Answer	S	LA28803-7	skos:exactMatch	1			
open-source	px_racial_ethnic_discrimination_survey	radio	pxrd45	2858	6	pxrd45_6	6 - Extremely stressful		36210124		Extremely bothersome	Meas Value	LOINC	Answer	S	LA27766-7	skos:closeMatch	1			
open-source	px_racial_ethnic_discrimination_survey	radio	pxrd45	2857	1	pxrd45_1	1 - Not at all stressful		36210226		Not at all bothersome	Meas Value	LOINC	Answer	S	LA24969-0	skos:closeMatch	1			
open-source	px_racial_ethnic_discrimination_survey	radio	pxrd44	2856	777	pxrd44_777	Prefer not to say		36311156		Prefer not to say	Meas Value	LOINC	Answer	S	LA28803-7	skos:exactMatch	1			
open-source	px_racial_ethnic_discrimination_survey	radio	pxrd44	2855	6	pxrd44_6	Almost all the time		45883838		All the time	Meas Value	LOINC	Answer	S	LA14726-6	skos:closeMatch	1			
open-source	px_racial_ethnic_discrimination_survey	radio	pxrd44	2854	5	pxrd44_5	Most of the time		45879199		Most of the time	Meas Value	LOINC	Answer	S	LA14734-0	skos:exactMatch	1			
open-source	px_racial_ethnic_discrimination_survey	radio	pxrd44	2853	4	pxrd44_4	A lot		45883539		A lot	Meas Value	LOINC	Answer	S	LA14468-5	skos:exactMatch	1			
open-source	px_racial_ethnic_discrimination_survey	radio	pxrd44	2852	3	pxrd44_3	Sometimes		45882528		Sometimes	Meas Value	LOINC	Answer	S	LA10082-8	skos:exactMatch	1			
open-source	px_racial_ethnic_discrimination_survey	radio	pxrd44	2851	2	pxrd44_2	Once in a while		45879593		Occasionally	Meas Value	LOINC	Answer	S	LA6483-7	skos:closeMatch	1			
open-source	px_racial_ethnic_discrimination_survey	radio	pxrd44	2850	1	pxrd44_1	Never		45876662		Never	Meas Value	LOINC	Answer	S	LA6270-8	skos:exactMatch	1			
open-source	px_racial_ethnic_discrimination_survey	radio	pxrd43	2849	777	pxrd43_777	Prefer not to say		36311156		Prefer not to say	Meas Value	LOINC	Answer	S	LA28803-7	skos:exactMatch	1			
open-source	px_racial_ethnic_discrimination_survey	radio	pxrd43	2848	6	pxrd43_6	Almost all the time		45883838		All the time	Meas Value	LOINC	Answer	S	LA14726-6	skos:closeMatch	1			
open-source	px_racial_ethnic_discrimination_survey	radio	pxrd43	2847	5	pxrd43_5	Most of the time		45879199		Most of the time	Meas Value	LOINC	Answer	S	LA14734-0	skos:exactMatch	1			
open-source	px_racial_ethnic_discrimination_survey	radio	pxrd43	2846	4	pxrd43_4	A lot		45883539		A lot	Meas Value	LOINC	Answer	S	LA14468-5	skos:exactMatch	1			
open-source	px_racial_ethnic_discrimination_survey	radio	pxrd43	2845	3	pxrd43_3	Sometimes		45882528		Sometimes	Meas Value	LOINC	Answer	S	LA10082-8	skos:exactMatch	1			
open-source	px_racial_ethnic_discrimination_survey	radio	pxrd43	2844	2	pxrd43_2	Once in a while		45879593		Occasionally	Meas Value	LOINC	Answer	S	LA6483-7	skos:closeMatch	1			
open-source	px_racial_ethnic_discrimination_survey	radio	pxrd43	2843	1	pxrd43_1	Never		45876662		Never	Meas Value	LOINC	Answer	S	LA6270-8	skos:exactMatch	1			
open-source	px_racial_ethnic_discrimination_survey	radio	pxrd42	2842	777	pxrd42_777	Prefer not to say		36311156		Prefer not to say	Meas Value	LOINC	Answer	S	LA28803-7	skos:exactMatch	1			
open-source	px_racial_ethnic_discrimination_survey	radio	pxrd42	2841	6	pxrd42_6	6 - Extremely stressful		36210124		Extremely bothersome	Meas Value	LOINC	Answer	S	LA27766-7	skos:closeMatch	1			
open-source	px_racial_ethnic_discrimination_survey	radio	pxrd42	2840	1	pxrd42_1	1 - Not at all stressful		36210226		Not at all bothersome	Meas Value	LOINC	Answer	S	LA24969-0	skos:closeMatch	1			
open-source	px_racial_ethnic_discrimination_survey	radio	pxrd41	2839	777	pxrd41_777	Prefer not to say		36311156		Prefer not to say	Meas Value	LOINC	Answer	S	LA28803-7	skos:exactMatch	1			
open-source	px_racial_ethnic_discrimination_survey	radio	pxrd41	2838	6	pxrd41_6	Almost all the time		45883838		All the time	Meas Value	LOINC	Answer	S	LA14726-6	skos:closeMatch	1			
open-source	px_racial_ethnic_discrimination_survey	radio	pxrd41	2837	5	pxrd41_5	Most of the time		45879199		Most of the time	Meas Value	LOINC	Answer	S	LA14734-0	skos:exactMatch	1			
open-source	px_racial_ethnic_discrimination_survey	radio	pxrd41	2836	4	pxrd41_4	A lot		45883539		A lot	Meas Value	LOINC	Answer	S	LA14468-5	skos:exactMatch	1			
open-source	px_racial_ethnic_discrimination_survey	radio	pxrd41	2835	3	pxrd41_3	Sometimes		45882528		Sometimes	Meas Value	LOINC	Answer	S	LA10082-8	skos:exactMatch	1			
open-source	px_racial_ethnic_discrimination_survey	radio	pxrd41	2834	2	pxrd41_2	Once in a while		45879593		Occasionally	Meas Value	LOINC	Answer	S	LA6483-7	skos:closeMatch	1			
open-source	px_racial_ethnic_discrimination_survey	radio	pxrd41	2833	1	pxrd41_1	Never		45876662		Never	Meas Value	LOINC	Answer	S	LA6270-8	skos:exactMatch	1			
open-source	px_racial_ethnic_discrimination_survey	radio	pxrd40	2832	777	pxrd40_777	Prefer not to say		36311156		Prefer not to say	Meas Value	LOINC	Answer	S	LA28803-7	skos:exactMatch	1			
open-source	px_racial_ethnic_discrimination_survey	radio	pxrd40	2831	6	pxrd40_6	Almost all the time		45883838		All the time	Meas Value	LOINC	Answer	S	LA14726-6	skos:closeMatch	1			
open-source	px_racial_ethnic_discrimination_survey	radio	pxrd40	2830	5	pxrd40_5	Most of the time		45879199		Most of the time	Meas Value	LOINC	Answer	S	LA14734-0	skos:exactMatch	1			
open-source	px_racial_ethnic_discrimination_survey	radio	pxrd40	2829	4	pxrd40_4	A lot		45883539		A lot	Meas Value	LOINC	Answer	S	LA14468-5	skos:exactMatch	1			
open-source	px_racial_ethnic_discrimination_survey	radio	pxrd40	2828	3	pxrd40_3	Sometimes		45882528		Sometimes	Meas Value	LOINC	Answer	S	LA10082-8	skos:exactMatch	1			
open-source	px_racial_ethnic_discrimination_survey	radio	pxrd40	2827	2	pxrd40_2	Once in a while		45879593		Occasionally	Meas Value	LOINC	Answer	S	LA6483-7	skos:closeMatch	1			
open-source	px_racial_ethnic_discrimination_survey	radio	pxrd40	2826	1	pxrd40_1	Never		45876662		Never	Meas Value	LOINC	Answer	S	LA6270-8	skos:exactMatch	1			
open-source	px_racial_ethnic_discrimination_survey	radio	pxrd39	2825	777	pxrd39_777	Prefer not to say		36311156		Prefer not to say	Meas Value	LOINC	Answer	S	LA28803-7	skos:exactMatch	1			
open-source	px_racial_ethnic_discrimination_survey	radio	pxrd39	2824	6	pxrd39_6	6 - Extremely stressful		36210124		Extremely bothersome	Meas Value	LOINC	Answer	S	LA27766-7	skos:closeMatch	1			
open-source	px_racial_ethnic_discrimination_survey	radio	pxrd39	2823	1	pxrd39_1	1 - Not at all stressful		36210226		Not at all bothersome	Meas Value	LOINC	Answer	S	LA24969-0	skos:closeMatch	1			
open-source	px_racial_ethnic_discrimination_survey	radio	pxrd38	2822	777	pxrd38_777	Prefer not to say		36311156		Prefer not to say	Meas Value	LOINC	Answer	S	LA28803-7	skos:exactMatch	1			
open-source	px_racial_ethnic_discrimination_survey	radio	pxrd38	2821	6	pxrd38_6	Almost all the time		45883838		All the time	Meas Value	LOINC	Answer	S	LA14726-6	skos:closeMatch	1			
open-source	px_racial_ethnic_discrimination_survey	radio	pxrd38	2820	5	pxrd38_5	Most of the time		45879199		Most of the time	Meas Value	LOINC	Answer	S	LA14734-0	skos:exactMatch	1			
open-source	px_racial_ethnic_discrimination_survey	radio	pxrd38	2819	4	pxrd38_4	A lot		45883539		A lot	Meas Value	LOINC	Answer	S	LA14468-5	skos:exactMatch	1			
open-source	px_racial_ethnic_discrimination_survey	radio	pxrd38	2818	3	pxrd38_3	Sometimes		45882528		Sometimes	Meas Value	LOINC	Answer	S	LA10082-8	skos:exactMatch	1			
open-source	px_racial_ethnic_discrimination_survey	radio	pxrd38	2817	2	pxrd38_2	Once in a while		45879593		Occasionally	Meas Value	LOINC	Answer	S	LA6483-7	skos:closeMatch	1			
open-source	px_racial_ethnic_discrimination_survey	radio	pxrd38	2816	1	pxrd38_1	Never		45876662		Never	Meas Value	LOINC	Answer	S	LA6270-8	skos:exactMatch	1			
open-source	px_racial_ethnic_discrimination_survey	radio	pxrd37	2815	777	pxrd37_777	Prefer not to say		36311156		Prefer not to say	Meas Value	LOINC	Answer	S	LA28803-7	skos:exactMatch	1			
open-source	px_racial_ethnic_discrimination_survey	radio	pxrd37	2814	6	pxrd37_6	Almost all the time		45883838		All the time	Meas Value	LOINC	Answer	S	LA14726-6	skos:closeMatch	1			
open-source	px_racial_ethnic_discrimination_survey	radio	pxrd37	2813	5	pxrd37_5	Most of the time		45879199		Most of the time	Meas Value	LOINC	Answer	S	LA14734-0	skos:exactMatch	1			
open-source	px_racial_ethnic_discrimination_survey	radio	pxrd37	2812	4	pxrd37_4	A lot		45883539		A lot	Meas Value	LOINC	Answer	S	LA14468-5	skos:exactMatch	1			
open-source	px_racial_ethnic_discrimination_survey	radio	pxrd37	2811	3	pxrd37_3	Sometimes		45882528		Sometimes	Meas Value	LOINC	Answer	S	LA10082-8	skos:exactMatch	1			
open-source	px_racial_ethnic_discrimination_survey	radio	pxrd37	2810	2	pxrd37_2	Once in a while		45879593		Occasionally	Meas Value	LOINC	Answer	S	LA6483-7	skos:closeMatch	1			
open-source	px_racial_ethnic_discrimination_survey	radio	pxrd37	2809	1	pxrd37_1	Never		45876662		Never	Meas Value	LOINC	Answer	S	LA6270-8	skos:exactMatch	1			
open-source	px_racial_ethnic_discrimination_survey	radio	pxrd36	2808	777	pxrd36_777	Prefer not to say		36311156		Prefer not to say	Meas Value	LOINC	Answer	S	LA28803-7	skos:exactMatch	1			
open-source	px_racial_ethnic_discrimination_survey	radio	pxrd36	2807	6	pxrd36_6	6 - Extremely stressful		36210124		Extremely bothersome	Meas Value	LOINC	Answer	S	LA27766-7	skos:closeMatch	1			
open-source	px_racial_ethnic_discrimination_survey	radio	pxrd36	2806	1	pxrd36_1	1 - Not at all stressful		36210226		Not at all bothersome	Meas Value	LOINC	Answer	S	LA24969-0	skos:closeMatch	1			
open-source	px_racial_ethnic_discrimination_survey	radio	pxrd35	2805	777	pxrd35_777	Prefer not to say		36311156		Prefer not to say	Meas Value	LOINC	Answer	S	LA28803-7	skos:exactMatch	1			
open-source	px_racial_ethnic_discrimination_survey	radio	pxrd35	2804	6	pxrd35_6	Almost all the time		45883838		All the time	Meas Value	LOINC	Answer	S	LA14726-6	skos:closeMatch	1			
open-source	px_racial_ethnic_discrimination_survey	radio	pxrd35	2803	5	pxrd35_5	Most of the time		45879199		Most of the time	Meas Value	LOINC	Answer	S	LA14734-0	skos:exactMatch	1			
open-source	px_racial_ethnic_discrimination_survey	radio	pxrd35	2802	4	pxrd35_4	A lot		45883539		A lot	Meas Value	LOINC	Answer	S	LA14468-5	skos:exactMatch	1			
open-source	px_racial_ethnic_discrimination_survey	radio	pxrd35	2801	3	pxrd35_3	Sometimes		45882528		Sometimes	Meas Value	LOINC	Answer	S	LA10082-8	skos:exactMatch	1			
open-source	px_racial_ethnic_discrimination_survey	radio	pxrd35	2800	2	pxrd35_2	Once in a while		45879593		Occasionally	Meas Value	LOINC	Answer	S	LA6483-7	skos:closeMatch	1			
open-source	px_racial_ethnic_discrimination_survey	radio	pxrd35	2799	1	pxrd35_1	Never		45876662		Never	Meas Value	LOINC	Answer	S	LA6270-8	skos:exactMatch	1			
open-source	px_racial_ethnic_discrimination_survey	radio	pxrd34	2798	777	pxrd34_777	Prefer not to say		36311156		Prefer not to say	Meas Value	LOINC	Answer	S	LA28803-7	skos:exactMatch	1			
open-source	px_racial_ethnic_discrimination_survey	radio	pxrd34	2797	6	pxrd34_6	Almost all the time		45883838		All the time	Meas Value	LOINC	Answer	S	LA14726-6	skos:closeMatch	1			
open-source	px_racial_ethnic_discrimination_survey	radio	pxrd34	2796	5	pxrd34_5	Most of the time		45879199		Most of the time	Meas Value	LOINC	Answer	S	LA14734-0	skos:exactMatch	1			
open-source	px_racial_ethnic_discrimination_survey	radio	pxrd34	2795	4	pxrd34_4	A lot		45883539		A lot	Meas Value	LOINC	Answer	S	LA14468-5	skos:exactMatch	1			
open-source	px_racial_ethnic_discrimination_survey	radio	pxrd34	2794	3	pxrd34_3	Sometimes		45882528		Sometimes	Meas Value	LOINC	Answer	S	LA10082-8	skos:exactMatch	1			
open-source	px_racial_ethnic_discrimination_survey	radio	pxrd34	2793	2	pxrd34_2	Once in a while		45879593		Occasionally	Meas Value	LOINC	Answer	S	LA6483-7	skos:closeMatch	1			
open-source	px_racial_ethnic_discrimination_survey	radio	pxrd34	2792	1	pxrd34_1	Never		45876662		Never	Meas Value	LOINC	Answer	S	LA6270-8	skos:exactMatch	1			
open-source	px_racial_ethnic_discrimination_survey	radio	pxrd33	2791	777	pxrd33_777	Prefer not to say		36311156		Prefer not to say	Meas Value	LOINC	Answer	S	LA28803-7	skos:exactMatch	1			
open-source	px_racial_ethnic_discrimination_survey	radio	pxrd33	2790	6	pxrd33_6	6 - Extremely stressful		36210124		Extremely bothersome	Meas Value	LOINC	Answer	S	LA27766-7	skos:closeMatch	1			
open-source	px_racial_ethnic_discrimination_survey	radio	pxrd33	2789	1	pxrd33_1	1 - Not at all stressful		36210226		Not at all bothersome	Meas Value	LOINC	Answer	S	LA24969-0	skos:closeMatch	1			
open-source	px_racial_ethnic_discrimination_survey	radio	pxrd32	2788	777	pxrd32_777	Prefer not to say		36311156		Prefer not to say	Meas Value	LOINC	Answer	S	LA28803-7	skos:exactMatch	1			
open-source	px_racial_ethnic_discrimination_survey	radio	pxrd32	2787	6	pxrd32_6	Almost all the time		45883838		All the time	Meas Value	LOINC	Answer	S	LA14726-6	skos:closeMatch	1			
open-source	px_racial_ethnic_discrimination_survey	radio	pxrd32	2786	5	pxrd32_5	Most of the time		45879199		Most of the time	Meas Value	LOINC	Answer	S	LA14734-0	skos:exactMatch	1			
open-source	px_racial_ethnic_discrimination_survey	radio	pxrd32	2785	4	pxrd32_4	A lot		45883539		A lot	Meas Value	LOINC	Answer	S	LA14468-5	skos:exactMatch	1			
open-source	px_racial_ethnic_discrimination_survey	radio	pxrd32	2784	3	pxrd32_3	Sometimes		45882528		Sometimes	Meas Value	LOINC	Answer	S	LA10082-8	skos:exactMatch	1			
open-source	px_racial_ethnic_discrimination_survey	radio	pxrd32	2783	2	pxrd32_2	Once in a while		45879593		Occasionally	Meas Value	LOINC	Answer	S	LA6483-7	skos:closeMatch	1			
open-source	px_racial_ethnic_discrimination_survey	radio	pxrd32	2782	1	pxrd32_1	Never		45876662		Never	Meas Value	LOINC	Answer	S	LA6270-8	skos:exactMatch	1			
open-source	px_racial_ethnic_discrimination_survey	radio	pxrd31	2781	777	pxrd31_777	Prefer not to say		36311156		Prefer not to say	Meas Value	LOINC	Answer	S	LA28803-7	skos:exactMatch	1			
open-source	px_racial_ethnic_discrimination_survey	radio	pxrd31	2780	6	pxrd31_6	Almost all the time		45883838		All the time	Meas Value	LOINC	Answer	S	LA14726-6	skos:closeMatch	1			
open-source	px_racial_ethnic_discrimination_survey	radio	pxrd31	2779	5	pxrd31_5	Most of the time		45879199		Most of the time	Meas Value	LOINC	Answer	S	LA14734-0	skos:exactMatch	1			
open-source	px_racial_ethnic_discrimination_survey	radio	pxrd31	2778	4	pxrd31_4	A lot		45883539		A lot	Meas Value	LOINC	Answer	S	LA14468-5	skos:exactMatch	1			
open-source	px_racial_ethnic_discrimination_survey	radio	pxrd31	2777	3	pxrd31_3	Sometimes		45882528		Sometimes	Meas Value	LOINC	Answer	S	LA10082-8	skos:exactMatch	1			
open-source	px_racial_ethnic_discrimination_survey	radio	pxrd31	2776	2	pxrd31_2	Once in a while		45879593		Occasionally	Meas Value	LOINC	Answer	S	LA6483-7	skos:closeMatch	1			
open-source	px_racial_ethnic_discrimination_survey	radio	pxrd31	2775	1	pxrd31_1	Never		45876662		Never	Meas Value	LOINC	Answer	S	LA6270-8	skos:exactMatch	1			
open-source	px_racial_ethnic_discrimination_survey	radio	pxrd30	2774	777	pxrd30_777	Prefer not to say		36311156		Prefer not to say	Meas Value	LOINC	Answer	S	LA28803-7	skos:exactMatch	1			
open-source	px_racial_ethnic_discrimination_survey	radio	pxrd30	2773	6	pxrd30_6	6 - Extremely stressful		36210124		Extremely bothersome	Meas Value	LOINC	Answer	S	LA27766-7	skos:closeMatch	1			
open-source	px_racial_ethnic_discrimination_survey	radio	pxrd30	2772	1	pxrd30_1	1 - Not at all stressful		36210226		Not at all bothersome	Meas Value	LOINC	Answer	S	LA24969-0	skos:closeMatch	1			
open-source	px_racial_ethnic_discrimination_survey	radio	pxrd29	2771	777	pxrd29_777	Prefer not to say		36311156		Prefer not to say	Meas Value	LOINC	Answer	S	LA28803-7	skos:exactMatch	1			
open-source	px_racial_ethnic_discrimination_survey	radio	pxrd29	2770	6	pxrd29_6	Almost all the time		45883838		All the time	Meas Value	LOINC	Answer	S	LA14726-6	skos:closeMatch	1			
open-source	px_racial_ethnic_discrimination_survey	radio	pxrd29	2769	5	pxrd29_5	Most of the time		45879199		Most of the time	Meas Value	LOINC	Answer	S	LA14734-0	skos:exactMatch	1			
open-source	px_racial_ethnic_discrimination_survey	radio	pxrd29	2768	4	pxrd29_4	A lot		45883539		A lot	Meas Value	LOINC	Answer	S	LA14468-5	skos:exactMatch	1			
open-source	px_racial_ethnic_discrimination_survey	radio	pxrd29	2767	3	pxrd29_3	Sometimes		45882528		Sometimes	Meas Value	LOINC	Answer	S	LA10082-8	skos:exactMatch	1			
open-source	px_racial_ethnic_discrimination_survey	radio	pxrd29	2766	2	pxrd29_2	Once in a while		45879593		Occasionally	Meas Value	LOINC	Answer	S	LA6483-7	skos:closeMatch	1			
open-source	px_racial_ethnic_discrimination_survey	radio	pxrd29	2765	1	pxrd29_1	Never		45876662		Never	Meas Value	LOINC	Answer	S	LA6270-8	skos:exactMatch	1			
open-source	px_racial_ethnic_discrimination_survey	radio	pxrd28	2764	777	pxrd28_777	Prefer not to say		36311156		Prefer not to say	Meas Value	LOINC	Answer	S	LA28803-7	skos:exactMatch	1			
open-source	px_racial_ethnic_discrimination_survey	radio	pxrd28	2763	6	pxrd28_6	Almost all the time		45883838		All the time	Meas Value	LOINC	Answer	S	LA14726-6	skos:closeMatch	1			
open-source	px_racial_ethnic_discrimination_survey	radio	pxrd28	2762	5	pxrd28_5	Most of the time		45879199		Most of the time	Meas Value	LOINC	Answer	S	LA14734-0	skos:exactMatch	1			
open-source	px_racial_ethnic_discrimination_survey	radio	pxrd28	2761	4	pxrd28_4	A lot		45883539		A lot	Meas Value	LOINC	Answer	S	LA14468-5	skos:exactMatch	1			
open-source	px_racial_ethnic_discrimination_survey	radio	pxrd28	2760	3	pxrd28_3	Sometimes		45882528		Sometimes	Meas Value	LOINC	Answer	S	LA10082-8	skos:exactMatch	1			
open-source	px_racial_ethnic_discrimination_survey	radio	pxrd28	2759	2	pxrd28_2	Once in a while		45879593		Occasionally	Meas Value	LOINC	Answer	S	LA6483-7	skos:closeMatch	1			
open-source	px_racial_ethnic_discrimination_survey	radio	pxrd28	2758	1	pxrd28_1	Never		45876662		Never	Meas Value	LOINC	Answer	S	LA6270-8	skos:exactMatch	1			
open-source	px_racial_ethnic_discrimination_survey	radio	pxrd27	2757	777	pxrd27_777	Prefer not to say		36311156		Prefer not to say	Meas Value	LOINC	Answer	S	LA28803-7	skos:exactMatch	1			
open-source	px_racial_ethnic_discrimination_survey	radio	pxrd27	2756	6	pxrd27_6	6 - Extremely stressful		36210124		Extremely bothersome	Meas Value	LOINC	Answer	S	LA27766-7	skos:closeMatch	1			
open-source	px_racial_ethnic_discrimination_survey	radio	pxrd27	2755	1	pxrd27_1	1 - Not at all stressful		36210226		Not at all bothersome	Meas Value	LOINC	Answer	S	LA24969-0	skos:closeMatch	1			
open-source	px_racial_ethnic_discrimination_survey	radio	pxrd26	2754	777	pxrd26_777	Prefer not to say		36311156		Prefer not to say	Meas Value	LOINC	Answer	S	LA28803-7	skos:exactMatch	1			
open-source	px_racial_ethnic_discrimination_survey	radio	pxrd26	2753	6	pxrd26_6	Almost all the time		45883838		All the time	Meas Value	LOINC	Answer	S	LA14726-6	skos:closeMatch	1			
open-source	px_racial_ethnic_discrimination_survey	radio	pxrd26	2752	5	pxrd26_5	Most of the time		45879199		Most of the time	Meas Value	LOINC	Answer	S	LA14734-0	skos:exactMatch	1			
open-source	px_racial_ethnic_discrimination_survey	radio	pxrd26	2751	4	pxrd26_4	A lot		45883539		A lot	Meas Value	LOINC	Answer	S	LA14468-5	skos:exactMatch	1			
open-source	px_racial_ethnic_discrimination_survey	radio	pxrd26	2750	3	pxrd26_3	Sometimes		45882528		Sometimes	Meas Value	LOINC	Answer	S	LA10082-8	skos:exactMatch	1			
open-source	px_racial_ethnic_discrimination_survey	radio	pxrd26	2749	2	pxrd26_2	Once in a while		45879593		Occasionally	Meas Value	LOINC	Answer	S	LA6483-7	skos:closeMatch	1			
open-source	px_racial_ethnic_discrimination_survey	radio	pxrd26	2748	1	pxrd26_1	Never		45876662		Never	Meas Value	LOINC	Answer	S	LA6270-8	skos:exactMatch	1			
open-source	px_racial_ethnic_discrimination_survey	radio	pxrd25	2747	777	pxrd25_777	Prefer not to say		36311156		Prefer not to say	Meas Value	LOINC	Answer	S	LA28803-7	skos:exactMatch	1			
open-source	px_racial_ethnic_discrimination_survey	radio	pxrd25	2746	6	pxrd25_6	Almost all the time		45883838		All the time	Meas Value	LOINC	Answer	S	LA14726-6	skos:closeMatch	1			
open-source	px_racial_ethnic_discrimination_survey	radio	pxrd25	2745	5	pxrd25_5	Most of the time		45879199		Most of the time	Meas Value	LOINC	Answer	S	LA14734-0	skos:exactMatch	1			
open-source	px_racial_ethnic_discrimination_survey	radio	pxrd25	2744	4	pxrd25_4	A lot		45883539		A lot	Meas Value	LOINC	Answer	S	LA14468-5	skos:exactMatch	1			
open-source	px_racial_ethnic_discrimination_survey	radio	pxrd25	2743	3	pxrd25_3	Sometimes		45882528		Sometimes	Meas Value	LOINC	Answer	S	LA10082-8	skos:exactMatch	1			
open-source	px_racial_ethnic_discrimination_survey	radio	pxrd25	2742	2	pxrd25_2	Once in a while		45879593		Occasionally	Meas Value	LOINC	Answer	S	LA6483-7	skos:closeMatch	1			
open-source	px_racial_ethnic_discrimination_survey	radio	pxrd25	2741	1	pxrd25_1	Never		45876662		Never	Meas Value	LOINC	Answer	S	LA6270-8	skos:exactMatch	1			
open-source	px_racial_ethnic_discrimination_survey	radio	pxrd24	2740	777	pxrd24_777	Prefer not to say		36311156		Prefer not to say	Meas Value	LOINC	Answer	S	LA28803-7	skos:exactMatch	1			
open-source	px_racial_ethnic_discrimination_survey	radio	pxrd24	2739	6	pxrd24_6	6 - Extremely stressful		36210124		Extremely bothersome	Meas Value	LOINC	Answer	S	LA27766-7	skos:closeMatch	1			
open-source	px_racial_ethnic_discrimination_survey	radio	pxrd24	2738	1	pxrd24_1	1 - Not at all stressful		36210226		Not at all bothersome	Meas Value	LOINC	Answer	S	LA24969-0	skos:closeMatch	1			
open-source	px_racial_ethnic_discrimination_survey	radio	pxrd23	2737	777	pxrd23_777	Prefer not to say		36311156		Prefer not to say	Meas Value	LOINC	Answer	S	LA28803-7	skos:exactMatch	1			
open-source	px_racial_ethnic_discrimination_survey	radio	pxrd23	2736	6	pxrd23_6	Almost all the time		45883838		All the time	Meas Value	LOINC	Answer	S	LA14726-6	skos:closeMatch	1			
open-source	px_racial_ethnic_discrimination_survey	radio	pxrd23	2735	5	pxrd23_5	Most of the time		45879199		Most of the time	Meas Value	LOINC	Answer	S	LA14734-0	skos:exactMatch	1			
open-source	px_racial_ethnic_discrimination_survey	radio	pxrd23	2734	4	pxrd23_4	A lot		45883539		A lot	Meas Value	LOINC	Answer	S	LA14468-5	skos:exactMatch	1			
open-source	px_racial_ethnic_discrimination_survey	radio	pxrd23	2733	3	pxrd23_3	Sometimes		45882528		Sometimes	Meas Value	LOINC	Answer	S	LA10082-8	skos:exactMatch	1			
open-source	px_racial_ethnic_discrimination_survey	radio	pxrd23	2732	2	pxrd23_2	Once in a while		45879593		Occasionally	Meas Value	LOINC	Answer	S	LA6483-7	skos:closeMatch	1			
open-source	px_racial_ethnic_discrimination_survey	radio	pxrd23	2731	1	pxrd23_1	Never		45876662		Never	Meas Value	LOINC	Answer	S	LA6270-8	skos:exactMatch	1			
open-source	px_racial_ethnic_discrimination_survey	radio	pxrd22	2730	777	pxrd22_777	Prefer not to say		36311156		Prefer not to say	Meas Value	LOINC	Answer	S	LA28803-7	skos:exactMatch	1			
open-source	px_racial_ethnic_discrimination_survey	radio	pxrd22	2729	6	pxrd22_6	Almost all the time		45883838		All the time	Meas Value	LOINC	Answer	S	LA14726-6	skos:closeMatch	1			
open-source	px_racial_ethnic_discrimination_survey	radio	pxrd22	2728	5	pxrd22_5	Most of the time		45879199		Most of the time	Meas Value	LOINC	Answer	S	LA14734-0	skos:exactMatch	1			
open-source	px_racial_ethnic_discrimination_survey	radio	pxrd22	2727	4	pxrd22_4	A lot		45883539		A lot	Meas Value	LOINC	Answer	S	LA14468-5	skos:exactMatch	1			
open-source	px_racial_ethnic_discrimination_survey	radio	pxrd22	2726	3	pxrd22_3	Sometimes		45882528		Sometimes	Meas Value	LOINC	Answer	S	LA10082-8	skos:exactMatch	1			
open-source	px_racial_ethnic_discrimination_survey	radio	pxrd22	2725	2	pxrd22_2	Once in a while		45879593		Occasionally	Meas Value	LOINC	Answer	S	LA6483-7	skos:closeMatch	1			
open-source	px_racial_ethnic_discrimination_survey	radio	pxrd22	2724	1	pxrd22_1	Never		45876662		Never	Meas Value	LOINC	Answer	S	LA6270-8	skos:exactMatch	1			
open-source	px_racial_ethnic_discrimination_survey	radio	pxrd21	2723	777	pxrd21_777	Prefer not to say		36311156		Prefer not to say	Meas Value	LOINC	Answer	S	LA28803-7	skos:exactMatch	1			
open-source	px_racial_ethnic_discrimination_survey	radio	pxrd21	2722	6	pxrd21_6	6 - Extremely stressful		36210124		Extremely bothersome	Meas Value	LOINC	Answer	S	LA27766-7	skos:closeMatch	1			
open-source	px_racial_ethnic_discrimination_survey	radio	pxrd21	2721	1	pxrd21_1	1 - Not at all stressful		36210226		Not at all bothersome	Meas Value	LOINC	Answer	S	LA24969-0	skos:closeMatch	1			
open-source	px_racial_ethnic_discrimination_survey	radio	pxrd20	2720	777	pxrd20_777	Prefer not to say		36311156		Prefer not to say	Meas Value	LOINC	Answer	S	LA28803-7	skos:exactMatch	1			
open-source	px_racial_ethnic_discrimination_survey	radio	pxrd20	2719	6	pxrd20_6	Almost all the time		45883838		All the time	Meas Value	LOINC	Answer	S	LA14726-6	skos:closeMatch	1			
open-source	px_racial_ethnic_discrimination_survey	radio	pxrd20	2718	5	pxrd20_5	Most of the time		45879199		Most of the time	Meas Value	LOINC	Answer	S	LA14734-0	skos:exactMatch	1			
open-source	px_racial_ethnic_discrimination_survey	radio	pxrd20	2717	4	pxrd20_4	A lot		45883539		A lot	Meas Value	LOINC	Answer	S	LA14468-5	skos:exactMatch	1			
open-source	px_racial_ethnic_discrimination_survey	radio	pxrd20	2716	3	pxrd20_3	Sometimes		45882528		Sometimes	Meas Value	LOINC	Answer	S	LA10082-8	skos:exactMatch	1			
open-source	px_racial_ethnic_discrimination_survey	radio	pxrd20	2715	2	pxrd20_2	Once in a while		45879593		Occasionally	Meas Value	LOINC	Answer	S	LA6483-7	skos:closeMatch	1			
open-source	px_racial_ethnic_discrimination_survey	radio	pxrd20	2714	1	pxrd20_1	Never		45876662		Never	Meas Value	LOINC	Answer	S	LA6270-8	skos:exactMatch	1			
open-source	px_racial_ethnic_discrimination_survey	radio	pxrd19	2713	777	pxrd19_777	Prefer not to say		36311156		Prefer not to say	Meas Value	LOINC	Answer	S	LA28803-7	skos:exactMatch	1			
open-source	px_racial_ethnic_discrimination_survey	radio	pxrd19	2712	6	pxrd19_6	Almost all the time		45883838		All the time	Meas Value	LOINC	Answer	S	LA14726-6	skos:closeMatch	1			
open-source	px_racial_ethnic_discrimination_survey	radio	pxrd19	2711	5	pxrd19_5	Most of the time		45879199		Most of the time	Meas Value	LOINC	Answer	S	LA14734-0	skos:exactMatch	1			
open-source	px_racial_ethnic_discrimination_survey	radio	pxrd19	2710	4	pxrd19_4	A lot		45883539		A lot	Meas Value	LOINC	Answer	S	LA14468-5	skos:exactMatch	1			
open-source	px_racial_ethnic_discrimination_survey	radio	pxrd19	2709	3	pxrd19_3	Sometimes		45882528		Sometimes	Meas Value	LOINC	Answer	S	LA10082-8	skos:exactMatch	1			
open-source	px_racial_ethnic_discrimination_survey	radio	pxrd19	2708	2	pxrd19_2	Once in a while		45879593		Occasionally	Meas Value	LOINC	Answer	S	LA6483-7	skos:closeMatch	1			
open-source	px_racial_ethnic_discrimination_survey	radio	pxrd19	2707	1	pxrd19_1	Never		45876662		Never	Meas Value	LOINC	Answer	S	LA6270-8	skos:exactMatch	1			
open-source	px_racial_ethnic_discrimination_survey	radio	pxrd18	2706	777	pxrd18_777	Prefer not to say		36311156		Prefer not to say	Meas Value	LOINC	Answer	S	LA28803-7	skos:exactMatch	1			
open-source	px_racial_ethnic_discrimination_survey	radio	pxrd18	2705	6	pxrd18_6	6 - Extremely stressful		36210124		Extremely bothersome	Meas Value	LOINC	Answer	S	LA27766-7	skos:closeMatch	1			
open-source	px_racial_ethnic_discrimination_survey	radio	pxrd18	2704	1	pxrd18_1	1 - Not at all stressful		36210226		Not at all bothersome	Meas Value	LOINC	Answer	S	LA24969-0	skos:closeMatch	1			
open-source	px_racial_ethnic_discrimination_survey	radio	pxrd17	2703	777	pxrd17_777	Prefer not to say		36311156		Prefer not to say	Meas Value	LOINC	Answer	S	LA28803-7	skos:exactMatch	1			
open-source	px_racial_ethnic_discrimination_survey	radio	pxrd17	2702	6	pxrd17_6	Almost all the time		45883838		All the time	Meas Value	LOINC	Answer	S	LA14726-6	skos:closeMatch	1			
open-source	px_racial_ethnic_discrimination_survey	radio	pxrd17	2701	5	pxrd17_5	Most of the time		45879199		Most of the time	Meas Value	LOINC	Answer	S	LA14734-0	skos:exactMatch	1			
open-source	px_racial_ethnic_discrimination_survey	radio	pxrd17	2700	4	pxrd17_4	A lot		45883539		A lot	Meas Value	LOINC	Answer	S	LA14468-5	skos:exactMatch	1			
open-source	px_racial_ethnic_discrimination_survey	radio	pxrd17	2699	3	pxrd17_3	Sometimes		45882528		Sometimes	Meas Value	LOINC	Answer	S	LA10082-8	skos:exactMatch	1			
open-source	px_racial_ethnic_discrimination_survey	radio	pxrd17	2698	2	pxrd17_2	Once in a while		45879593		Occasionally	Meas Value	LOINC	Answer	S	LA6483-7	skos:closeMatch	1			
open-source	px_racial_ethnic_discrimination_survey	radio	pxrd17	2697	1	pxrd17_1	Never		45876662		Never	Meas Value	LOINC	Answer	S	LA6270-8	skos:exactMatch	1			
open-source	px_racial_ethnic_discrimination_survey	radio	pxrd16	2696	777	pxrd16_777	Prefer not to say		36311156		Prefer not to say	Meas Value	LOINC	Answer	S	LA28803-7	skos:exactMatch	1			
open-source	px_racial_ethnic_discrimination_survey	radio	pxrd16	2695	6	pxrd16_6	Almost all the time		45883838		All the time	Meas Value	LOINC	Answer	S	LA14726-6	skos:closeMatch	1			
open-source	px_racial_ethnic_discrimination_survey	radio	pxrd16	2694	5	pxrd16_5	Most of the time		45879199		Most of the time	Meas Value	LOINC	Answer	S	LA14734-0	skos:exactMatch	1			
open-source	px_racial_ethnic_discrimination_survey	radio	pxrd16	2693	4	pxrd16_4	A lot		45883539		A lot	Meas Value	LOINC	Answer	S	LA14468-5	skos:exactMatch	1			
open-source	px_racial_ethnic_discrimination_survey	radio	pxrd16	2692	3	pxrd16_3	Sometimes		45882528		Sometimes	Meas Value	LOINC	Answer	S	LA10082-8	skos:exactMatch	1			
open-source	px_racial_ethnic_discrimination_survey	radio	pxrd16	2691	2	pxrd16_2	Once in a while		45879593		Occasionally	Meas Value	LOINC	Answer	S	LA6483-7	skos:closeMatch	1			
open-source	px_racial_ethnic_discrimination_survey	radio	pxrd16	2690	1	pxrd16_1	Never		45876662		Never	Meas Value	LOINC	Answer	S	LA6270-8	skos:exactMatch	1			
open-source	px_racial_ethnic_discrimination_survey	radio	pxrd15	2689	777	pxrd15_777	Prefer not to say		36311156		Prefer not to say	Meas Value	LOINC	Answer	S	LA28803-7	skos:exactMatch	1			
open-source	px_racial_ethnic_discrimination_survey	radio	pxrd15	2688	6	pxrd15_6	6 - Extremely stressful		36210124		Extremely bothersome	Meas Value	LOINC	Answer	S	LA27766-7	skos:closeMatch	1			
open-source	px_racial_ethnic_discrimination_survey	radio	pxrd15	2687	1	pxrd15_1	1 - Not at all stressful		36210226		Not at all bothersome	Meas Value	LOINC	Answer	S	LA24969-0	skos:closeMatch	1			
open-source	px_racial_ethnic_discrimination_survey	radio	pxrd14	2686	777	pxrd14_777	Prefer not to say		36311156		Prefer not to say	Meas Value	LOINC	Answer	S	LA28803-7	skos:exactMatch	1			
open-source	px_racial_ethnic_discrimination_survey	radio	pxrd14	2685	6	pxrd14_6	Almost all the time		45883838		All the time	Meas Value	LOINC	Answer	S	LA14726-6	skos:closeMatch	1			
open-source	px_racial_ethnic_discrimination_survey	radio	pxrd14	2684	5	pxrd14_5	Most of the time		45879199		Most of the time	Meas Value	LOINC	Answer	S	LA14734-0	skos:exactMatch	1			
open-source	px_racial_ethnic_discrimination_survey	radio	pxrd14	2683	4	pxrd14_4	A lot		45883539		A lot	Meas Value	LOINC	Answer	S	LA14468-5	skos:exactMatch	1			
open-source	px_racial_ethnic_discrimination_survey	radio	pxrd14	2682	3	pxrd14_3	Sometimes		45882528		Sometimes	Meas Value	LOINC	Answer	S	LA10082-8	skos:exactMatch	1			
open-source	px_racial_ethnic_discrimination_survey	radio	pxrd14	2681	2	pxrd14_2	Once in a while		45879593		Occasionally	Meas Value	LOINC	Answer	S	LA6483-7	skos:closeMatch	1			
open-source	px_racial_ethnic_discrimination_survey	radio	pxrd14	2680	1	pxrd14_1	Never		45876662		Never	Meas Value	LOINC	Answer	S	LA6270-8	skos:exactMatch	1			
open-source	px_racial_ethnic_discrimination_survey	radio	pxrd13	2679	777	pxrd13_777	Prefer not to say		36311156		Prefer not to say	Meas Value	LOINC	Answer	S	LA28803-7	skos:exactMatch	1			
open-source	px_racial_ethnic_discrimination_survey	radio	pxrd13	2678	6	pxrd13_6	Almost all the time		45883838		All the time	Meas Value	LOINC	Answer	S	LA14726-6	skos:closeMatch	1			
open-source	px_racial_ethnic_discrimination_survey	radio	pxrd13	2677	5	pxrd13_5	Most of the time		45879199		Most of the time	Meas Value	LOINC	Answer	S	LA14734-0	skos:exactMatch	1			
open-source	px_racial_ethnic_discrimination_survey	radio	pxrd13	2676	4	pxrd13_4	A lot		45883539		A lot	Meas Value	LOINC	Answer	S	LA14468-5	skos:exactMatch	1			
open-source	px_racial_ethnic_discrimination_survey	radio	pxrd13	2675	3	pxrd13_3	Sometimes		45882528		Sometimes	Meas Value	LOINC	Answer	S	LA10082-8	skos:exactMatch	1			
open-source	px_racial_ethnic_discrimination_survey	radio	pxrd13	2674	2	pxrd13_2	Once in a while		45879593		Occasionally	Meas Value	LOINC	Answer	S	LA6483-7	skos:closeMatch	1			
open-source	px_racial_ethnic_discrimination_survey	radio	pxrd13	2673	1	pxrd13_1	Never		45876662		Never	Meas Value	LOINC	Answer	S	LA6270-8	skos:exactMatch	1			
open-source	px_racial_ethnic_discrimination_survey	radio	pxrd12	2672	777	pxrd12_777	Prefer not to say		36311156		Prefer not to say	Meas Value	LOINC	Answer	S	LA28803-7	skos:exactMatch	1			
open-source	px_racial_ethnic_discrimination_survey	radio	pxrd12	2671	6	pxrd12_6	6 - Extremely stressful		36210124		Extremely bothersome	Meas Value	LOINC	Answer	S	LA27766-7	skos:closeMatch	1			
open-source	px_racial_ethnic_discrimination_survey	radio	pxrd12	2670	1	pxrd12_1	1 - Not at all stressful		36210226		Not at all bothersome	Meas Value	LOINC	Answer	S	LA24969-0	skos:closeMatch	1			
open-source	px_racial_ethnic_discrimination_survey	radio	pxrd11	2669	777	pxrd11_777	Prefer not to say		36311156		Prefer not to say	Meas Value	LOINC	Answer	S	LA28803-7	skos:exactMatch	1			
open-source	px_racial_ethnic_discrimination_survey	radio	pxrd11	2668	6	pxrd11_6	Almost all the time		45883838		All the time	Meas Value	LOINC	Answer	S	LA14726-6	skos:closeMatch	1			
open-source	px_racial_ethnic_discrimination_survey	radio	pxrd11	2667	5	pxrd11_5	Most of the time		45879199		Most of the time	Meas Value	LOINC	Answer	S	LA14734-0	skos:exactMatch	1			
open-source	px_racial_ethnic_discrimination_survey	radio	pxrd11	2666	4	pxrd11_4	A lot		45883539		A lot	Meas Value	LOINC	Answer	S	LA14468-5	skos:exactMatch	1			
open-source	px_racial_ethnic_discrimination_survey	radio	pxrd11	2665	3	pxrd11_3	Sometimes		45882528		Sometimes	Meas Value	LOINC	Answer	S	LA10082-8	skos:exactMatch	1			
open-source	px_racial_ethnic_discrimination_survey	radio	pxrd11	2664	2	pxrd11_2	Once in a while		45879593		Occasionally	Meas Value	LOINC	Answer	S	LA6483-7	skos:closeMatch	1			
open-source	px_racial_ethnic_discrimination_survey	radio	pxrd11	2663	1	pxrd11_1	Never		45876662		Never	Meas Value	LOINC	Answer	S	LA6270-8	skos:exactMatch	1			
open-source	px_racial_ethnic_discrimination_survey	radio	pxrd10	2662	777	pxrd10_777	Prefer not to say		36311156		Prefer not to say	Meas Value	LOINC	Answer	S	LA28803-7	skos:exactMatch	1			
open-source	px_racial_ethnic_discrimination_survey	radio	pxrd10	2661	6	pxrd10_6	Almost all the time		45883838		All the time	Meas Value	LOINC	Answer	S	LA14726-6	skos:closeMatch	1			
open-source	px_racial_ethnic_discrimination_survey	radio	pxrd10	2660	5	pxrd10_5	Most of the time		45879199		Most of the time	Meas Value	LOINC	Answer	S	LA14734-0	skos:exactMatch	1			
open-source	px_racial_ethnic_discrimination_survey	radio	pxrd10	2659	4	pxrd10_4	A lot		45883539		A lot	Meas Value	LOINC	Answer	S	LA14468-5	skos:exactMatch	1			
open-source	px_racial_ethnic_discrimination_survey	radio	pxrd10	2658	3	pxrd10_3	Sometimes		45882528		Sometimes	Meas Value	LOINC	Answer	S	LA10082-8	skos:exactMatch	1			
open-source	px_racial_ethnic_discrimination_survey	radio	pxrd10	2657	2	pxrd10_2	Once in a while		45879593		Occasionally	Meas Value	LOINC	Answer	S	LA6483-7	skos:closeMatch	1			
open-source	px_racial_ethnic_discrimination_survey	radio	pxrd10	2656	1	pxrd10_1	Never		45876662		Never	Meas Value	LOINC	Answer	S	LA6270-8	skos:exactMatch	1			
open-source	px_racial_ethnic_discrimination_survey	radio	pxrd9	2655	777	pxrd9_777	Prefer not to say		36311156		Prefer not to say	Meas Value	LOINC	Answer	S	LA28803-7	skos:exactMatch	1			
open-source	px_racial_ethnic_discrimination_survey	radio	pxrd9	2654	6	pxrd9_6	6 - Extremely stressful		36210124		Extremely bothersome	Meas Value	LOINC	Answer	S	LA27766-7	skos:closeMatch	1			
open-source	px_racial_ethnic_discrimination_survey	radio	pxrd9	2653	1	pxrd9_1	1 - Not at all stressful		36210226		Not at all bothersome	Meas Value	LOINC	Answer	S	LA24969-0	skos:closeMatch	1			
open-source	px_racial_ethnic_discrimination_survey	radio	pxrd8	2652	777	pxrd8_777	Prefer not to say		36311156		Prefer not to say	Meas Value	LOINC	Answer	S	LA28803-7	skos:exactMatch	1			
open-source	px_racial_ethnic_discrimination_survey	radio	pxrd8	2651	6	pxrd8_6	Almost all the time		45883838		All the time	Meas Value	LOINC	Answer	S	LA14726-6	skos:closeMatch	1			
open-source	px_racial_ethnic_discrimination_survey	radio	pxrd8	2650	5	pxrd8_5	Most of the time		45879199		Most of the time	Meas Value	LOINC	Answer	S	LA14734-0	skos:exactMatch	1			
open-source	px_racial_ethnic_discrimination_survey	radio	pxrd8	2649	4	pxrd8_4	A lot		45883539		A lot	Meas Value	LOINC	Answer	S	LA14468-5	skos:exactMatch	1			
open-source	px_racial_ethnic_discrimination_survey	radio	pxrd8	2648	3	pxrd8_3	Sometimes		45882528		Sometimes	Meas Value	LOINC	Answer	S	LA10082-8	skos:exactMatch	1			
open-source	px_racial_ethnic_discrimination_survey	radio	pxrd8	2647	2	pxrd8_2	Once in a while		45879593		Occasionally	Meas Value	LOINC	Answer	S	LA6483-7	skos:closeMatch	1			
open-source	px_racial_ethnic_discrimination_survey	radio	pxrd8	2646	1	pxrd8_1	Never		45876662		Never	Meas Value	LOINC	Answer	S	LA6270-8	skos:exactMatch	1			
open-source	px_racial_ethnic_discrimination_survey	radio	pxrd7	2645	777	pxrd7_777	Prefer not to say		36311156		Prefer not to say	Meas Value	LOINC	Answer	S	LA28803-7	skos:exactMatch	1			
open-source	px_racial_ethnic_discrimination_survey	radio	pxrd7	2644	6	pxrd7_6	Almost all the time		45883838		All the time	Meas Value	LOINC	Answer	S	LA14726-6	skos:closeMatch	1			
open-source	px_racial_ethnic_discrimination_survey	radio	pxrd7	2643	5	pxrd7_5	Most of the time		45879199		Most of the time	Meas Value	LOINC	Answer	S	LA14734-0	skos:exactMatch	1			
open-source	px_racial_ethnic_discrimination_survey	radio	pxrd7	2642	4	pxrd7_4	A lot		45883539		A lot	Meas Value	LOINC	Answer	S	LA14468-5	skos:exactMatch	1			
open-source	px_racial_ethnic_discrimination_survey	radio	pxrd7	2641	3	pxrd7_3	Sometimes		45882528		Sometimes	Meas Value	LOINC	Answer	S	LA10082-8	skos:exactMatch	1			
open-source	px_racial_ethnic_discrimination_survey	radio	pxrd7	2640	2	pxrd7_2	Once in a while		45879593		Occasionally	Meas Value	LOINC	Answer	S	LA6483-7	skos:closeMatch	1			
open-source	px_racial_ethnic_discrimination_survey	radio	pxrd7	2639	1	pxrd7_1	Never		45876662		Never	Meas Value	LOINC	Answer	S	LA6270-8	skos:exactMatch	1			
open-source	px_racial_ethnic_discrimination_survey	radio	pxrd6	2638	777	pxrd6_777	Prefer not to say		36311156		Prefer not to say	Meas Value	LOINC	Answer	S	LA28803-7	skos:exactMatch	1			
open-source	px_racial_ethnic_discrimination_survey	radio	pxrd6	2637	6	pxrd6_6	6 - Extremely stressful		36210124		Extremely bothersome	Meas Value	LOINC	Answer	S	LA27766-7	skos:closeMatch	1			
open-source	px_racial_ethnic_discrimination_survey	radio	pxrd6	2636	1	pxrd6_1	1 - Not at all stressful		36210226		Not at all bothersome	Meas Value	LOINC	Answer	S	LA24969-0	skos:closeMatch	1			
open-source	px_racial_ethnic_discrimination_survey	radio	pxrd5	2635	777	pxrd5_777	Prefer not to say		36311156		Prefer not to say	Meas Value	LOINC	Answer	S	LA28803-7	skos:exactMatch	1			
open-source	px_racial_ethnic_discrimination_survey	radio	pxrd5	2634	6	pxrd5_6	Almost all the time		45883838		All the time	Meas Value	LOINC	Answer	S	LA14726-6	skos:closeMatch	1			
open-source	px_racial_ethnic_discrimination_survey	radio	pxrd5	2633	5	pxrd5_5	Most of the time		45879199		Most of the time	Meas Value	LOINC	Answer	S	LA14734-0	skos:exactMatch	1			
open-source	px_racial_ethnic_discrimination_survey	radio	pxrd5	2632	4	pxrd5_4	A lot		45883539		A lot	Meas Value	LOINC	Answer	S	LA14468-5	skos:exactMatch	1			
open-source	px_racial_ethnic_discrimination_survey	radio	pxrd5	2631	3	pxrd5_3	Sometimes		45882528		Sometimes	Meas Value	LOINC	Answer	S	LA10082-8	skos:exactMatch	1			
open-source	px_racial_ethnic_discrimination_survey	radio	pxrd5	2630	2	pxrd5_2	Once in a while		45879593		Occasionally	Meas Value	LOINC	Answer	S	LA6483-7	skos:closeMatch	1			
open-source	px_racial_ethnic_discrimination_survey	radio	pxrd5	2629	1	pxrd5_1	Never		45876662		Never	Meas Value	LOINC	Answer	S	LA6270-8	skos:exactMatch	1			
open-source	px_racial_ethnic_discrimination_survey	radio	pxrd4	2628	777	pxrd4_777	Prefer not to say		36311156		Prefer not to say	Meas Value	LOINC	Answer	S	LA28803-7	skos:exactMatch	1			
open-source	px_racial_ethnic_discrimination_survey	radio	pxrd4	2627	6	pxrd4_6	Almost all the time		45883838		All the time	Meas Value	LOINC	Answer	S	LA14726-6	skos:closeMatch	1			
open-source	px_racial_ethnic_discrimination_survey	radio	pxrd4	2626	5	pxrd4_5	Most of the time		45879199		Most of the time	Meas Value	LOINC	Answer	S	LA14734-0	skos:exactMatch	1			
open-source	px_racial_ethnic_discrimination_survey	radio	pxrd4	2625	4	pxrd4_4	A lot		45883539		A lot	Meas Value	LOINC	Answer	S	LA14468-5	skos:exactMatch	1			
open-source	px_racial_ethnic_discrimination_survey	radio	pxrd4	2624	3	pxrd4_3	Sometimes		45882528		Sometimes	Meas Value	LOINC	Answer	S	LA10082-8	skos:exactMatch	1			
open-source	px_racial_ethnic_discrimination_survey	radio	pxrd4	2623	2	pxrd4_2	Once in a while		45879593		Occasionally	Meas Value	LOINC	Answer	S	LA6483-7	skos:closeMatch	1			
open-source	px_racial_ethnic_discrimination_survey	radio	pxrd4	2622	1	pxrd4_1	Never		45876662		Never	Meas Value	LOINC	Answer	S	LA6270-8	skos:exactMatch	1			
open-source	px_racial_ethnic_discrimination_survey	radio	pxrd3	2621	777	pxrd3_777	Prefer not to say		36311156		Prefer not to say	Meas Value	LOINC	Answer	S	LA28803-7	skos:exactMatch	1			
open-source	px_racial_ethnic_discrimination_survey	radio	pxrd3	2620	6	pxrd3_6	6 - Extremely stressful		36210124		Extremely bothersome	Meas Value	LOINC	Answer	S	LA27766-7	skos:closeMatch	1			
open-source	px_racial_ethnic_discrimination_survey	radio	pxrd3	2619	1	pxrd3_1	1 - Not at all stressful		36210226		Not at all bothersome	Meas Value	LOINC	Answer	S	LA24969-0	skos:closeMatch	1			
open-source	px_racial_ethnic_discrimination_survey	radio	pxrd2	2618	777	pxrd2_777	Prefer not to say		36311156		Prefer not to say	Meas Value	LOINC	Answer	S	LA28803-7	skos:exactMatch	1			
open-source	px_racial_ethnic_discrimination_survey	radio	pxrd2	2617	6	pxrd2_6	Almost all the time		45883838		All the time	Meas Value	LOINC	Answer	S	LA14726-6	skos:closeMatch	1			
open-source	px_racial_ethnic_discrimination_survey	radio	pxrd2	2616	5	pxrd2_5	Most of the time		45879199		Most of the time	Meas Value	LOINC	Answer	S	LA14734-0	skos:exactMatch	1			
open-source	px_racial_ethnic_discrimination_survey	radio	pxrd2	2615	4	pxrd2_4	A lot		45883539		A lot	Meas Value	LOINC	Answer	S	LA14468-5	skos:exactMatch	1			
open-source	px_racial_ethnic_discrimination_survey	radio	pxrd2	2614	3	pxrd2_3	Sometimes		45882528		Sometimes	Meas Value	LOINC	Answer	S	LA10082-8	skos:exactMatch	1			
open-source	px_racial_ethnic_discrimination_survey	radio	pxrd2	2613	2	pxrd2_2	Once in a while		45879593		Occasionally	Meas Value	LOINC	Answer	S	LA6483-7	skos:closeMatch	1			
open-source	px_racial_ethnic_discrimination_survey	radio	pxrd2	2612	1	pxrd2_1	Never		45876662		Never	Meas Value	LOINC	Answer	S	LA6270-8	skos:exactMatch	1			
open-source	px_racial_ethnic_discrimination_survey	radio	pxrd1	2611	777	pxrd1_777	Prefer not to say		36311156		Prefer not to say	Meas Value	LOINC	Answer	S	LA28803-7	skos:exactMatch	1			
open-source	px_racial_ethnic_discrimination_survey	radio	pxrd1	2610	6	pxrd1_6	Almost all the time		45883838		All the time	Meas Value	LOINC	Answer	S	LA14726-6	skos:closeMatch	1			
open-source	px_racial_ethnic_discrimination_survey	radio	pxrd1	2609	5	pxrd1_5	Most of the time		45879199		Most of the time	Meas Value	LOINC	Answer	S	LA14734-0	skos:exactMatch	1			
open-source	px_racial_ethnic_discrimination_survey	radio	pxrd1	2608	4	pxrd1_4	A lot		45883539		A lot	Meas Value	LOINC	Answer	S	LA14468-5	skos:exactMatch	1			
open-source	px_racial_ethnic_discrimination_survey	radio	pxrd1	2607	3	pxrd1_3	Sometimes		45882528		Sometimes	Meas Value	LOINC	Answer	S	LA10082-8	skos:exactMatch	1			
open-source	px_racial_ethnic_discrimination_survey	radio	pxrd1	2606	2	pxrd1_2	Once in a while		45879593		Occasionally	Meas Value	LOINC	Answer	S	LA6483-7	skos:closeMatch	1			
open-source	px_racial_ethnic_discrimination_survey	radio	pxrd1	2605	1	pxrd1_1	Never		45876662		Never	Meas Value	LOINC	Answer	S	LA6270-8	skos:exactMatch	1			
open-source	px_neighborhood_environment_survey	radio	pxne17	2604	777	pxne17_777	Prefer not to say		36311156		Prefer not to say	Meas Value	LOINC	Answer	S	LA28803-7	skos:exactMatch	1			
open-source	px_neighborhood_environment_survey	radio	pxne17	2603	555	pxne17_555	Don't know/Not sure		45876636		Don't know	Meas Value	LOINC	Answer	S	LA12688-0	skos:exactMatch	1			
open-source	px_neighborhood_environment_survey	radio	pxne17	2602	4	pxne17_4	Strongly agree		45879208		Strongly agree	Meas Value	LOINC	Answer	S	LA15237-3	skos:exactMatch	1			
open-source	px_neighborhood_environment_survey	radio	pxne17	2601	3	pxne17_3	Somewhat agree		45884684		Somewhat agree	Meas Value	LOINC	Answer	S	LA15235-7	skos:exactMatch	1			
open-source	px_neighborhood_environment_survey	radio	pxne17	2600	2	pxne17_2	Somewhat disagree		45879539		Somewhat disagree	Meas Value	LOINC	Answer	S	LA15234-0	skos:exactMatch	1			
open-source	px_neighborhood_environment_survey	radio	pxne17	2599	1	pxne17_1	Strongly disagree		45882953		Strongly disagree	Meas Value	LOINC	Answer	S	LA15236-5	skos:exactMatch	1			
open-source	px_neighborhood_environment_survey	radio	pxne16	2598	777	pxne16_777	Prefer not to say		36311156		Prefer not to say	Meas Value	LOINC	Answer	S	LA28803-7	skos:exactMatch	1			
open-source	px_neighborhood_environment_survey	radio	pxne16	2597	555	pxne16_555	Don't know/Not sure		45876636		Don't know	Meas Value	LOINC	Answer	S	LA12688-0	skos:exactMatch	1			
open-source	px_neighborhood_environment_survey	radio	pxne16	2596	4	pxne16_4	Strongly agree		45879208		Strongly agree	Meas Value	LOINC	Answer	S	LA15237-3	skos:exactMatch	1			
open-source	px_neighborhood_environment_survey	radio	pxne16	2595	3	pxne16_3	Somewhat agree		45884684		Somewhat agree	Meas Value	LOINC	Answer	S	LA15235-7	skos:exactMatch	1			
open-source	px_neighborhood_environment_survey	radio	pxne16	2594	2	pxne16_2	Somewhat disagree		45879539		Somewhat disagree	Meas Value	LOINC	Answer	S	LA15234-0	skos:exactMatch	1			
open-source	px_neighborhood_environment_survey	radio	pxne16	2593	1	pxne16_1	Strongly disagree		45882953		Strongly disagree	Meas Value	LOINC	Answer	S	LA15236-5	skos:exactMatch	1			
open-source	px_neighborhood_environment_survey	radio	pxne15	2592	777	pxne15_777	Prefer not to say		36311156		Prefer not to say	Meas Value	LOINC	Answer	S	LA28803-7	skos:exactMatch	1			
open-source	px_neighborhood_environment_survey	radio	pxne15	2591	555	pxne15_555	Don't know/Not sure		45876636		Don't know	Meas Value	LOINC	Answer	S	LA12688-0	skos:exactMatch	1			
open-source	px_neighborhood_environment_survey	radio	pxne15	2590	4	pxne15_4	Strongly agree		45879208		Strongly agree	Meas Value	LOINC	Answer	S	LA15237-3	skos:exactMatch	1			
open-source	px_neighborhood_environment_survey	radio	pxne15	2589	3	pxne15_3	Somewhat agree		45884684		Somewhat agree	Meas Value	LOINC	Answer	S	LA15235-7	skos:exactMatch	1			
open-source	px_neighborhood_environment_survey	radio	pxne15	2588	2	pxne15_2	Somewhat disagree		45879539		Somewhat disagree	Meas Value	LOINC	Answer	S	LA15234-0	skos:exactMatch	1			
open-source	px_neighborhood_environment_survey	radio	pxne15	2587	1	pxne15_1	Strongly disagree		45882953		Strongly disagree	Meas Value	LOINC	Answer	S	LA15236-5	skos:exactMatch	1			
open-source	px_neighborhood_environment_survey	radio	pxne14	2586	777	pxne14_777	Prefer not to say		36311156		Prefer not to say	Meas Value	LOINC	Answer	S	LA28803-7	skos:exactMatch	1			
open-source	px_neighborhood_environment_survey	radio	pxne14	2585	555	pxne14_555	Don't know/Not sure		45876636		Don't know	Meas Value	LOINC	Answer	S	LA12688-0	skos:exactMatch	1			
open-source	px_neighborhood_environment_survey	radio	pxne14	2584	4	pxne14_4	Strongly agree		45879208		Strongly agree	Meas Value	LOINC	Answer	S	LA15237-3	skos:exactMatch	1			
open-source	px_neighborhood_environment_survey	radio	pxne14	2583	3	pxne14_3	Somewhat agree		45884684		Somewhat agree	Meas Value	LOINC	Answer	S	LA15235-7	skos:exactMatch	1			
open-source	px_neighborhood_environment_survey	radio	pxne14	2582	2	pxne14_2	Somewhat disagree		45879539		Somewhat disagree	Meas Value	LOINC	Answer	S	LA15234-0	skos:exactMatch	1			
open-source	px_neighborhood_environment_survey	radio	pxne14	2581	1	pxne14_1	Strongly disagree		45882953		Strongly disagree	Meas Value	LOINC	Answer	S	LA15236-5	skos:exactMatch	1			
open-source	px_neighborhood_environment_survey	radio	pxne13	2580	777	pxne13_777	Prefer not to say		36311156		Prefer not to say	Meas Value	LOINC	Answer	S	LA28803-7	skos:exactMatch	1			
open-source	px_neighborhood_environment_survey	radio	pxne13	2579	555	pxne13_555	Don't know/Not sure		45876636		Don't know	Meas Value	LOINC	Answer	S	LA12688-0	skos:exactMatch	1			
open-source	px_neighborhood_environment_survey	radio	pxne13	2578	4	pxne13_4	Strongly agree		45879208		Strongly agree	Meas Value	LOINC	Answer	S	LA15237-3	skos:exactMatch	1			
open-source	px_neighborhood_environment_survey	radio	pxne13	2577	3	pxne13_3	Somewhat agree		45884684		Somewhat agree	Meas Value	LOINC	Answer	S	LA15235-7	skos:exactMatch	1			
open-source	px_neighborhood_environment_survey	radio	pxne13	2576	2	pxne13_2	Somewhat disagree		45879539		Somewhat disagree	Meas Value	LOINC	Answer	S	LA15234-0	skos:exactMatch	1			
open-source	px_neighborhood_environment_survey	radio	pxne13	2575	1	pxne13_1	Strongly disagree		45882953		Strongly disagree	Meas Value	LOINC	Answer	S	LA15236-5	skos:exactMatch	1			
open-source	px_neighborhood_environment_survey	radio	pxne12	2574	777	pxne12_777	Prefer not to say		36311156		Prefer not to say	Meas Value	LOINC	Answer	S	LA28803-7	skos:exactMatch	1			
open-source	px_neighborhood_environment_survey	radio	pxne12	2573	555	pxne12_555	Don't know/Not sure		45876636		Don't know	Meas Value	LOINC	Answer	S	LA12688-0	skos:exactMatch	1			
open-source	px_neighborhood_environment_survey	radio	pxne12	2571	4	pxne12_4	Strongly agree		45879208		Strongly agree	Meas Value	LOINC	Answer	S	LA15237-3	skos:exactMatch	1			
open-source	px_neighborhood_environment_survey	radio	pxne12	2570	3	pxne12_3	Somewhat agree		45884684		Somewhat agree	Meas Value	LOINC	Answer	S	LA15235-7	skos:exactMatch	1			
open-source	px_neighborhood_environment_survey	radio	pxne12	2569	2	pxne12_2	Somewhat disagree		45879539		Somewhat disagree	Meas Value	LOINC	Answer	S	LA15234-0	skos:exactMatch	1			
open-source	px_neighborhood_environment_survey	radio	pxne12	2568	1	pxne12_1	Strongly disagree		45882953		Strongly disagree	Meas Value	LOINC	Answer	S	LA15236-5	skos:exactMatch	1			
open-source	px_neighborhood_environment_survey	radio	pxne11	2567	777	pxne11_777	Prefer not to say		36311156		Prefer not to say	Meas Value	LOINC	Answer	S	LA28803-7	skos:exactMatch	1			
open-source	px_neighborhood_environment_survey	radio	pxne11	2566	555	pxne11_555	Don't know / unsure		45876636		Don't know	Meas Value	LOINC	Answer	S	LA12688-0	skos:exactMatch	1			
open-source	px_neighborhood_environment_survey	dropdown	pxne11	2564	0	pxne11_0	None		45878582		None	Meas Value	LOINC	Answer	S	LA137-2	skos:exactMatch	1			
open-source	px_neighborhood_environment_survey	radio	pxne10	2563	777	pxne10_777	Prefer not to say		36311156		Prefer not to say	Meas Value	LOINC	Answer	S	LA28803-7	skos:exactMatch	1			
open-source	px_neighborhood_environment_survey	radio	pxne10	2562	555	pxne10_555	Don't know/Not sure		45876636		Don't know	Meas Value	LOINC	Answer	S	LA12688-0	skos:exactMatch	1			
open-source	px_neighborhood_environment_survey	radio	pxne10	2561	4	pxne10_4	Strongly agree		45879208		Strongly agree	Meas Value	LOINC	Answer	S	LA15237-3	skos:exactMatch	1			
open-source	px_neighborhood_environment_survey	radio	pxne10	2560	3	pxne10_3	Somewhat agree		45884684		Somewhat agree	Meas Value	LOINC	Answer	S	LA15235-7	skos:exactMatch	1			
open-source	px_neighborhood_environment_survey	radio	pxne10	2559	2	pxne10_2	Somewhat disagree		45879539		Somewhat disagree	Meas Value	LOINC	Answer	S	LA15234-0	skos:exactMatch	1			
open-source	px_neighborhood_environment_survey	radio	pxne10	2558	1	pxne10_1	Strongly disagree		45882953		Strongly disagree	Meas Value	LOINC	Answer	S	LA15236-5	skos:exactMatch	1			
open-source	px_neighborhood_environment_survey	radio	pxne9_	2557	777	pxne9__777	Prefer not to say		36311156		Prefer not to say	Meas Value	LOINC	Answer	S	LA28803-7	skos:exactMatch	1			
open-source	px_neighborhood_environment_survey	radio	pxne9_	2556	555	pxne9__555	Don't know/Not sure		45876636		Don't know	Meas Value	LOINC	Answer	S	LA12688-0	skos:exactMatch	1			
open-source	px_neighborhood_environment_survey	radio	pxne9	2555	4	pxne9_4	Strongly agree		45879208		Strongly agree	Meas Value	LOINC	Answer	S	LA15237-3	skos:exactMatch	1			
open-source	px_neighborhood_environment_survey	radio	pxne9	2554	3	pxne9_3	Somewhat agree		45884684		Somewhat agree	Meas Value	LOINC	Answer	S	LA15235-7	skos:exactMatch	1			
open-source	px_neighborhood_environment_survey	radio	pxne9	2553	2	pxne9_2	Somewhat disagree		45879539		Somewhat disagree	Meas Value	LOINC	Answer	S	LA15234-0	skos:exactMatch	1			
open-source	px_neighborhood_environment_survey	radio	pxne9	2552	1	pxne9_1	Strongly disagree		45882953		Strongly disagree	Meas Value	LOINC	Answer	S	LA15236-5	skos:exactMatch	1			
open-source	px_neighborhood_environment_survey	radio	pxne8	2551	777	pxne8_777	Prefer not to say		36311156		Prefer not to say	Meas Value	LOINC	Answer	S	LA28803-7	skos:exactMatch	1			
open-source	px_neighborhood_environment_survey	radio	pxne8	2550	555	pxne8_555	Don't know/Not sure		45876636		Don't know	Meas Value	LOINC	Answer	S	LA12688-0	skos:exactMatch	1			
open-source	px_neighborhood_environment_survey	radio	pxne8	2548	4	pxne8_4	Strongly agree		45879208		Strongly agree	Meas Value	LOINC	Answer	S	LA15237-3	skos:exactMatch	1			
open-source	px_neighborhood_environment_survey	radio	pxne8	2547	3	pxne8_3	Somewhat agree		45884684		Somewhat agree	Meas Value	LOINC	Answer	S	LA15235-7	skos:exactMatch	1			
open-source	px_neighborhood_environment_survey	radio	pxne8	2546	2	pxne8_2	Somewhat disagree		45879539		Somewhat disagree	Meas Value	LOINC	Answer	S	LA15234-0	skos:exactMatch	1			
open-source	px_neighborhood_environment_survey	radio	pxne8	2545	1	pxne8_1	Strongly disagree		45882953		Strongly disagree	Meas Value	LOINC	Answer	S	LA15236-5	skos:exactMatch	1			
open-source	px_neighborhood_environment_survey	radio	pxne7	2544	777	pxne7_777	Prefer not to say		36311156		Prefer not to say	Meas Value	LOINC	Answer	S	LA28803-7	skos:exactMatch	1			
open-source	px_neighborhood_environment_survey	radio	pxne7	2543	555	pxne7_555	Don't know/Not sure		45876636		Don't know	Meas Value	LOINC	Answer	S	LA12688-0	skos:exactMatch	1			
open-source	px_neighborhood_environment_survey	radio	pxne7	2542	4	pxne7_4	Strongly agree		45879208		Strongly agree	Meas Value	LOINC	Answer	S	LA15237-3	skos:exactMatch	1			
open-source	px_neighborhood_environment_survey	radio	pxne7	2541	3	pxne7_3	Somewhat agree		45884684		Somewhat agree	Meas Value	LOINC	Answer	S	LA15235-7	skos:exactMatch	1			
open-source	px_neighborhood_environment_survey	radio	pxne7	2540	2	pxne7_2	Somewhat disagree		45879539		Somewhat disagree	Meas Value	LOINC	Answer	S	LA15234-0	skos:exactMatch	1			
open-source	px_neighborhood_environment_survey	radio	pxne7	2539	1	pxne7_1	Strongly disagree		45882953		Strongly disagree	Meas Value	LOINC	Answer	S	LA15236-5	skos:exactMatch	1			
open-source	px_neighborhood_environment_survey	radio	pxne6	2538	777	pxne6_777	Prefer not to say		36311156		Prefer not to say	Meas Value	LOINC	Answer	S	LA28803-7	skos:exactMatch	1			
open-source	px_neighborhood_environment_survey	radio	pxne6	2537	555	pxne6_555	Don't know/Not sure		45876636		Don't know	Meas Value	LOINC	Answer	S	LA12688-0	skos:exactMatch	1			
open-source	px_neighborhood_environment_survey	radio	pxne6	2536	4	pxne6_4	Strongly agree		45879208		Strongly agree	Meas Value	LOINC	Answer	S	LA15237-3	skos:exactMatch	1			
open-source	px_neighborhood_environment_survey	radio	pxne6	2535	3	pxne6_3	Somewhat agree		45884684		Somewhat agree	Meas Value	LOINC	Answer	S	LA15235-7	skos:exactMatch	1			
open-source	px_neighborhood_environment_survey	radio	pxne6	2534	2	pxne6_2	Somewhat disagree		45879539		Somewhat disagree	Meas Value	LOINC	Answer	S	LA15234-0	skos:exactMatch	1			
open-source	px_neighborhood_environment_survey	radio	pxne6	2533	1	pxne6_1	Strongly disagree		45882953		Strongly disagree	Meas Value	LOINC	Answer	S	LA15236-5	skos:exactMatch	1			
open-source	px_neighborhood_environment_survey	radio	pxne5	2532	777	pxne5_777	Prefer not to say		36311156		Prefer not to say	Meas Value	LOINC	Answer	S	LA28803-7	skos:exactMatch	1			
open-source	px_neighborhood_environment_survey	radio	pxne5	2531	555	pxne5_555	Don't know/Not sure		45876636		Don't know	Meas Value	LOINC	Answer	S	LA12688-0	skos:exactMatch	1			
open-source	px_neighborhood_environment_survey	radio	pxne5	2529	4	pxne5_4	Strongly agree		45879208		Strongly agree	Meas Value	LOINC	Answer	S	LA15237-3	skos:exactMatch	1			
open-source	px_neighborhood_environment_survey	radio	pxne5	2528	3	pxne5_3	Somewhat agree		45884684		Somewhat agree	Meas Value	LOINC	Answer	S	LA15235-7	skos:exactMatch	1			
open-source	px_neighborhood_environment_survey	radio	pxne5	2527	2	pxne5_2	Somewhat disagree		45879539		Somewhat disagree	Meas Value	LOINC	Answer	S	LA15234-0	skos:exactMatch	1			
open-source	px_neighborhood_environment_survey	radio	pxne5	2526	1	pxne5_1	Strongly disagree		45882953		Strongly disagree	Meas Value	LOINC	Answer	S	LA15236-5	skos:exactMatch	1			
open-source	px_neighborhood_environment_survey	radio	pxne4	2525	777	pxne4_777	Prefer not to say		36311156		Prefer not to say	Meas Value	LOINC	Answer	S	LA28803-7	skos:exactMatch	1			
open-source	px_neighborhood_environment_survey	radio	pxne4	2524	555	pxne4_555	Don't know/Not sure		45876636		Don't know	Meas Value	LOINC	Answer	S	LA12688-0	skos:exactMatch	1			
open-source	px_neighborhood_environment_survey	radio	pxne4	2522	4	pxne4_4	Strongly agree		45879208		Strongly agree	Meas Value	LOINC	Answer	S	LA15237-3	skos:exactMatch	1			
open-source	px_neighborhood_environment_survey	radio	pxne4	2521	3	pxne4_3	Somewhat agree		45884684		Somewhat agree	Meas Value	LOINC	Answer	S	LA15235-7	skos:exactMatch	1			
open-source	px_neighborhood_environment_survey	radio	pxne4	2520	2	pxne4_2	Somewhat disagree		45879539		Somewhat disagree	Meas Value	LOINC	Answer	S	LA15234-0	skos:exactMatch	1			
open-source	px_neighborhood_environment_survey	radio	pxne4	2519	1	pxne4_1	Strongly disagree		45882953		Strongly disagree	Meas Value	LOINC	Answer	S	LA15236-5	skos:exactMatch	1			
open-source	px_neighborhood_environment_survey	radio	pxne3	2518	777	pxne3_777	Prefer not to say		36311156		Prefer not to say	Meas Value	LOINC	Answer	S	LA28803-7	skos:exactMatch	1			
open-source	px_neighborhood_environment_survey	radio	pxne3	2517	555	pxne3_555	Don't know/Not sure		45876636		Don't know	Meas Value	LOINC	Answer	S	LA12688-0	skos:exactMatch	1			
open-source	px_neighborhood_environment_survey	radio	pxne3	2516	4	pxne3_4	Strongly agree		45879208		Strongly agree	Meas Value	LOINC	Answer	S	LA15237-3	skos:exactMatch	1			
open-source	px_neighborhood_environment_survey	radio	pxne3	2515	3	pxne3_3	Somewhat agree		45884684		Somewhat agree	Meas Value	LOINC	Answer	S	LA15235-7	skos:exactMatch	1			
open-source	px_neighborhood_environment_survey	radio	pxne3	2514	2	pxne3_2	Somewhat disagree		45879539		Somewhat disagree	Meas Value	LOINC	Answer	S	LA15234-0	skos:exactMatch	1			
open-source	px_neighborhood_environment_survey	radio	pxne3	2513	1	pxne3_1	Strongly disagree		45882953		Strongly disagree	Meas Value	LOINC	Answer	S	LA15236-5	skos:exactMatch	1			
open-source	px_neighborhood_environment_survey	radio	pxne2	2512	777	pxne2_777	Prefer not to say		36311156		Prefer not to say	Meas Value	LOINC	Answer	S	LA28803-7	skos:exactMatch	1			
open-source	px_neighborhood_environment_survey	radio	pxne2	2511	555	pxne2_555	Don't know/Not sure		45876636		Don't know	Meas Value	LOINC	Answer	S	LA12688-0	skos:exactMatch	1			
open-source	px_neighborhood_environment_survey	radio	pxne2	2510	4	pxne2_4	Strongly agree		45879208		Strongly agree	Meas Value	LOINC	Answer	S	LA15237-3	skos:exactMatch	1			
open-source	px_neighborhood_environment_survey	radio	pxne2	2509	3	pxne2_3	Somewhat agree		45884684		Somewhat agree	Meas Value	LOINC	Answer	S	LA15235-7	skos:exactMatch	1			
open-source	px_neighborhood_environment_survey	radio	pxne2	2508	2	pxne2_2	Somewhat disagree		45879539		Somewhat disagree	Meas Value	LOINC	Answer	S	LA15234-0	skos:exactMatch	1			
open-source	px_neighborhood_environment_survey	radio	pxne2	2507	1	pxne2_1	Strongly disagree		45882953		Strongly disagree	Meas Value	LOINC	Answer	S	LA15236-5	skos:exactMatch	1			
open-source	px_neighborhood_environment_survey	radio	pxne1	2506	777	pxne1_777	Prefer not to say		36311156		Prefer not to say	Meas Value	LOINC	Answer	S	LA28803-7	skos:exactMatch	1			
open-source	px_neighborhood_environment_survey	radio	pxne1	2505	555	pxne1_555	Don't know/Not sure		45876636		Don't know	Meas Value	LOINC	Answer	S	LA12688-0	skos:exactMatch	1			
open-source	px_neighborhood_environment_survey	radio	pxne1	2504	5	pxne1_5	Apartments or condos of more than 12 stories		45879538		Apartments or condos of more than 12 stories	Meas Value	LOINC	Answer	S	LA15233-2	skos:exactMatch	1			
open-source	px_neighborhood_environment_survey	radio	pxne1	2503	4	pxne1_4	Apartments or condos of 4-12 stories		45883274		Apartments or condos of 4-12 stories	Meas Value	LOINC	Answer	S	LA15232-4	skos:exactMatch	1			
open-source	px_neighborhood_environment_survey	radio	pxne1	2502	3	pxne1_3	Mix of single-family residences and townhouses, row houses, apartments or condos		45878935		Mix of single-family residences and townhouses, row houses, apartments, or condos	Meas Value	LOINC	Answer	S	LA15231-6	skos:exactMatch	1			
open-source	px_neighborhood_environment_survey	radio	pxne1	2501	2	pxne1_2	Townhouses, row houses, apartments, or condos of 2-3 stories		45876908		Townhouses, row houses, apartments, or condos of two-three stories	Meas Value	LOINC	Answer	S	LA15230-8	skos:exactMatch	1			
open-source	px_neighborhood_environment_survey	radio	pxne1	2500	1	pxne1_1	Detached single-family housing		45877171		Detached single-family housing	Meas Value	LOINC	Answer	S	LA15229-0	skos:exactMatch	1			
open-source	px_food_insecurity_survey	radio	pxfi5	2499	777	pxfi5_777	Prefer not to say		36311156		Prefer not to say	Meas Value	LOINC	Answer	S	LA28803-7	skos:exactMatch	1			
open-source	px_food_insecurity_survey	radio	pxfi5	2498	555	pxfi5_555	Don't know		45876636		Don't know	Meas Value	LOINC	Answer	S	LA12688-0	skos:exactMatch	1			
open-source	px_food_insecurity_survey	radio	pxfi5	2497	0	pxfi5_0	No		45878245		No	Meas Value	LOINC	Answer	S	LA32-8	skos:exactMatch	1			
open-source	px_food_insecurity_survey	radio	pxfi5	2496	1	pxfi5_1	Yes		45877994		Yes	Meas Value	LOINC	Answer	S	LA33-6	skos:exactMatch	1			
open-source	px_food_insecurity_survey	radio	pxfi4	2495	777	pxfi4_777	Prefer not to say		36311156		Prefer not to say	Meas Value	LOINC	Answer	S	LA28803-7	skos:exactMatch	1			
open-source	px_food_insecurity_survey	radio	pxfi4	2494	555	pxfi4_555	Don't know		45876636		Don't know	Meas Value	LOINC	Answer	S	LA12688-0	skos:exactMatch	1			
open-source	px_food_insecurity_survey	radio	pxfi4	2493	0	pxfi4_0	No		45878245		No	Meas Value	LOINC	Answer	S	LA32-8	skos:exactMatch	1			
open-source	px_food_insecurity_survey	radio	pxfi4	2492	1	pxfi4_1	Yes		45877994		Yes	Meas Value	LOINC	Answer	S	LA33-6	skos:exactMatch	1			
open-source	px_food_insecurity_survey	radio	food_insecurity_change_diet_frequency	2491	777	food_insecurity_change_diet_frequency_777	Prefer not to say		36311156		Prefer not to say	Meas Value	LOINC	Answer	S	LA28803-7	skos:exactMatch	1			
open-source	px_food_insecurity_survey	radio	food_insecurity_change_diet_frequency	2490	555	food_insecurity_change_diet_frequency_555	Don't know		45876636		Don't know	Meas Value	LOINC	Answer	S	LA12688-0	skos:exactMatch	1			
open-source	px_food_insecurity_survey	radio	food_insecurity_change_diet_frequency	2489	3	food_insecurity_change_diet_frequency_3	Only 1 or 2 months		36662545		Only 1 or 2 months	Meas Value	LOINC	Answer	S	LA30972-6	skos:exactMatch	1			
open-source	px_food_insecurity_survey	radio	food_insecurity_change_diet_frequency	2488	2	food_insecurity_change_diet_frequency_2	Some months but not every month		36662449		Some months but not every month	Meas Value	LOINC	Answer	S	LA30971-8	skos:exactMatch	1			
open-source	px_food_insecurity_survey	radio	food_insecurity_change_diet_frequency	2487	1	food_insecurity_change_diet_frequency_1	Almost every month		36662470		Almost every month	Meas Value	LOINC	Answer	S	LA30970-0	skos:exactMatch	1			
open-source	px_food_insecurity_survey	radio	pxfi3	2486	777	pxfi3_777	Prefer not to say		36311156		Prefer not to say	Meas Value	LOINC	Answer	S	LA28803-7	skos:exactMatch	1			
open-source	px_food_insecurity_survey	radio	pxfi3	2485	555	pxfi3_555	Don't know		45876636		Don't know	Meas Value	LOINC	Answer	S	LA12688-0	skos:exactMatch	1			
open-source	px_food_insecurity_survey	radio	pxfi3	2484	0	pxfi3_0	No		45878245		No	Meas Value	LOINC	Answer	S	LA32-8	skos:exactMatch	1			
open-source	px_food_insecurity_survey	radio	pxfi3	2483	1	pxfi3_1	Yes		45877994		Yes	Meas Value	LOINC	Answer	S	LA33-6	skos:exactMatch	1			
open-source	px_food_insecurity_survey	radio	pxfi2	2482	777	pxfi2_777	Prefer not to say		36311156		Prefer not to say	Meas Value	LOINC	Answer	S	LA28803-7	skos:exactMatch	1			
open-source	px_food_insecurity_survey	radio	pxfi2	2481	555	pxfi2_555	Don't know		45876636		Don't know	Meas Value	LOINC	Answer	S	LA12688-0	skos:exactMatch	1			
open-source	px_food_insecurity_survey	radio	pxfi2	2480	0	pxfi2_0	Never true		36309869		Never true	Meas Value	LOINC	Answer	S	LA28398-8	skos:exactMatch	1			
open-source	px_food_insecurity_survey	radio	pxfi2	2479	2	pxfi2_2	Sometimes true		45877955		Sometimes true	Meas Value	LOINC	Answer	S	LA6729-3	skos:exactMatch	1			
open-source	px_food_insecurity_survey	radio	pxfi2	2478	1	pxfi2_1	Often true		36309834		Often true	Meas Value	LOINC	Answer	S	LA28397-0	skos:exactMatch	1			
open-source	px_food_insecurity_survey	radio	pxfi1	2477	777	pxfi1_777	Prefer not to say		36311156		Prefer not to say	Meas Value	LOINC	Answer	S	LA28803-7	skos:exactMatch	1			
open-source	px_food_insecurity_survey	radio	pxfi1	2476	555	pxfi1_555	Don't know		45876636		Don't know	Meas Value	LOINC	Answer	S	LA12688-0	skos:exactMatch	1			
open-source	px_food_insecurity_survey	radio	pxfi1	2475	0	pxfi1_0	Never true		36309869		Never true	Meas Value	LOINC	Answer	S	LA28398-8	skos:exactMatch	1			
open-source	px_food_insecurity_survey	radio	pxfi1	2474	2	pxfi1_2	Sometimes true		45877955		Sometimes true	Meas Value	LOINC	Answer	S	LA6729-3	skos:exactMatch	1			
open-source	px_food_insecurity_survey	radio	pxfi1	2473	1	pxfi1_1	Often true		36309834		Often true	Meas Value	LOINC	Answer	S	LA28397-0	skos:exactMatch	1			
open-source	px_sdoh_combined_survey	radio	pxdhc7	2472	777	pxdhc7_777	Prefer not to say		36311156		Prefer not to say	Meas Value	LOINC	Answer	S	LA28803-7	skos:exactMatch	1			
open-source	px_sdoh_combined_survey	radio	pxdhc7	2471	5	pxdhc7_5	Always		45882536		Always	Meas Value	LOINC	Answer	S	LA9933-8	skos:exactMatch	1			
open-source	px_sdoh_combined_survey	radio	pxdhc7	2470	4	pxdhc7_4	Most of the time		45879199		Most of the time	Meas Value	LOINC	Answer	S	LA14734-0	skos:exactMatch	1			
open-source	px_sdoh_combined_survey	radio	pxdhc7	2469	3	pxdhc7_3	Sometimes		45882528		Sometimes	Meas Value	LOINC	Answer	S	LA10082-8	skos:exactMatch	1			
open-source	px_sdoh_combined_survey	radio	pxdhc7	2468	2	pxdhc7_2	Rarely		45876672		Rarely	Meas Value	LOINC	Answer	S	LA10066-1	skos:exactMatch	1			
open-source	px_sdoh_combined_survey	radio	pxdhc7	2467	1	pxdhc7_1	Never		45876662		Never	Meas Value	LOINC	Answer	S	LA6270-8	skos:exactMatch	1			
open-source	px_sdoh_combined_survey	radio	pxdhc6	2466	777	pxdhc6_777	Prefer not to say		36311156		Prefer not to say	Meas Value	LOINC	Answer	S	LA28803-7	skos:exactMatch	1			
open-source	px_sdoh_combined_survey	radio	pxdhc6	2465	5	pxdhc6_5	Always		45882536		Always	Meas Value	LOINC	Answer	S	LA9933-8	skos:exactMatch	1			
open-source	px_sdoh_combined_survey	radio	pxdhc6	2464	4	pxdhc6_4	Most of the time		45879199		Most of the time	Meas Value	LOINC	Answer	S	LA14734-0	skos:exactMatch	1			
open-source	px_sdoh_combined_survey	radio	pxdhc6	2463	3	pxdhc6_3	Sometimes		45882528		Sometimes	Meas Value	LOINC	Answer	S	LA10082-8	skos:exactMatch	1			
open-source	px_sdoh_combined_survey	radio	pxdhc6	2462	2	pxdhc6_2	Rarely		45876672		Rarely	Meas Value	LOINC	Answer	S	LA10066-1	skos:exactMatch	1			
open-source	px_sdoh_combined_survey	radio	pxdhc6	2461	1	pxdhc6_1	Never		45876662		Never	Meas Value	LOINC	Answer	S	LA6270-8	skos:exactMatch	1			
open-source	px_sdoh_combined_survey	radio	pxdhc5	2460	777	pxdhc5_777	Prefer not to say		36311156		Prefer not to say	Meas Value	LOINC	Answer	S	LA28803-7	skos:exactMatch	1			
open-source	px_sdoh_combined_survey	radio	pxdhc5	2459	5	pxdhc5_5	Always		45882536		Always	Meas Value	LOINC	Answer	S	LA9933-8	skos:exactMatch	1			
open-source	px_sdoh_combined_survey	radio	pxdhc5	2458	4	pxdhc5_4	Most of the time		45879199		Most of the time	Meas Value	LOINC	Answer	S	LA14734-0	skos:exactMatch	1			
open-source	px_sdoh_combined_survey	radio	pxdhc5	2457	3	pxdhc5_3	Sometimes		45882528		Sometimes	Meas Value	LOINC	Answer	S	LA10082-8	skos:exactMatch	1			
open-source	px_sdoh_combined_survey	radio	pxdhc5	2456	2	pxdhc5_2	Rarely		45876672		Rarely	Meas Value	LOINC	Answer	S	LA10066-1	skos:exactMatch	1			
open-source	px_sdoh_combined_survey	radio	pxdhc5	2455	1	pxdhc5_1	Never		45876662		Never	Meas Value	LOINC	Answer	S	LA6270-8	skos:exactMatch	1			
open-source	px_sdoh_combined_survey	radio	pxdhc4	2454	777	pxdhc4_777	Prefer not to say		36311156		Prefer not to say	Meas Value	LOINC	Answer	S	LA28803-7	skos:exactMatch	1			
open-source	px_sdoh_combined_survey	radio	pxdhc4	2453	5	pxdhc4_5	Always		45882536		Always	Meas Value	LOINC	Answer	S	LA9933-8	skos:exactMatch	1			
open-source	px_sdoh_combined_survey	radio	pxdhc4	2452	4	pxdhc4_4	Most of the time		45879199		Most of the time	Meas Value	LOINC	Answer	S	LA14734-0	skos:exactMatch	1			
open-source	px_sdoh_combined_survey	radio	pxdhc4	2451	3	pxdhc4_3	Sometimes		45882528		Sometimes	Meas Value	LOINC	Answer	S	LA10082-8	skos:exactMatch	1			
open-source	px_sdoh_combined_survey	radio	pxdhc4	2450	2	pxdhc4_2	Rarely		45876672		Rarely	Meas Value	LOINC	Answer	S	LA10066-1	skos:exactMatch	1			
open-source	px_sdoh_combined_survey	radio	pxdhc4	2449	1	pxdhc4_1	Never		45876662		Never	Meas Value	LOINC	Answer	S	LA6270-8	skos:exactMatch	1			
open-source	px_sdoh_combined_survey	radio	pxdhc3	2448	777	pxdhc3_777	Prefer not to say		36311156		Prefer not to say	Meas Value	LOINC	Answer	S	LA28803-7	skos:exactMatch	1			
open-source	px_sdoh_combined_survey	radio	pxdhc3	2447	5	pxdhc3_5	Always		45882536		Always	Meas Value	LOINC	Answer	S	LA9933-8	skos:exactMatch	1			
open-source	px_sdoh_combined_survey	radio	pxdhc3	2446	4	pxdhc3_4	Most of the time		45879199		Most of the time	Meas Value	LOINC	Answer	S	LA14734-0	skos:exactMatch	1			
open-source	px_sdoh_combined_survey	radio	pxdhc3	2445	3	pxdhc3_3	Sometimes		45882528		Sometimes	Meas Value	LOINC	Answer	S	LA10082-8	skos:exactMatch	1			
open-source	px_sdoh_combined_survey	radio	pxdhc3	2444	2	pxdhc3_2	Rarely		45876672		Rarely	Meas Value	LOINC	Answer	S	LA10066-1	skos:exactMatch	1			
open-source	px_sdoh_combined_survey	radio	pxdhc3	2443	1	pxdhc3_1	Never		45876662		Never	Meas Value	LOINC	Answer	S	LA6270-8	skos:exactMatch	1			
open-source	px_sdoh_combined_survey	radio	pxdhc2	2442	777	pxdhc2_777	Prefer not to say		36311156		Prefer not to say	Meas Value	LOINC	Answer	S	LA28803-7	skos:exactMatch	1			
open-source	px_sdoh_combined_survey	radio	pxdhc2	2441	5	pxdhc2_5	Always		45882536		Always	Meas Value	LOINC	Answer	S	LA9933-8	skos:exactMatch	1			
open-source	px_sdoh_combined_survey	radio	pxdhc2	2440	4	pxdhc2_4	Most of the time		45879199		Most of the time	Meas Value	LOINC	Answer	S	LA14734-0	skos:exactMatch	1			
open-source	px_sdoh_combined_survey	radio	pxdhc2	2439	3	pxdhc2_3	Sometimes		45882528		Sometimes	Meas Value	LOINC	Answer	S	LA10082-8	skos:exactMatch	1			
open-source	px_sdoh_combined_survey	radio	pxdhc2	2438	2	pxdhc2_2	Rarely		45876672		Rarely	Meas Value	LOINC	Answer	S	LA10066-1	skos:exactMatch	1			
open-source	px_sdoh_combined_survey	radio	pxdhc2	2437	1	pxdhc2_1	Never		45876662		Never	Meas Value	LOINC	Answer	S	LA6270-8	skos:exactMatch	1			
open-source	px_sdoh_combined_survey	radio	pxdhc1	2436	777	pxdhc1_777	Prefer not to say		36311156		Prefer not to say	Meas Value	LOINC	Answer	S	LA28803-7	skos:exactMatch	1			
open-source	px_sdoh_combined_survey	radio	pxdhc1	2435	5	pxdhc1_5	Always		45882536		Always	Meas Value	LOINC	Answer	S	LA9933-8	skos:exactMatch	1			
open-source	px_sdoh_combined_survey	radio	pxdhc1	2434	4	pxdhc1_4	Most of the time		45879199		Most of the time	Meas Value	LOINC	Answer	S	LA14734-0	skos:exactMatch	1			
open-source	px_sdoh_combined_survey	radio	pxdhc1	2433	3	pxdhc1_3	Sometimes		45882528		Sometimes	Meas Value	LOINC	Answer	S	LA10082-8	skos:exactMatch	1			
open-source	px_sdoh_combined_survey	radio	pxdhc1	2432	2	pxdhc1_2	Rarely		45876672		Rarely	Meas Value	LOINC	Answer	S	LA10066-1	skos:exactMatch	1			
open-source	px_sdoh_combined_survey	radio	pxdhc1	2431	1	pxdhc1_1	Never		45876662		Never	Meas Value	LOINC	Answer	S	LA6270-8	skos:exactMatch	1			
open-source	px_sdoh_combined_survey	radio	pxahc10	2430	555	pxahc10_555	Don't know		45876636		Don't know	Meas Value	LOINC	Answer	S	LA12688-0	skos:exactMatch	1			
open-source	px_sdoh_combined_survey	radio	pxahc10	2429	777	pxahc10_777	Prefer not to say		36311156		Prefer not to say	Meas Value	LOINC	Answer	S	LA28803-7	skos:exactMatch	1			
open-source	px_sdoh_combined_survey	radio	pxahc10	2428	0	pxahc10_0	No		45878245		No	Meas Value	LOINC	Answer	S	LA32-8	skos:exactMatch	1			
open-source	px_sdoh_combined_survey	radio	pxahc10	2427	1	pxahc10_1	Yes		45877994		Yes	Meas Value	LOINC	Answer	S	LA33-6	skos:exactMatch	1			
open-source	px_sdoh_combined_survey	radio	pxahc9	2426	555	pxahc9_555	Don't know		45876636		Don't know	Meas Value	LOINC	Answer	S	LA12688-0	skos:exactMatch	1			
open-source	px_sdoh_combined_survey	radio	pxahc9	2425	777	pxahc9_777	Prefer not to say		36311156		Prefer not to say	Meas Value	LOINC	Answer	S	LA28803-7	skos:exactMatch	1			
open-source	px_sdoh_combined_survey	radio	pxahc9	2424	0	pxahc9_0	No		45878245		No	Meas Value	LOINC	Answer	S	LA32-8	skos:exactMatch	1			
open-source	px_sdoh_combined_survey	radio	pxahc9	2423	1	pxahc9_1	Yes		45877994		Yes	Meas Value	LOINC	Answer	S	LA33-6	skos:exactMatch	1			
open-source	px_sdoh_combined_survey	radio	pxahc8	2422	555	pxahc8_555	Don't know		45876636		Don't know	Meas Value	LOINC	Answer	S	LA12688-0	skos:exactMatch	1			
open-source	px_sdoh_combined_survey	radio	pxahc8	2421	777	pxahc8_777	Prefer not to say		36311156		Prefer not to say	Meas Value	LOINC	Answer	S	LA28803-7	skos:exactMatch	1			
open-source	px_sdoh_combined_survey	radio	pxahc8	2420	0	pxahc8_0	No		45878245		No	Meas Value	LOINC	Answer	S	LA32-8	skos:exactMatch	1			
open-source	px_sdoh_combined_survey	radio	pxahc8	2419	1	pxahc8_1	Yes		45877994		Yes	Meas Value	LOINC	Answer	S	LA33-6	skos:exactMatch	1			
open-source	px_sdoh_combined_survey	dropdown	pxahc7	2418	555	pxahc7_555	Don't know		45876636		Don't know	Meas Value	LOINC	Answer	S	LA12688-0	skos:exactMatch	1			
open-source	px_sdoh_combined_survey	dropdown	pxahc7	2417	777	pxahc7_777	Prefer not to say		36311156		Prefer not to say	Meas Value	LOINC	Answer	S	LA28803-7	skos:exactMatch	1			
open-source	px_sdoh_combined_survey	dropdown	pxahc7	2410	0	pxahc7_0	None		45878582		None	Meas Value	LOINC	Answer	S	LA137-2	skos:exactMatch	1			
open-source	px_sdoh_combined_survey	dropdown	pxahc6	2409	555	pxahc6_555	Don't know		45876636		Don't know	Meas Value	LOINC	Answer	S	LA12688-0	skos:exactMatch	1			
open-source	px_sdoh_combined_survey	dropdown	pxahc6	2408	777	pxahc6_777	Prefer not to say		36311156		Prefer not to say	Meas Value	LOINC	Answer	S	LA28803-7	skos:exactMatch	1			
open-source	px_sdoh_combined_survey	dropdown	pxahc6	2401	0	pxahc6_0	None		45878582		None	Meas Value	LOINC	Answer	S	LA137-2	skos:exactMatch	1			
open-source	px_sdoh_combined_survey	radio	pxahc5	2400	555	pxahc5_555	Don't know		45876636		Don't know	Meas Value	LOINC	Answer	S	LA12688-0	skos:exactMatch	1			
open-source	px_sdoh_combined_survey	radio	pxahc5	2399	777	pxahc5_777	Prefer not to say		36311156		Prefer not to say	Meas Value	LOINC	Answer	S	LA28803-7	skos:exactMatch	1			
open-source	px_sdoh_combined_survey	radio	pxahc5	2397	5	pxahc5_5	Some other place		45878142		Other	Meas Value	LOINC	Answer	S	LA46-8	skos:closeMatch	1			
open-source	px_sdoh_combined_survey	radio	pxahc5	2395	3	pxahc5_3	Emergency room		45884373		Emergency room	Meas Value	LOINC	Answer	S	LA7172-5	skos:exactMatch	1			
open-source	px_sdoh_combined_survey	radio	pxahc4	2392	555	pxahc4_555	Don't know		45876636		Don't know	Meas Value	LOINC	Answer	S	LA12688-0	skos:exactMatch	1			
open-source	px_sdoh_combined_survey	radio	pxahc4	2391	777	pxahc4_777	Prefer not to say		36311156		Prefer not to say	Meas Value	LOINC	Answer	S	LA28803-7	skos:exactMatch	1			
open-source	px_sdoh_combined_survey	radio	pxahc4	2388	1	pxahc4_1	Yes		45877994		Yes	Meas Value	LOINC	Answer	S	LA33-6	skos:exactMatch	1			
open-source	px_sdoh_combined_survey	radio	pxahc3	2387	555	pxahc3_555	Don't know		45876636		Don't know	Meas Value	LOINC	Answer	S	LA12688-0	skos:exactMatch	1			
open-source	px_sdoh_combined_survey	radio	pxahc3	2386	777	pxahc3_777	Prefer not to say		36311156		Prefer not to say	Meas Value	LOINC	Answer	S	LA28803-7	skos:exactMatch	1			
open-source	px_sdoh_combined_survey	radio	pxahc3	2385	6	pxahc3_6	10 years ago or more		45881663		10 years or more	Meas Value	LOINC	Answer	S	LA13833-1	skos:closeMatch	0.75			
open-source	px_sdoh_combined_survey	radio	pxahc3	2383	4	pxahc3_4	Within the last 5 years (3 years but less than 5 years ago)		45880702		More than 3 years, but not more than 5 years ago	Meas Value	LOINC	Answer	S	LA14440-4	skos:exactMatch	1			
open-source	px_sdoh_combined_survey	radio	pxahc3	2382	3	pxahc3_3	Within the last 3 years (2 years but less than 3 years ago)		45876578		More than 2 years, but not more than 3 years ago	Meas Value	LOINC	Answer	S	LA14439-6	skos:exactMatch	1			
open-source	px_sdoh_combined_survey	radio	pxahc3	2381	2	pxahc3_2	Within the last 2 years (1 year but less than 2 years ago)		45876577		More than 1 year, but not more than 2 years ago	Meas Value	LOINC	Answer	S	LA14438-8	skos:exactMatch	1			
open-source	px_sdoh_combined_survey	radio	pxahc3	2380	1	pxahc3_1	Within the past year (anytime less than 12 months ago)		45876704		Within the past 12 months	Meas Value	LOINC	Answer	S	LA14700-1	skos:exactMatch	1			
open-source	px_sdoh_combined_survey	radio	pxahc3	2379	0	pxahc3_0	Never		45876662		Never	Meas Value	LOINC	Answer	S	LA6270-8	skos:exactMatch	1			
open-source	px_sdoh_combined_survey	radio	pxahc2	2378	777	pxahc2_777	Prefer not to say		36311156		Prefer not to say	Meas Value	LOINC	Answer	S	LA28803-7	skos:exactMatch	1			
open-source	px_sdoh_combined_survey	radio	pxahc2	2377	555	pxahc2_555	Don't know		45876636		Don't know	Meas Value	LOINC	Answer	S	LA12688-0	skos:exactMatch	1			
open-source	px_sdoh_combined_survey	radio	pxahc2	2376	0	pxahc2_0	No		45878245		No	Meas Value	LOINC	Answer	S	LA32-8	skos:exactMatch	1			
open-source	px_sdoh_combined_survey	radio	pxahc2	2375	1	pxahc2_1	Yes		45877994		Yes	Meas Value	LOINC	Answer	S	LA33-6	skos:exactMatch	1			
open-source	px_sdoh_combined_survey	radio	pxahc1	2374	555	pxahc1_555	Don't know		45876636		Don't know	Meas Value	LOINC	Answer	S	LA12688-0	skos:exactMatch	1			
open-source	px_sdoh_combined_survey	radio	pxahc1	2373	777	pxahc1_777	Prefer not to say		36311156		Prefer not to say	Meas Value	LOINC	Answer	S	LA28803-7	skos:exactMatch	1			
open-source	px_sdoh_combined_survey	radio	pxahc1	2372	6	pxahc1_6	10 years ago or more		45881663		10 years or more	Meas Value	LOINC	Answer	S	LA13833-1	skos:closeMatch	0.75			
open-source	px_sdoh_combined_survey	radio	pxahc1	2370	4	pxahc1_4	Within the last 5 years (3 years but less than 5 years ago)		45880702		More than 3 years, but not more than 5 years ago	Meas Value	LOINC	Answer	S	LA14440-4	skos:exactMatch	1			
open-source	px_sdoh_combined_survey	radio	pxahc1	2369	3	pxahc1_3	Within the last 3 years (2 years but less than 3 years ago)		45876578		More than 2 years, but not more than 3 years ago	Meas Value	LOINC	Answer	S	LA14439-6	skos:exactMatch	1			
open-source	px_sdoh_combined_survey	radio	pxahc1	2368	2	pxahc1_2	Within the last 2 years (1 year but less than 2 years ago)		45876577		More than 1 year, but not more than 2 years ago	Meas Value	LOINC	Answer	S	LA14438-8	skos:exactMatch	1			
open-source	px_sdoh_combined_survey	radio	pxahc1	2367	1	pxahc1_1	Within the past year (anytime less than 12 months ago)		45876704		Within the past 12 months	Meas Value	LOINC	Answer	S	LA14700-1	skos:exactMatch	1			
open-source	px_sdoh_combined_survey	radio	pxahc1	2366	0	pxahc1_0	Never		45876662		Never	Meas Value	LOINC	Answer	S	LA6270-8	skos:exactMatch	1			
open-source	px_sdoh_combined_survey	radio	pxhic8	2365	777	pxhic8_777	Prefer not to say		36311156		Prefer not to say	Meas Value	LOINC	Answer	S	LA28803-7	skos:exactMatch	1			
open-source	px_sdoh_combined_survey	radio	pxhic7	2362	777	pxhic7_777	Prefer not to say		36311156		Prefer not to say	Meas Value	LOINC	Answer	S	LA28803-7	skos:exactMatch	1			
open-source	px_sdoh_combined_survey	radio	pxhic7	2361	999	pxhic7_999	Not Sure		45884425		Not sure	Meas Value	LOINC	Answer	S	LA12693-0	skos:exactMatch	1			
open-source	px_sdoh_combined_survey	radio	pxhic7	2360	0	pxhic7_0	Not Covered		45881114		Not Covered by Insurance	Meas Value	LOINC	Answer	S	LA10041-4	skos:exactMatch	1			
open-source	px_sdoh_combined_survey	radio	pxhic5	2354	777	pxhic5_777	Prefer not to say		36311156		Prefer not to say	Meas Value	LOINC	Answer	S	LA28803-7	skos:exactMatch	1			
open-source	px_sdoh_combined_survey	radio	pxhic5	2353	999	pxhic5_999	Not Sure		45884425		Not sure	Meas Value	LOINC	Answer	S	LA12693-0	skos:exactMatch	1			
open-source	px_sdoh_combined_survey	radio	pxhic5	2352	0	pxhic5_0	Not Covered		45881114		Not Covered by Insurance	Meas Value	LOINC	Answer	S	LA10041-4	skos:exactMatch	1			
open-source	px_sdoh_combined_survey	radio	pxhic4	2350	777	pxhic4_777	Prefer not to say		36311156		Prefer not to say	Meas Value	LOINC	Answer	S	LA28803-7	skos:exactMatch	1			
open-source	px_sdoh_combined_survey	radio	pxhic4	2349	999	pxhic4_999	Not Sure		45884425		Not sure	Meas Value	LOINC	Answer	S	LA12693-0	skos:exactMatch	1			
open-source	px_sdoh_combined_survey	radio	pxhic4	2348	0	pxhic4_0	Not Covered		45881114		Not Covered by Insurance	Meas Value	LOINC	Answer	S	LA10041-4	skos:exactMatch	1			
open-source	px_sdoh_combined_survey	radio	pxhic3	2346	777	pxhic3_777	Prefer not to say		36311156		Prefer not to say	Meas Value	LOINC	Answer	S	LA28803-7	skos:exactMatch	1			
open-source	px_sdoh_combined_survey	radio	pxhic3	2345	999	pxhic3_999	Not Sure		45884425		Not sure	Meas Value	LOINC	Answer	S	LA12693-0	skos:exactMatch	1			
open-source	px_sdoh_combined_survey	radio	pxhic3	2344	0	pxhic3_0	Not Covered		45881114		Not Covered by Insurance	Meas Value	LOINC	Answer	S	LA10041-4	skos:exactMatch	1			
open-source	px_sdoh_combined_survey	radio	pxhic2	2342	777	pxhic2_777	Prefer not to say		36311156		Prefer not to say	Meas Value	LOINC	Answer	S	LA28803-7	skos:exactMatch	1			
open-source	px_sdoh_combined_survey	radio	pxhic2	2341	999	pxhic2_999	Not Sure		45884425		Not sure	Meas Value	LOINC	Answer	S	LA12693-0	skos:exactMatch	1			
open-source	px_sdoh_combined_survey	radio	pxhic2	2340	0	pxhic2_0	Not Covered		45881114		Not Covered by Insurance	Meas Value	LOINC	Answer	S	LA10041-4	skos:exactMatch	1			
open-source	px_sdoh_combined_survey	radio	pxhic1	2338	777	pxhic1_777	Prefer not to say		36311156		Prefer not to say	Meas Value	LOINC	Answer	S	LA28803-7	skos:exactMatch	1			
open-source	px_sdoh_combined_survey	radio	pxhic1	2337	999	pxhic1_999	Not Sure		45884425		Not sure	Meas Value	LOINC	Answer	S	LA12693-0	skos:exactMatch	1			
open-source	px_sdoh_combined_survey	radio	pxhic1	2336	0	pxhic1_0	Not Covered		45881114		Not Covered by Insurance	Meas Value	LOINC	Answer	S	LA10041-4	skos:exactMatch	1			
open-source	px_sdoh_combined_survey	radio	pxpa4	2334	555	pxpa4_555	Don't know		45876636		Don't know	Meas Value	LOINC	Answer	S	LA12688-0	skos:exactMatch	1			
open-source	px_sdoh_combined_survey	radio	pxpa4	2333	777	pxpa4_777	Prefer not to say		36311156		Prefer not to say	Meas Value	LOINC	Answer	S	LA28803-7	skos:exactMatch	1			
open-source	px_sdoh_combined_survey	radio	pxpa4	2332	0	pxpa4_0	No		45878245		No	Meas Value	LOINC	Answer	S	LA32-8	skos:exactMatch	1			
open-source	px_sdoh_combined_survey	radio	pxpa4	2331	1	pxpa4_1	Yes		45877994		Yes	Meas Value	LOINC	Answer	S	LA33-6	skos:exactMatch	1			
open-source	px_sdoh_combined_survey	radio	pxpa3	2330	555	pxpa3_555	Don't know		45876636		Don't know	Meas Value	LOINC	Answer	S	LA12688-0	skos:exactMatch	1			
open-source	px_sdoh_combined_survey	radio	pxpa3	2329	777	pxpa3_777	Prefer not to say		36311156		Prefer not to say	Meas Value	LOINC	Answer	S	LA28803-7	skos:exactMatch	1			
open-source	px_sdoh_combined_survey	radio	pxpa3	2328	0	pxpa3_0	No		45878245		No	Meas Value	LOINC	Answer	S	LA32-8	skos:exactMatch	1			
open-source	px_sdoh_combined_survey	radio	pxpa3	2327	1	pxpa3_1	Yes		45877994		Yes	Meas Value	LOINC	Answer	S	LA33-6	skos:exactMatch	1			
open-source	px_sdoh_combined_survey	radio	pxpa2	2326	555	pxpa2_555	Don't know		45876636		Don't know	Meas Value	LOINC	Answer	S	LA12688-0	skos:exactMatch	1			
open-source	px_sdoh_combined_survey	radio	pxpa2	2325	777	pxpa2_777	Prefer not to say		36311156		Prefer not to say	Meas Value	LOINC	Answer	S	LA28803-7	skos:exactMatch	1			
open-source	px_sdoh_combined_survey	radio	pxpa2	2324	0	pxpa2_0	No		45878245		No	Meas Value	LOINC	Answer	S	LA32-8	skos:exactMatch	1			
open-source	px_sdoh_combined_survey	radio	pxpa2	2323	1	pxpa2_1	Yes		45877994		Yes	Meas Value	LOINC	Answer	S	LA33-6	skos:exactMatch	1			
open-source	px_sdoh_combined_survey	radio	pxpa1	2322	555	pxpa1_555	Don't know		45876636		Don't know	Meas Value	LOINC	Answer	S	LA12688-0	skos:exactMatch	1			
open-source	px_sdoh_combined_survey	radio	pxpa1	2321	777	pxpa1_777	Prefer not to say		36311156		Prefer not to say	Meas Value	LOINC	Answer	S	LA28803-7	skos:exactMatch	1			
open-source	px_sdoh_combined_survey	radio	pxpa1	2320	0	pxpa1_0	No		45878245		No	Meas Value	LOINC	Answer	S	LA32-8	skos:exactMatch	1			
open-source	px_sdoh_combined_survey	radio	pxpa1	2319	1	pxpa1_1	Yes		45877994		Yes	Meas Value	LOINC	Answer	S	LA33-6	skos:exactMatch	1			
open-source	px_sdoh_combined_survey	checkbox	pxhi2	2318	777	pxhi2_777	Prefer not to say		36311156		Prefer not to say	Meas Value	LOINC	Answer	S	LA28803-7	skos:exactMatch	1			
open-source	px_sdoh_combined_survey	checkbox	pxhi2	2317	8	pxhi2_8	None of the above		45878802		None of the above	Meas Value	LOINC	Answer	S	LA9-3	skos:exactMatch	1			
open-source	px_sdoh_combined_survey	checkbox	pxhi2	2316	7	pxhi2_7	Water leaks		1620583		Water leaks	Meas Value	LOINC	Answer	S	LA32001-2	skos:exactMatch	1			
open-source	px_sdoh_combined_survey	checkbox	pxhi2	2315	6	pxhi2_6	Smoke detectors missing or not working		1620304		Smoke detectors missing or not working	Meas Value	LOINC	Answer	S	LA32000-4	skos:exactMatch	1			
open-source	px_sdoh_combined_survey	checkbox	pxhi2	2314	5	pxhi2_5	Oven or stove not working		1620572		Oven or stove not working	Meas Value	LOINC	Answer	S	LA31999-8	skos:exactMatch	1			
open-source	px_sdoh_combined_survey	checkbox	pxhi2	2313	4	pxhi2_4	Lack of heat		1620632		Lack of heat	Meas Value	LOINC	Answer	S	LA31998-0	skos:exactMatch	1			
open-source	px_sdoh_combined_survey	checkbox	pxhi2	2312	3	pxhi2_3	Lead paint or pipes		1621120		Lead paint or pipes	Meas Value	LOINC	Answer	S	LA31997-2	skos:exactMatch	1			
open-source	px_sdoh_combined_survey	checkbox	pxhi2	2311	2	pxhi2_2	Mold		36307605		Mold	Meas Value	LOINC	Answer	S	LA28580-1	skos:exactMatch	1			
open-source	px_sdoh_combined_survey	checkbox	pxhi2	2310	1	pxhi2_1	Pests such as bugs, ants, or mice		1621241		Pests such as bugs, ants, or mice	Meas Value	LOINC	Answer	S	LA31996-4	skos:exactMatch	1			
open-source	px_sdoh_combined_survey	radio	pxhi1	2309	777	pxhi1_777	Prefer not to say		36311156		Prefer not to say	Meas Value	LOINC	Answer	S	LA28803-7	skos:exactMatch	1			
open-source	px_sdoh_combined_survey	radio	pxhi1	2308	0	pxhi1_0	I do not have a steady place to live (I am temporarily staying with others, in a hotel, in a shelter, living outside on the street, on a beach, in a car, abandoned building, bus or train station, or in a park)		1621285		I do not have a steady place to live (I am temporarily staying with others, in a hotel, in a shelter, living outside on the street, on a beach, in a car, abandoned building, bus or train station, or in a park)	Meas Value	LOINC	Answer	S	LA31995-6	skos:exactMatch	1			
open-source	px_sdoh_combined_survey	radio	pxhi1	2307	2	pxhi1_2	I have a place to live today, but I am worried about losing it in the future		1620991		I have a place to live today, but I am worried about losing it in the future	Meas Value	LOINC	Answer	S	LA31994-9	skos:exactMatch	1			
open-source	px_sdoh_combined_survey	radio	pxhi1	2306	1	pxhi1_1	I have a steady place to live		1620541		I have a steady place to live	Meas Value	LOINC	Answer	S	LA31993-1	skos:exactMatch	1			
open-source	px_sdoh_combined_survey	radio	pxji2	2305	0	pxji2_0	Not applicable		45882470		Not applicable	Meas Value	LOINC	Answer	S	LA4720-4	skos:exactMatch	1			
open-source	px_sdoh_combined_survey	radio	pxji2	2304	777	pxji2_777	Prefer not to say		36311156		Prefer not to say	Meas Value	LOINC	Answer	S	LA28803-7	skos:exactMatch	1			
open-source	px_sdoh_combined_survey	radio	pxji2	2303	555	pxji2_555	Don't know		45876636		Don't know	Meas Value	LOINC	Answer	S	LA12688-0	skos:exactMatch	1			
open-source	px_sdoh_combined_survey	radio	pxji2	2302	3	pxji2_3	Not easy at all		45884578		Very difficult	Meas Value	LOINC	Answer	S	LA6575-0	skos:closeMatch	1			
open-source	px_sdoh_combined_survey	radio	pxji2	2301	2	pxji2_2	Somewhat easy		1989725		Somewhat easy	Meas Value	LOINC	Answer	S	LA33161-3	skos:exactMatch	1			
open-source	px_sdoh_combined_survey	radio	pxji2	2300	1	pxji2_1	Very easy		1989852		Very easy	Meas Value	LOINC	Answer	S	LA33160-5	skos:exactMatch	1			
open-source	px_sdoh_combined_survey	radio	pxji1	2299	0	pxji1_0	Not applicable		45882470		Not applicable	Meas Value	LOINC	Answer	S	LA4720-4	skos:exactMatch	1			
open-source	px_sdoh_combined_survey	radio	pxji1	2298	777	pxji1_777	Prefer not to say		36311156		Prefer not to say	Meas Value	LOINC	Answer	S	LA28803-7	skos:exactMatch	1			
open-source	px_sdoh_combined_survey	radio	pxji1	2297	555	pxji1_555	Don't know		45876636		Don't know	Meas Value	LOINC	Answer	S	LA12688-0	skos:exactMatch	1			
open-source	px_sdoh_combined_survey	radio	pxji1	2295	4	pxji1_4	Not at all likely		45877240		Very unlikely	Meas Value	LOINC	Answer	S	LA15589-7	skos:closeMatch	1			
open-source	px_sdoh_combined_survey	radio	pxji1	2294	3	pxji1_3	Not too likely		1990595		Somewhat unlikely	Meas Value	LOINC	Answer	S	LA33144-9	skos:closeMatch	1			
open-source	px_sdoh_combined_survey	radio	pxji1	2293	2	pxji1_2	Fairly likely		1989775		Somewhat likely	Meas Value	LOINC	Answer	S	LA33145-6	skos:closeMatch	1			
open-source	px_sdoh_combined_survey	radio	pxji1	2292	1	pxji1_1	Very likely		45880190		Very likely	Meas Value	LOINC	Answer	S	LA15586-3	skos:exactMatch	1			
open-source	px_sdoh_combined_survey	dropdown	pxed1	2291	555	pxed1_555	Don't know		45876636		Don't know	Meas Value	LOINC	Answer	S	LA12688-0	skos:exactMatch	1			
open-source	px_sdoh_combined_survey	dropdown	pxed1	2290	777	pxed1_777	Prefer not to say		36311156		Prefer not to say	Meas Value	LOINC	Answer	S	LA28803-7	skos:exactMatch	1			
open-source	px_sdoh_combined_survey	dropdown	pxed1	2289	21	pxed1_21	Doctoral Degree (Example: PhD, EdD)		45884463		Doctoral degree (example: PhD, EdD)	Meas Value	LOINC	Answer	S	LA15626-7	skos:exactMatch	1			
open-source	px_sdoh_combined_survey	dropdown	pxed1	2288	20	pxed1_20	Professional School Degree (Example: MD, DDS, DVM, JD)		45883176		Professional school degree (example: MD, DDS, DVM, JD)	Meas Value	LOINC	Answer	S	LA15625-9	skos:exactMatch	1			
open-source	px_sdoh_combined_survey	dropdown	pxed1	2287	19	pxed1_19	Master's Degree (Example: MA, MS, MEng, MEd, MBA)		45878298		Master's degree (e.g., MA, MS, MEng, MEd, MSW, MBA)	Meas Value	LOINC	Answer	S	LA12461-2	skos:exactMatch	1			
open-source	px_sdoh_combined_survey	dropdown	pxed1	2286	18	pxed1_18	Bachelor's Degree (Example: BA, AB, BS, BBA)		45884155		Bachelor's degree (e.g., BA, AB, BS)	Meas Value	LOINC	Answer	S	LA12460-4	skos:exactMatch	1			
open-source	px_sdoh_combined_survey	dropdown	pxed1	2285	17	pxed1_17	Associate Degree: Academic Program		45884462		Associate degree: academic program	Meas Value	LOINC	Answer	S	LA15622-6	skos:exactMatch	1			
open-source	px_sdoh_combined_survey	dropdown	pxed1	2284	16	pxed1_16	Associate Degree: Occupational, Technical, or Vocational Program		45881674		Associate degree: occupational, technical, or vocational program	Meas Value	LOINC	Answer	S	LA15621-8	skos:exactMatch	1			
open-source	px_sdoh_combined_survey	dropdown	pxed1	2283	15	pxed1_15	Some College, No degree		45882538		Some college, no degree	Meas Value	LOINC	Answer	S	LA15620-0	skos:exactMatch	1			
open-source	px_sdoh_combined_survey	dropdown	pxed1	2282	14	pxed1_14	GED or Equivalent		45881673		GED or equivalent	Meas Value	LOINC	Answer	S	LA15619-2	skos:exactMatch	1			
open-source	px_sdoh_combined_survey	dropdown	pxed1	2281	13	pxed1_13	High School Graduate		45884464		High school graduate	Meas Value	LOINC	Answer	S	LA15564-0	skos:exactMatch	1			
open-source	px_sdoh_combined_survey	dropdown	pxed1	2280	12	pxed1_12	12TH Grade, No diploma		45884461		12th grade, no diploma	Meas Value	LOINC	Answer	S	LA15618-4	skos:exactMatch	1			
open-source	px_sdoh_combined_survey	dropdown	pxed1	2279	11	pxed1_11	11TH Grade		45883714		11th grade	Meas Value	LOINC	Answer	S	LA15617-6	skos:exactMatch	1			
open-source	px_sdoh_combined_survey	dropdown	pxed1	2278	10	pxed1_10	10TH Grade		45876393		10th grade	Meas Value	LOINC	Answer	S	LA15616-8	skos:exactMatch	1			
open-source	px_sdoh_combined_survey	dropdown	pxed1	2277	9	pxed1_9	9TH Grade		45884460		9th grade	Meas Value	LOINC	Answer	S	LA15615-0	skos:exactMatch	1			
open-source	px_sdoh_combined_survey	dropdown	pxed1	2276	8	pxed1_8	8TH Grade		45876759		8th grade	Meas Value	LOINC	Answer	S	LA15614-3	skos:exactMatch	1			
open-source	px_sdoh_combined_survey	dropdown	pxed1	2275	7	pxed1_7	7TH Grade		45883713		7th grade	Meas Value	LOINC	Answer	S	LA15613-5	skos:exactMatch	1			
open-source	px_sdoh_combined_survey	dropdown	pxed1	2274	6	pxed1_6	6TH Grade		45883377		6th grade	Meas Value	LOINC	Answer	S	LA15612-7	skos:exactMatch	1			
open-source	px_sdoh_combined_survey	dropdown	pxed1	2273	5	pxed1_5	5TH Grade		45876758		5th grade	Meas Value	LOINC	Answer	S	LA15611-9	skos:exactMatch	1			
open-source	px_sdoh_combined_survey	dropdown	pxed1	2272	4	pxed1_4	4TH Grade		45881672		4th grade	Meas Value	LOINC	Answer	S	LA15610-1	skos:exactMatch	1			
open-source	px_sdoh_combined_survey	dropdown	pxed1	2271	3	pxed1_3	3RD Grade		45883376		3rd grade	Meas Value	LOINC	Answer	S	LA15609-3	skos:exactMatch	1			
open-source	px_sdoh_combined_survey	dropdown	pxed1	2270	2	pxed1_2	2ND Grade		45876392		2nd grade	Meas Value	LOINC	Answer	S	LA15608-5	skos:exactMatch	1			
open-source	px_sdoh_combined_survey	dropdown	pxed1	2269	1	pxed1_1	1ST Grade		45876757		1st grade	Meas Value	LOINC	Answer	S	LA15607-7	skos:exactMatch	1			
open-source	px_sdoh_combined_survey	dropdown	pxed1	2268	0	pxed1_0	NEVER ATTENDED/KINDERGARTEN ONLY		45883712		Never attended/kindergarten only	Meas Value	LOINC	Answer	S	LA15606-9	skos:exactMatch	1			
open-source	px_sdoh_combined_survey	radio	pxep3	2267	555	pxep3_555	Don't know		45876636		Don't know	Meas Value	LOINC	Answer	S	LA12688-0	skos:exactMatch	1			
open-source	px_sdoh_combined_survey	radio	pxep3	2266	777	pxep3_777	Prefer not to say		36311156		Prefer not to say	Meas Value	LOINC	Answer	S	LA28803-7	skos:exactMatch	1			
open-source	px_sdoh_combined_survey	radio	pxep3	2265	0	pxep3_0	Not at all		45883172		Not at all	Meas Value	LOINC	Answer	S	LA6568-5	skos:exactMatch	1			
open-source	px_sdoh_combined_survey	radio	pxep3	2264	3	pxep3_3	Not well		45877706		Not well	Meas Value	LOINC	Answer	S	LA18366-7	skos:exactMatch	1			
open-source	px_sdoh_combined_survey	radio	pxep3	2263	2	pxep3_2	Well		45877705		Well	Meas Value	LOINC	Answer	S	LA18365-9	skos:exactMatch	1			
open-source	px_sdoh_combined_survey	radio	pxep3	2262	1	pxep3_1	Very well		45877707		Very well	Meas Value	LOINC	Answer	S	LA15367-8	skos:exactMatch	1			
open-source	px_sdoh_combined_survey	radio	pxep2	2261	777	pxep2_777	Prefer not to say		36311156		Prefer not to say	Meas Value	LOINC	Answer	S	LA28803-7	skos:exactMatch	1			
open-source	px_sdoh_combined_survey	radio	pxep2	2260	0	pxep2_0	No		45878245		No	Meas Value	LOINC	Answer	S	LA32-8	skos:exactMatch	1			
open-source	px_sdoh_combined_survey	radio	pxep2	2259	1	pxep2_1	Yes		37079013		Language other than English	Meas Value	LOINC	Answer	S	LA30188-9	skos:closeMatch	1			
open-source	px_sdoh_combined_survey	radio	pxep1	2258	777	pxep1_777	Prefer not to say		36311156		Prefer not to say	Meas Value	LOINC	Answer	S	LA28803-7	skos:exactMatch	1			
open-source	px_sdoh_combined_survey	radio	pxep1	2257	0	pxep1_0	No		45878245		No	Meas Value	LOINC	Answer	S	LA32-8	skos:exactMatch	1			
open-source	px_sdoh_combined_survey	radio	pxep1	2256	1	pxep1_1	Yes		45877994		Yes	Meas Value	LOINC	Answer	S	LA33-6	skos:exactMatch	1			
open-source	ophthalmic_survey	radio	via6	2255	777	via6_777	Prefer not to say		36311156		Prefer not to say	Meas Value	LOINC	Answer	S	LA28803-7	skos:exactMatch	1			
open-source	ophthalmic_survey	radio	via6	2254	5	via6_5	Never		45876662		Never	Meas Value	LOINC	Answer	S	LA6270-8	skos:exactMatch	1			
open-source	ophthalmic_survey	radio	via6	2253	4	via6_4	2 or more years ago		1990160		More than 2 years ago (more than 105 weeks ago)	Meas Value	LOINC	Answer	S	LA32867-6	skos:closeMatch	1			
open-source	ophthalmic_survey	radio	via6	2251	2	via6_2	Within the past year (1 month but less than 12 months ago)		45883457		More than 30 days ago but within the past 12 months	Meas Value	LOINC	Answer	S	LA15789-3	skos:exactMatch	1			
open-source	ophthalmic_survey	radio	via6	2250	1	via6_1	Within the past month (anytime less than 1 month ago)		45882114		Within 30 days	Meas Value	LOINC	Answer	S	LA160-4	skos:closeMatch	1			
open-source	ophthalmic_survey	radio	via5	2249	777	via5_777	Prefer not to say		36311156		Prefer not to say	Meas Value	LOINC	Answer	S	LA28803-7	skos:exactMatch	1			
open-source	ophthalmic_survey	radio	via5	2248	7	via5_7	Other		45878142		Other	Meas Value	LOINC	Answer	S	LA46-8	skos:exactMatch	1			
open-source	ophthalmic_survey	radio	via4	2241	777	via4_777	Prefer not to say		36311156		Prefer not to say	Meas Value	LOINC	Answer	S	LA28803-7	skos:exactMatch	1			
open-source	ophthalmic_survey	radio	via4	2240	4	via4_4	2 or more years ago		1990160		More than 2 years ago (more than 105 weeks ago)	Meas Value	LOINC	Answer	S	LA32867-6	skos:closeMatch	1			
open-source	ophthalmic_survey	radio	via4	2238	2	via4_2	Within the past year (1 month but less than 12 months ago)		45883457		More than 30 days ago but within the past 12 months	Meas Value	LOINC	Answer	S	LA15789-3	skos:exactMatch	1			
open-source	ophthalmic_survey	radio	via4	2237	1	via4_1	Within the past month (anytime less than 1 month ago)		45882114		Within 30 days	Meas Value	LOINC	Answer	S	LA160-4	skos:closeMatch	1			
open-source	ophthalmic_survey	radio	via3	2236	777	via3_777	Prefer not to say		36311156		Prefer not to say	Meas Value	LOINC	Answer	S	LA28803-7	skos:exactMatch	1			
open-source	ophthalmic_survey	radio	via3	2235	5	via3_5	Unable to do because of eyesight		45879202		Stopped doing this because of your eyesight	Meas Value	LOINC	Answer	S	LA14735-7	skos:exactMatch	1			
open-source	ophthalmic_survey	radio	via3	2234	4	via3_4	Extreme difficulty		45880767		Extreme difficulty	Meas Value	LOINC	Answer	S	LA15727-3	skos:exactMatch	1			
open-source	ophthalmic_survey	radio	via3	2233	3	via3_3	Moderate difficulty		45879201		Moderate difficulty	Meas Value	LOINC	Answer	S	LA15726-5	skos:exactMatch	1			
open-source	ophthalmic_survey	radio	via3	2232	2	via3_2	A little difficulty		45883842		A little difficulty	Meas Value	LOINC	Answer	S	LA15725-7	skos:exactMatch	1			
open-source	ophthalmic_survey	radio	via3	2231	1	via3_1	No difficulty		45878948		No difficulty	Meas Value	LOINC	Answer	S	LA15227-4	skos:exactMatch	1			
open-source	ophthalmic_survey	radio	via2	2230	777	via2_777	Prefer not to say		36311156		Prefer not to say	Meas Value	LOINC	Answer	S	LA28803-7	skos:exactMatch	1			
open-source	ophthalmic_survey	radio	via2	2229	5	via2_5	Unable to do because of eyesight		45879202		Stopped doing this because of your eyesight	Meas Value	LOINC	Answer	S	LA14735-7	skos:exactMatch	1			
open-source	ophthalmic_survey	radio	via2	2228	4	via2_4	Extreme difficulty		45880767		Extreme difficulty	Meas Value	LOINC	Answer	S	LA15727-3	skos:exactMatch	1			
open-source	ophthalmic_survey	radio	via2	2227	3	via2_3	Moderate difficulty		45879201		Moderate difficulty	Meas Value	LOINC	Answer	S	LA15726-5	skos:exactMatch	1			
open-source	ophthalmic_survey	radio	via2	2226	2	via2_2	A little difficulty		45883842		A little difficulty	Meas Value	LOINC	Answer	S	LA15725-7	skos:exactMatch	1			
open-source	ophthalmic_survey	radio	via2	2225	1	via2_1	No difficulty		45878948		No difficulty	Meas Value	LOINC	Answer	S	LA15227-4	skos:exactMatch	1			
open-source	ophthalmic_survey	radio	via1	2224	777	via1_777	Prefer not to say		36311156		Prefer not to say	Meas Value	LOINC	Answer	S	LA28803-7	skos:exactMatch	1			
open-source	ophthalmic_survey	radio	via1	2223	5	via1_5	Unable to do because of eyesight		45879202		Stopped doing this because of your eyesight	Meas Value	LOINC	Answer	S	LA14735-7	skos:exactMatch	1			
open-source	ophthalmic_survey	radio	via1	2222	4	via1_4	Extreme difficulty		45880767		Extreme difficulty	Meas Value	LOINC	Answer	S	LA15727-3	skos:exactMatch	1			
open-source	ophthalmic_survey	radio	via1	2221	3	via1_3	Moderate difficulty		45879201		Moderate difficulty	Meas Value	LOINC	Answer	S	LA15726-5	skos:exactMatch	1			
open-source	ophthalmic_survey	radio	via1	2220	2	via1_2	A little difficulty		45883842		A little difficulty	Meas Value	LOINC	Answer	S	LA15725-7	skos:exactMatch	1			
open-source	ophthalmic_survey	radio	via1	2219	1	via1_1	No difficulty		45878948		No difficulty	Meas Value	LOINC	Answer	S	LA15227-4	skos:exactMatch	1			
open-source	dietary_survey	radio	diet9	2218	777	diet9_777	Prefer not to say		36311156		Prefer not to say	Meas Value	LOINC	Answer	S	LA28803-7	skos:exactMatch	1			
open-source	dietary_survey	radio	diet9	2217	2	diet9_2	3 or more		45878438		3 or more	Meas Value	LOINC	Answer	S	LA19812-9	skos:exactMatch	1			
open-source	dietary_survey	radio	diet9	2216	1	diet9_1	1 - 2		45884526		1-2	Meas Value	LOINC	Answer	S	LA14352-1	skos:exactMatch	1			
open-source	dietary_survey	radio	diet8	2214	777	diet8_777	Prefer not to say		36311156		Prefer not to say	Meas Value	LOINC	Answer	S	LA28803-7	skos:exactMatch	1			
open-source	dietary_survey	radio	diet8	2213	2	diet8_2	A lot		45883539		A lot	Meas Value	LOINC	Answer	S	LA14468-5	skos:exactMatch	1			
open-source	dietary_survey	radio	diet8	2212	1	diet8_1	Some		45876729		Some	Meas Value	LOINC	Answer	S	LA14973-4	skos:exactMatch	1			
open-source	dietary_survey	radio	diet8	2211	0	diet8_0	Very little		45877927		Very little	Meas Value	LOINC	Answer	S	LA13947-9	skos:exactMatch	1			
open-source	dietary_survey	radio	diet7	2210	777	diet7_777	Prefer not to say		36311156		Prefer not to say	Meas Value	LOINC	Answer	S	LA28803-7	skos:exactMatch	1			
open-source	dietary_survey	radio	diet7	2209	2	diet7_2	4 or more times		46238128		4 or more times	Meas Value	LOINC	Answer	S	LA23713-3	skos:exactMatch	1			
open-source	dietary_survey	radio	diet7	2208	1	diet7_1	2 - 3 times		36308308		2-3 times	Meas Value	LOINC	Answer	S	LA28443-2	skos:exactMatch	1			
open-source	dietary_survey	radio	diet6	2206	777	diet6_777	Prefer not to say		36311156		Prefer not to say	Meas Value	LOINC	Answer	S	LA28803-7	skos:exactMatch	1			
open-source	dietary_survey	radio	diet6	2205	2	diet6_2	4 or more times		46238128		4 or more times	Meas Value	LOINC	Answer	S	LA23713-3	skos:exactMatch	1			
open-source	dietary_survey	radio	diet6	2204	1	diet6_1	2 - 3 times		36308308		2-3 times	Meas Value	LOINC	Answer	S	LA28443-2	skos:exactMatch	1			
open-source	dietary_survey	radio	diet5	2202	777	diet5_777	Prefer not to say		36311156		Prefer not to say	Meas Value	LOINC	Answer	S	LA28803-7	skos:exactMatch	1			
open-source	dietary_survey	radio	diet5	2200	1	diet5_1	1 - 2 times		46237352		1-2 times	Meas Value	LOINC	Answer	S	LA23695-2	skos:exactMatch	1			
open-source	dietary_survey	radio	diet5	2199	0	diet5_0	3 or more times		45882029		3 or more times	Meas Value	LOINC	Answer	S	LA14665-6	skos:exactMatch	1			
open-source	dietary_survey	radio	diet4	2198	777	diet4_777	Prefer not to say		36311156		Prefer not to say	Meas Value	LOINC	Answer	S	LA28803-7	skos:exactMatch	1			
open-source	dietary_survey	radio	diet4	2197	2	diet4_2	3 or more		45878438		3 or more	Meas Value	LOINC	Answer	S	LA19812-9	skos:exactMatch	1			
open-source	dietary_survey	radio	diet4	2196	1	diet4_1	1 - 2		45884526		1-2	Meas Value	LOINC	Answer	S	LA14352-1	skos:exactMatch	1			
open-source	dietary_survey	radio	diet3	2194	777	diet3_777	Prefer not to say		36311156		Prefer not to say	Meas Value	LOINC	Answer	S	LA28803-7	skos:exactMatch	1			
open-source	dietary_survey	radio	diet3	2192	1	diet3_1	3 - 4		45882611		3-4	Meas Value	LOINC	Answer	S	LA14353-9	skos:exactMatch	1			
open-source	dietary_survey	radio	diet2	2190	777	diet2_777	Prefer not to say		36311156		Prefer not to say	Meas Value	LOINC	Answer	S	LA28803-7	skos:exactMatch	1			
open-source	dietary_survey	radio	diet2	2188	1	diet2_1	3 - 4		45882611		3-4	Meas Value	LOINC	Answer	S	LA14353-9	skos:exactMatch	1			
open-source	dietary_survey	radio	diet1	2186	777	diet1_777	Prefer not to say		36311156		Prefer not to say	Meas Value	LOINC	Answer	S	LA28803-7	skos:exactMatch	1			
open-source	dietary_survey	radio	diet1	2185	2	diet1_2	4 or more times		46238128		4 or more times	Meas Value	LOINC	Answer	S	LA23713-3	skos:exactMatch	1			
open-source	diabetes_survey	radio	dmlmd	2182	777	dmlmd_777	Prefer not to say		36311156		Prefer not to say	Meas Value	LOINC	Answer	S	LA28803-7	skos:exactMatch	1			
open-source	diabetes_survey	radio	dmlfeet	2178	777	dmlfeet_777	Prefer not to say		36311156		Prefer not to say	Meas Value	LOINC	Answer	S	LA28803-7	skos:exactMatch	1			
open-source	diabetes_survey	radio	dmlfeet	2177	0	dmlfeet_0	Rarely or none		45883771		Rarely or never	Meas Value	LOINC	Answer	S	LA15665-5	skos:exactMatch	1			
open-source	diabetes_survey	radio	dmlfeet	2176	5	dmlfeet_5	Monthly		45879060		Monthly	Meas Value	LOINC	Answer	S	LA18876-5	skos:exactMatch	1			
open-source	diabetes_survey	radio	dmlfeet	2175	10	dmlfeet_10	Daily or weekly		45879676		Daily or almost daily	Meas Value	LOINC	Answer	S	LA18934-2	skos:closeMatch	1			
open-source	diabetes_survey	radio	dmledu	2174	777	dmledu_777	Prefer not to say		36311156		Prefer not to say	Meas Value	LOINC	Answer	S	LA28803-7	skos:exactMatch	1			
open-source	diabetes_survey	radio	dmledu	2173	0	dmledu_0	Rarely or none		45883771		Rarely or never	Meas Value	LOINC	Answer	S	LA15665-5	skos:exactMatch	1			
open-source	diabetes_survey	radio	dmlfrveg	2170	777	dmlfrveg_777	Prefer not to say		36311156		Prefer not to say	Meas Value	LOINC	Answer	S	LA28803-7	skos:exactMatch	1			
open-source	diabetes_survey	radio	dmlfrveg	2169	0	dmlfrveg_0	Rarely or none		45883771		Rarely or never	Meas Value	LOINC	Answer	S	LA15665-5	skos:exactMatch	1			
open-source	diabetes_survey	radio	dmlpor	2166	777	dmlpor_777	Prefer not to say		36311156		Prefer not to say	Meas Value	LOINC	Answer	S	LA28803-7	skos:exactMatch	1			
open-source	diabetes_survey	radio	dmlgrain	2162	777	dmlgrain_777	Prefer not to say		36311156		Prefer not to say	Meas Value	LOINC	Answer	S	LA28803-7	skos:exactMatch	1			
open-source	diabetes_survey	radio	dmlsugar	2158	777	dmlsugar_777	Prefer not to say		36311156		Prefer not to say	Meas Value	LOINC	Answer	S	LA28803-7	skos:exactMatch	1			
open-source	diabetes_survey	radio	dmlhex	2154	777	dmlhex_777	Prefer not to say		36311156		Prefer not to say	Meas Value	LOINC	Answer	S	LA28803-7	skos:exactMatch	1			
open-source	diabetes_survey	radio	dmlact	2150	777	dmlact_777	Prefer not to say		36311156		Prefer not to say	Meas Value	LOINC	Answer	S	LA28803-7	skos:exactMatch	1			
open-source	diabetes_survey	radio	dmlvex	2146	777	dmlvex_777	Prefer not to say		36311156		Prefer not to say	Meas Value	LOINC	Answer	S	LA28803-7	skos:exactMatch	1			
open-source	diabetes_survey	radio	dmlvex	2145	0	dmlvex_0	Rarely or none		45883771		Rarely or never	Meas Value	LOINC	Answer	S	LA15665-5	skos:exactMatch	1			
open-source	substance_use_survey	dropdown	sumrjfr	2077	999	sumrjfr_999	Prefer not to say		36311156		Prefer not to say	Meas Value	LOINC	Answer	S	LA28803-7	skos:exactMatch	1			
open-source	substance_use_survey	dropdown	sumrjceddur	2076	999	sumrjceddur_999	Prefer not to say		36311156		Prefer not to say	Meas Value	LOINC	Answer	S	LA28803-7	skos:exactMatch	1			
open-source	substance_use_survey	checkbox	sumrjtrt	2074	777	sumrjtrt_777	Prefer not to say		36311156		Prefer not to say	Meas Value	LOINC	Answer	S	LA28803-7	skos:exactMatch	1			
open-source	substance_use_survey	checkbox	sumrjtrt	2073	3	sumrjtrt_3	Topical (for example: sprays or oils)		45877645		Topical	Meas Value	LOINC	Answer	S	LA9456-0	skos:exactMatch	1			
open-source	substance_use_survey	checkbox	sumrjtrt	2072	2	sumrjtrt_2	Oral/Edibles (for example: oils, tinctures, beverages, capsules, sprays)		45878097		Oral	Meas Value	LOINC	Answer	S	LA9367-9	skos:exactMatch	1			
open-source	substance_use_survey	checkbox	sumrjtrt	2071	1	sumrjtrt_1	Inhaled/Smoked (for example: joints, blunts, bongs, vaping, dabs, )		45877637		Inhalation, respiratory	Meas Value	LOINC	Answer	S	LA11273-2	skos:exactMatch	1			
open-source	substance_use_survey	radio	sumrjcdur	2070	777	sumrjcdur_777	Prefer not to say		36311156		Prefer not to say	Meas Value	LOINC	Answer	S	LA28803-7	skos:exactMatch	1			
open-source	substance_use_survey	radio	sumrjcdur	2069	0	sumrjcdur_0	No		45878245		No	Meas Value	LOINC	Answer	S	LA32-8	skos:exactMatch	1			
open-source	substance_use_survey	radio	sumrjcdur	2068	1	sumrjcdur_1	Yes		37116660		Marijuana user	Condition	SNOMED	Clinical Finding	S	733460004	skos:exactMatch	1			
open-source	substance_use_survey	dropdown	sumrjstage	2067	999	sumrjstage_999	Prefer not to say		36311156		Prefer not to say	Meas Value	LOINC	Answer	S	LA28803-7	skos:exactMatch	1			
open-source	substance_use_survey	dropdown	sumrjstage	2066	98	sumrjstage_98	More than 60 years old		45882614		60 or older	Meas Value	LOINC	Answer	S	LA16058-2	skos:exactMatch	1			
open-source	substance_use_survey	radio	sumrjkncf	2065	777	sumrjkncf_777	Prefer not to say		36311156		Prefer not to say	Meas Value	LOINC	Answer	S	LA28803-7	skos:exactMatch	1			
open-source	substance_use_survey	radio	sumrjkncf	2064	0	sumrjkncf_0	No		45878245		No	Meas Value	LOINC	Answer	S	LA32-8	skos:exactMatch	1			
open-source	substance_use_survey	radio	sumrjkncf	2063	1	sumrjkncf_1	Yes		45877994		Yes	Meas Value	LOINC	Answer	S	LA33-6	skos:exactMatch	1			
open-source	substance_use_survey	dropdown	suvpdosfr	2062	999	suvpdosfr_999	Prefer not to say		36311156		Prefer not to say	Meas Value	LOINC	Answer	S	LA28803-7	skos:exactMatch	1			
open-source	substance_use_survey	dropdown	suvptoage	2061	999	suvptoage_999	Prefer not to say		36311156		Prefer not to say	Meas Value	LOINC	Answer	S	LA28803-7	skos:exactMatch	1			
open-source	substance_use_survey	radio	suvpcdur	2059	777	suvpcdur_777	Prefer not to say		36311156		Prefer not to say	Meas Value	LOINC	Answer	S	LA28803-7	skos:exactMatch	1			
open-source	substance_use_survey	radio	suvpcdur	2058	0	suvpcdur_0	No		45878245		No	Meas Value	LOINC	Answer	S	LA32-8	skos:exactMatch	1			
open-source	substance_use_survey	dropdown	suvpstage	2056	999	suvpstage_999	Prefer not to say		36311156		Prefer not to say	Meas Value	LOINC	Answer	S	LA28803-7	skos:exactMatch	1			
open-source	substance_use_survey	dropdown	suvpstage	2055	98	suvpstage_98	More than 60 years old		45882614		60 or older	Meas Value	LOINC	Answer	S	LA16058-2	skos:exactMatch	1			
open-source	substance_use_survey	radio	suvpkncf1	2054	777	suvpkncf1_777	Prefer not to say		36311156		Prefer not to say	Meas Value	LOINC	Answer	S	LA28803-7	skos:exactMatch	1			
open-source	substance_use_survey	radio	suvpkncf1	2053	0	suvpkncf1_0	No		45878245		No	Meas Value	LOINC	Answer	S	LA32-8	skos:exactMatch	1			
open-source	substance_use_survey	radio	suvpkncf1	2052	1	suvpkncf1_1	Yes		45877994		Yes	Meas Value	LOINC	Answer	S	LA33-6	skos:exactMatch	1			
open-source	substance_use_survey	radio	sualcdrv	2051	777	sualcdrv_777	Prefer not to say		36311156		Prefer not to say	Meas Value	LOINC	Answer	S	LA28803-7	skos:exactMatch	1			
open-source	substance_use_survey	radio	sualcdrv	2050	4	sualcdrv_4	Always		45882536		Always	Meas Value	LOINC	Answer	S	LA9933-8	skos:exactMatch	1			
open-source	substance_use_survey	radio	sualcdrv	2049	3	sualcdrv_3	Often		45884455		Often	Meas Value	LOINC	Answer	S	LA10044-8	skos:exactMatch	1			
open-source	substance_use_survey	radio	sualcdrv	2048	2	sualcdrv_2	Sometimes		45882528		Sometimes	Meas Value	LOINC	Answer	S	LA10082-8	skos:exactMatch	1			
open-source	substance_use_survey	radio	sualcdrv	2047	1	sualcdrv_1	Rarely		45876672		Rarely	Meas Value	LOINC	Answer	S	LA10066-1	skos:exactMatch	1			
open-source	substance_use_survey	radio	sualcdrv	2046	0	sualcdrv_0	Never		45876662		Never	Meas Value	LOINC	Answer	S	LA6270-8	skos:exactMatch	1			
open-source	substance_use_survey	dropdown	sulqdosfr	2045	777	sulqdosfr_777	Prefer not to say		36311156		Prefer not to say	Meas Value	LOINC	Answer	S	LA28803-7	skos:exactMatch	1			
open-source	substance_use_survey	dropdown	sulqdosfr	2041	0	sulqdosfr_0	Less than 1		45882032		Less than 1 drink a week	Meas Value	LOINC	Answer	S	LA14683-9	skos:exactMatch	1			
open-source	substance_use_survey	radio	sulqkncf	2040	777	sulqkncf_777	Prefer not to say		36311156		Prefer not to say	Meas Value	LOINC	Answer	S	LA28803-7	skos:exactMatch	1			
open-source	substance_use_survey	radio	sulqkncf	2039	0	sulqkncf_0	No		45878245		No	Meas Value	LOINC	Answer	S	LA32-8	skos:exactMatch	1			
open-source	substance_use_survey	radio	sulqkncf	2038	1	sulqkncf_1	Yes		45877994		Yes	Meas Value	LOINC	Answer	S	LA33-6	skos:exactMatch	1			
open-source	substance_use_survey	dropdown	suwndosfr	2037	777	suwndosfr_777	Prefer not to say		36311156		Prefer not to say	Meas Value	LOINC	Answer	S	LA28803-7	skos:exactMatch	1			
open-source	substance_use_survey	dropdown	suwndosfr	2032	0	suwndosfr_0	Less than 1		45882032		Less than 1 drink a week	Meas Value	LOINC	Answer	S	LA14683-9	skos:exactMatch	1			
open-source	substance_use_survey	radio	suwnkncf	2031	777	suwnkncf_777	Prefer not to say		36311156		Prefer not to say	Meas Value	LOINC	Answer	S	LA28803-7	skos:exactMatch	1			
open-source	substance_use_survey	radio	suwnkncf	2030	0	suwnkncf_0	No		45878245		No	Meas Value	LOINC	Answer	S	LA32-8	skos:exactMatch	1			
open-source	substance_use_survey	radio	suwnkncf	2029	1	suwnkncf_1	Yes		45877994		Yes	Meas Value	LOINC	Answer	S	LA33-6	skos:exactMatch	1			
open-source	substance_use_survey	dropdown	subrdosfr	2028	999	subrdosfr_999	Prefer not to say		36311156		Prefer not to say	Meas Value	LOINC	Answer	S	LA28803-7	skos:exactMatch	1			
open-source	substance_use_survey	dropdown	subrdosfr	2024	0	subrdosfr_0	Less than 1		45882032		Less than 1 drink a week	Meas Value	LOINC	Answer	S	LA14683-9	skos:exactMatch	1			
open-source	substance_use_survey	radio	subrkncf	2023	777	subrkncf_777	Prefer not to say		36311156		Prefer not to say	Meas Value	LOINC	Answer	S	LA28803-7	skos:exactMatch	1			
open-source	substance_use_survey	radio	subrkncf	2022	0	subrkncf_0	No		45878245		No	Meas Value	LOINC	Answer	S	LA32-8	skos:exactMatch	1			
open-source	substance_use_survey	radio	subrkncf	2021	1	subrkncf_1	Yes		45877994		Yes	Meas Value	LOINC	Answer	S	LA33-6	skos:exactMatch	1			
open-source	substance_use_survey	dropdown	suvptoyr	2020	999	suvptoyr_999	Prefer not to say		36311156		Prefer not to say	Meas Value	LOINC	Answer	S	LA28803-7	skos:exactMatch	1			
open-source	substance_use_survey	dropdown	suvptoyr	2019	98	suvptoyr_98	More than 60 years old		45882614		60 or older	Meas Value	LOINC	Answer	S	LA16058-2	skos:exactMatch	1			
open-source	substance_use_survey	dropdown	sualcage	2018	999	sualcage_999	Prefer not to say		36311156		Prefer not to say	Meas Value	LOINC	Answer	S	LA28803-7	skos:exactMatch	1			
open-source	substance_use_survey	dropdown	sualcage	2017	98	sualcage_98	More than 60 years old		45882614		60 or older	Meas Value	LOINC	Answer	S	LA16058-2	skos:exactMatch	1			
open-source	substance_use_survey	radio	sualckncf	2016	777	sualckncf_777	Prefer not to say		36311156		Prefer not to say	Meas Value	LOINC	Answer	S	LA28803-7	skos:exactMatch	1			
open-source	substance_use_survey	radio	sualckncf	2015	0	sualckncf_0	No		45878245		No	Meas Value	LOINC	Answer	S	LA32-8	skos:exactMatch	1			
open-source	substance_use_survey	radio	sualckncf	2014	1	sualckncf_1	Yes		45877994		Yes	Meas Value	LOINC	Answer	S	LA33-6	skos:exactMatch	1			
open-source	substance_use_survey	dropdown	susmkdosfr	2013	999	susmkdosfr_999	Prefer not to say		36311156		Prefer not to say	Meas Value	LOINC	Answer	S	LA28803-7	skos:exactMatch	1			
open-source	substance_use_survey	dropdown	susmkdosfr	2010	31	susmkdosfr_31	31-40 (up to 2 packs)		45884478		31 or more (3 points)	Meas Value	LOINC	Answer	S	LA15915-4	skos:closeMatch	1			
open-source	substance_use_survey	dropdown	susmkdosfr	2009	21	susmkdosfr_21	21-30 (up to 1.5 packs)		45881687		21-30 (2 points)	Meas Value	LOINC	Answer	S	LA15914-7	skos:closeMatch	1			
open-source	substance_use_survey	dropdown	susmkstoage	2008	999	susmkstoage_999	Prefer not to say		36311156		Prefer not to say	Meas Value	LOINC	Answer	S	LA28803-7	skos:exactMatch	1			
open-source	substance_use_survey	dropdown	susmkstoage	2007	98	susmkstoage_98	More than 60 years old		45882614		60 or older	Meas Value	LOINC	Answer	S	LA16058-2	skos:exactMatch	1			
open-source	substance_use_survey	radio	susmkcdur	2006	777	susmkcdur_777	Prefer not to say		36311156		Prefer not to say	Meas Value	LOINC	Answer	S	LA28803-7	skos:exactMatch	1			
open-source	substance_use_survey	radio	susmkcdur	2005	0	susmkcdur_0	No		45878245		No	Meas Value	LOINC	Answer	S	LA32-8	skos:exactMatch	1			
open-source	substance_use_survey	radio	susmkcdur	2004	1	susmkcdur_1	Yes		40766945		Current smoker	Observation	LOINC	Clinical Observation	S	64234-8	skos:exactMatch	1			
open-source	substance_use_survey	dropdown	susmkstaage	2003	999	susmkstaage_999	Prefer not to say		36311156		Prefer not to say	Meas Value	LOINC	Answer	S	LA28803-7	skos:exactMatch	1			
open-source	substance_use_survey	dropdown	susmkstaage	2002	98	susmkstaage_98	More than 60 years old		45882614		60 or older	Meas Value	LOINC	Answer	S	LA16058-2	skos:exactMatch	1			
open-source	substance_use_survey	radio	susmkncf	2001	777	susmkncf_777	Prefer not to say		36311156		Prefer not to say	Meas Value	LOINC	Answer	S	LA28803-7	skos:exactMatch	1			
open-source	substance_use_survey	radio	susmkncf	2000	0	susmkncf_0	No		45878245		No	Meas Value	LOINC	Answer	S	LA32-8	skos:exactMatch	1			
open-source	health_survey	radio	mhoccur_fall	1998	777	mhoccur_fall_777	Prefer not to say		36311156		Prefer not to say	Meas Value	LOINC	Answer	S	LA28803-7	skos:exactMatch	1			
open-source	health_survey	radio	mhoccur_fall	1997	0	mhoccur_fall_0	No		45878245		No	Meas Value	LOINC	Answer	S	LA32-8	skos:exactMatch	1			
open-source	health_survey	radio	mhoccur_yn	1995	777	mhoccur_yn_777	Prefer not to say		2005200014		Has a doctor or other healthcare professional ever told you that you have/had...	Observation	AIREADI	Survey	S		skos:exactMatch	1			36311156
open-source	health_survey	radio	mhoccur_yn	1994	0	mhoccur_yn_0	No		2005200014		Has a doctor or other healthcare professional ever told you that you have/had...	Observation	AIREADI	Survey	S		skos:exactMatch	1			45878245
open-source	health_survey	radio	mhoccur_yn		1	mhoccur_yn_1	Yes		2005200014		Has a doctor or other healthcare professional ever told you that you have/had...	Observation	AIREADI	Survey	S		skos:exactMatch	1			45877994
open-source	health_survey	radio	mhoccur_ded	1992	777	mhoccur_ded_777	Prefer not to say		2005200014		Has a doctor or other healthcare professional ever told you that you have/had...	Observation	AIREADI	Survey	S		skos:exactMatch	1			36311156
open-source	health_survey	radio	mhoccur_ded	1991	0	mhoccur_ded_0	No		2005200014		Has a doctor or other healthcare professional ever told you that you have/had...	Observation	AIREADI	Survey	S		skos:exactMatch	1			45878245
open-source	health_survey	radio	mhoccur_ded		1	mhoccur_ded_1	Yes		2005200014		Has a doctor or other healthcare professional ever told you that you have/had...	Observation	AIREADI	Survey	S		skos:exactMatch	1			45877994
open-source	health_survey	radio	mhoccur_rvo	1989	777	mhoccur_rvo_777	Prefer not to say		2005200014		Has a doctor or other healthcare professional ever told you that you have/had...	Observation	AIREADI	Survey	S		skos:exactMatch	1			36311156
open-source	health_survey	radio	mhoccur_rvo	1988	0	mhoccur_rvo_0	No		2005200014		Has a doctor or other healthcare professional ever told you that you have/had...	Observation	AIREADI	Survey	S		skos:exactMatch	1			45878245
open-source	health_survey	radio	mhoccur_rvo		1	mhoccur_rvo_1	Yes		2005200014		Has a doctor or other healthcare professional ever told you that you have/had...	Observation	AIREADI	Survey	S		skos:exactMatch	1			45877994
open-source	health_survey	radio	mhoccur_pdr	1986	777	mhoccur_pdr_777	Prefer not to say		2005200014		Has a doctor or other healthcare professional ever told you that you have/had...	Observation	AIREADI	Survey	S		skos:exactMatch	1			36311156
open-source	health_survey	radio	mhoccur_pdr	1985	0	mhoccur_pdr_0	No		2005200014		Has a doctor or other healthcare professional ever told you that you have/had...	Observation	AIREADI	Survey	S		skos:exactMatch	1			45878245
open-source	health_survey	radio	mhoccur_pdr		1	mhoccur_pdr_1	Yes		2005200014		Has a doctor or other healthcare professional ever told you that you have/had...	Observation	AIREADI	Survey	S		skos:exactMatch	1			45877994
open-source	health_survey	radio	mhoccur_crt	1983	777	mhoccur_crt_777	Prefer not to say		2005200014		Has a doctor or other healthcare professional ever told you that you have/had...	Observation	AIREADI	Survey	S		skos:exactMatch	1			36311156
open-source	health_survey	radio	mhoccur_crt	1982	0	mhoccur_crt_0	No		2005200014		Has a doctor or other healthcare professional ever told you that you have/had...	Observation	AIREADI	Survey	S		skos:exactMatch	1			45878245
open-source	health_survey	radio	mhoccur_crt		1	mhoccur_crt_1	Yes		2005200014		Has a doctor or other healthcare professional ever told you that you have/had...	Observation	AIREADI	Survey	S		skos:exactMatch	1			45877994
open-source	health_survey	radio	mhoccur_amd	1980	777	mhoccur_amd_777	Prefer not to say		2005200014		Has a doctor or other healthcare professional ever told you that you have/had...	Observation	AIREADI	Survey	S		skos:exactMatch	1			36311156
open-source	health_survey	radio	mhoccur_amd	1979	0	mhoccur_amd_0	No		2005200014		Has a doctor or other healthcare professional ever told you that you have/had...	Observation	AIREADI	Survey	S		skos:exactMatch	1			45878245
open-source	health_survey	radio	mhoccur_amd		1	mhoccur_amd_1	Yes		2005200014		Has a doctor or other healthcare professional ever told you that you have/had...	Observation	AIREADI	Survey	S		skos:exactMatch	1			45877994
open-source	health_survey	radio	mhoccur_glc	1977	777	mhoccur_glc_777	Prefer not to say		2005200014		Has a doctor or other healthcare professional ever told you that you have/had...	Observation	AIREADI	Survey	S		skos:exactMatch	1			36311156
open-source	health_survey	radio	mhoccur_glc	1976	0	mhoccur_glc_0	No		2005200014		Has a doctor or other healthcare professional ever told you that you have/had...	Observation	AIREADI	Survey	S		skos:exactMatch	1			45878245
open-source	health_survey	radio	mhoccur_glc		1	mhoccur_glc_1	Yes		2005200014		Has a doctor or other healthcare professional ever told you that you have/had...	Observation	AIREADI	Survey	S		skos:exactMatch	1			45877994
open-source	health_survey	checkbox	fh_dm2sbsp	1974	4	fh_dm2sbsp_4	Half-Brother		45877612		Half-brother	Meas Value	LOINC	Answer	S	LA10408-5	skos:exactMatch	1			
open-source	health_survey	checkbox	fh_dm2sbsp	1973	3	fh_dm2sbsp_3	Half-Sister		45882597		Half-sister	Meas Value	LOINC	Answer	S	LA10409-3	skos:exactMatch	1			
open-source	health_survey	checkbox	fh_dm2sbsp	1972	2	fh_dm2sbsp_2	Brother		45883765		Brother	Meas Value	LOINC	Answer	S	LA10415-0	skos:exactMatch	1			
open-source	health_survey	checkbox	fh_dm2sbsp	1971	1	fh_dm2sbsp_1	Sister		45883436		Sister	Meas Value	LOINC	Answer	S	LA10418-4	skos:exactMatch	1			
open-source	health_survey	radio	fh_dm2sb	1970	777	fh_dm2sb_777	Prefer not to say		36311156		Prefer not to say	Meas Value	LOINC	Answer	S	LA28803-7	skos:exactMatch	1			
open-source	health_survey	radio	fh_dm2sb	1969	555	fh_dm2sb_555	Unknown		45877986		Unknown	Meas Value	LOINC	Answer	S	LA4489-6	skos:exactMatch	1			
open-source	health_survey	radio	fh_dm2sb	1968	0	fh_dm2sb_0	No		45878245		No	Meas Value	LOINC	Answer	S	LA32-8	skos:exactMatch	1			
open-source	health_survey	checkbox	fh_dm2ptsp	1966	2	fh_dm2ptsp_2	Father		45883182		Father	Meas Value	LOINC	Answer	S	LA10416-8	skos:exactMatch	1			
open-source	health_survey	checkbox	fh_dm2ptsp	1965	1	fh_dm2ptsp_1	Mother		45883183		Mother	Meas Value	LOINC	Answer	S	LA10417-6	skos:exactMatch	1			
open-source	health_survey	radio	fh_dm2pt	1964	777	fh_dm2pt_777	Prefer not to say		36311156		Prefer not to say	Meas Value	LOINC	Answer	S	LA28803-7	skos:exactMatch	1			
open-source	health_survey	radio	fh_dm2pt	1963	555	fh_dm2pt_555	Unknown		45877986		Unknown	Meas Value	LOINC	Answer	S	LA4489-6	skos:exactMatch	1			
open-source	health_survey	radio	fh_dm2pt	1962	0	fh_dm2pt_0	No		45878245		No	Meas Value	LOINC	Answer	S	LA32-8	skos:exactMatch	1			
open-source	health_survey	radio	mhoccur_obs	1960	777	mhoccur_obs_777	Prefer not to say		2005200014		Has a doctor or other healthcare professional ever told you that you have/had...	Observation	AIREADI	Survey	S		skos:exactMatch	1			36311156
open-source	health_survey	radio	mhoccur_obs	1959	0	mhoccur_obs_0	No		2005200014		Has a doctor or other healthcare professional ever told you that you have/had...	Observation	AIREADI	Survey	S		skos:exactMatch	1			45878245
open-source	health_survey	radio	mhoccur_obs		1	mhoccur_obs_1	Yes		2005200014		Has a doctor or other healthcare professional ever told you that you have/had...	Observation	AIREADI	Survey	S		skos:exactMatch	1			45877994
open-source	health_survey	radio	mhoccur_ear	1957	777	mhoccur_ear_777	Prefer not to say		2005200014		Has a doctor or other healthcare professional ever told you that you have/had...	Observation	AIREADI	Survey	S		skos:exactMatch	1			36311156
open-source	health_survey	radio	mhoccur_ear	1956	0	mhoccur_ear_0	No		2005200014		Has a doctor or other healthcare professional ever told you that you have/had...	Observation	AIREADI	Survey	S		skos:exactMatch	1			45878245
open-source	health_survey	radio	mhoccur_ear		1	mhoccur_ear_1	Yes		2005200014		Has a doctor or other healthcare professional ever told you that you have/had...	Observation	AIREADI	Survey	S		skos:exactMatch	1			45877994
open-source	health_survey	radio	mhoccur_rnl	1954	777	mhoccur_rnl_777	Prefer not to say		2005200014		Has a doctor or other healthcare professional ever told you that you have/had...	Observation	AIREADI	Survey	S		skos:exactMatch	1			36311156
open-source	health_survey	radio	mhoccur_rnl	1953	0	mhoccur_rnl_0	No		2005200014		Has a doctor or other healthcare professional ever told you that you have/had...	Observation	AIREADI	Survey	S		skos:exactMatch	1			45878245
open-source	health_survey	radio	mhoccur_rnl		1	mhoccur_rnl_1	Yes		2005200014		Has a doctor or other healthcare professional ever told you that you have/had...	Observation	AIREADI	Survey	S		skos:exactMatch	1			45877994
open-source	health_survey	radio	mhoccur_ua	1951	777	mhoccur_ua_777	Prefer not to say		2005200014		Has a doctor or other healthcare professional ever told you that you have/had...	Observation	AIREADI	Survey	S		skos:exactMatch	1			36311156
open-source	health_survey	radio	mhoccur_ua	1950	0	mhoccur_ua_0	No		2005200014		Has a doctor or other healthcare professional ever told you that you have/had...	Observation	AIREADI	Survey	S		skos:exactMatch	1			45878245
open-source	health_survey	radio	mhoccur_ua		1	mhoccur_ua_1	Yes		2005200014		Has a doctor or other healthcare professional ever told you that you have/had...	Observation	AIREADI	Survey	S		skos:exactMatch	1			45877994
open-source	health_survey	radio	mhoccur_gi	1948	777	mhoccur_gi_777	Prefer not to say		2005200014		Has a doctor or other healthcare professional ever told you that you have/had...	Observation	AIREADI	Survey	S		skos:exactMatch	1			36311156
open-source	health_survey	radio	mhoccur_gi	1947	0	mhoccur_gi_0	No		2005200014		Has a doctor or other healthcare professional ever told you that you have/had...	Observation	AIREADI	Survey	S		skos:exactMatch	1			45878245
open-source	health_survey	radio	mhoccur_gi		1	mhoccur_gi_1	Yes		2005200014		Has a doctor or other healthcare professional ever told you that you have/had...	Observation	AIREADI	Survey	S		skos:exactMatch	1			45877994
open-source	health_survey	radio	mhoccur_plm	1945	777	mhoccur_plm_777	Prefer not to say		2005200014		Has a doctor or other healthcare professional ever told you that you have/had...	Observation	AIREADI	Survey	S		skos:exactMatch	1			36311156
open-source	health_survey	radio	mhoccur_plm	1944	0	mhoccur_plm_0	No		2005200014		Has a doctor or other healthcare professional ever told you that you have/had...	Observation	AIREADI	Survey	S		skos:exactMatch	1			45878245
open-source	health_survey	radio	mhoccur_plm		1	mhoccur_plm_1	Yes		2005200014		Has a doctor or other healthcare professional ever told you that you have/had...	Observation	AIREADI	Survey	S		skos:exactMatch	1			45877994
open-source	health_survey	radio	mhoccur_ca	1942	777	mhoccur_ca_777	Prefer not to say		2005200014		Has a doctor or other healthcare professional ever told you that you have/had...	Observation	AIREADI	Survey	S		skos:exactMatch	1			36311156
open-source	health_survey	radio	mhoccur_ca	1941	0	mhoccur_ca_0	No		2005200014		Has a doctor or other healthcare professional ever told you that you have/had...	Observation	AIREADI	Survey	S		skos:exactMatch	1			45878245
open-source	health_survey	radio	mhoccur_ca		1	mhoccur_ca_1	Yes		2005200014		Has a doctor or other healthcare professional ever told you that you have/had...	Observation	AIREADI	Survey	S		skos:exactMatch	1			45877994
open-source	health_survey	radio	mhoccur_oa	1939	777	mhoccur_oa_777	Prefer not to say		2005200014		Has a doctor or other healthcare professional ever told you that you have/had...	Observation	AIREADI	Survey	S		skos:exactMatch	1			36311156
open-source	health_survey	radio	mhoccur_oa	1938	0	mhoccur_oa_0	No		2005200014		Has a doctor or other healthcare professional ever told you that you have/had...	Observation	AIREADI	Survey	S		skos:exactMatch	1			45878245
open-source	health_survey	radio	mhoccur_oa		1	mhoccur_oa_1	Yes		2005200014		Has a doctor or other healthcare professional ever told you that you have/had...	Observation	AIREADI	Survey	S		skos:exactMatch	1			45877994
open-source	health_survey	radio	mhoccur_ra	1936	777	mhoccur_ra_777	Prefer not to say		2005200014		Has a doctor or other healthcare professional ever told you that you have/had...	Observation	AIREADI	Survey	S		skos:exactMatch	1			36311156
open-source	health_survey	radio	mhoccur_ra	1935	0	mhoccur_ra_0	No		2005200014		Has a doctor or other healthcare professional ever told you that you have/had...	Observation	AIREADI	Survey	S		skos:exactMatch	1			45878245
open-source	health_survey	radio	mhoccur_ra		1	mhoccur_ra_1	Yes		2005200014		Has a doctor or other healthcare professional ever told you that you have/had...	Observation	AIREADI	Survey	S		skos:exactMatch	1			45877994
open-source	health_survey	radio	mhoccur_cns	1933	777	mhoccur_cns_777	Prefer not to say		2005200014		Has a doctor or other healthcare professional ever told you that you have/had...	Observation	AIREADI	Survey	S		skos:exactMatch	1			36311156
open-source	health_survey	radio	mhoccur_cns	1932	0	mhoccur_cns_0	No		2005200014		Has a doctor or other healthcare professional ever told you that you have/had...	Observation	AIREADI	Survey	S		skos:exactMatch	1			45878245
open-source	health_survey	radio	mhoccur_cns		1	mhoccur_cns_1	Yes		2005200014		Has a doctor or other healthcare professional ever told you that you have/had...	Observation	AIREADI	Survey	S		skos:exactMatch	1			45877994
open-source	health_survey	radio	mhoccur_ms	1930	777	mhoccur_ms_777	Prefer not to say		2005200014		Has a doctor or other healthcare professional ever told you that you have/had...	Observation	AIREADI	Survey	S		skos:exactMatch	1			36311156
open-source	health_survey	radio	mhoccur_ms	1929	0	mhoccur_ms_0	No		2005200014		Has a doctor or other healthcare professional ever told you that you have/had...	Observation	AIREADI	Survey	S		skos:exactMatch	1			45878245
open-source	health_survey	radio	mhoccur_ms		1	mhoccur_ms_1	Yes		2005200014		Has a doctor or other healthcare professional ever told you that you have/had...	Observation	AIREADI	Survey	S		skos:exactMatch	1			45877994
open-source	health_survey	radio	mhoccur_cogn	1927	777	mhoccur_cogn_777	Prefer not to say		2005200014		Has a doctor or other healthcare professional ever told you that you have/had...	Observation	AIREADI	Survey	S		skos:exactMatch	1			36311156
open-source	health_survey	radio	mhoccur_cogn	1926	0	mhoccur_cogn_0	No		2005200014		Has a doctor or other healthcare professional ever told you that you have/had...	Observation	AIREADI	Survey	S		skos:exactMatch	1			45878245
open-source	health_survey	radio	mhoccur_cogn		1	mhoccur_cogn_1	Yes		2005200014		Has a doctor or other healthcare professional ever told you that you have/had...	Observation	AIREADI	Survey	S		skos:exactMatch	1			45877994
open-source	health_survey	radio	mhcat_adot	1924	777	mhcat_adot_777	Prefer not to say		36311156		Prefer not to say	Meas Value	LOINC	Answer	S	LA28803-7	skos:exactMatch	1			
open-source	health_survey	radio	mhcat_adot	1923	999	mhcat_adot_999	Unsure from the options listed		45882025		Unsure	Meas Value	LOINC	Answer	S	LA14072-5	skos:exactMatch	1			
open-source	health_survey	radio	mhcat_adot	1922	888	mhcat_adot_888	Other		45878142		Other	Meas Value	LOINC	Answer	S	LA46-8	skos:exactMatch	1			
open-source	health_survey	radio	mhoccur_ad	1920	777	mhoccur_ad_777	Prefer not to say		2005200014		Has a doctor or other healthcare professional ever told you that you have/had...	Observation	AIREADI	Survey	S		skos:exactMatch	1			36311156
open-source	health_survey	radio	mhoccur_ad	1919	0	mhoccur_ad_0	No		2005200014		Has a doctor or other healthcare professional ever told you that you have/had...	Observation	AIREADI	Survey	S		skos:exactMatch	1			45878245
open-source	health_survey	radio	mhoccur_ad		1	mhoccur_ad_1	Yes		2005200014		Has a doctor or other healthcare professional ever told you that you have/had...	Observation	AIREADI	Survey	S		skos:exactMatch	1			45877994
open-source	health_survey	radio	mhoccur_pd	1917	777	mhoccur_pd_777	Prefer not to say		2005200014		Has a doctor or other healthcare professional ever told you that you have/had...	Observation	AIREADI	Survey	S		skos:exactMatch	1			36311156
open-source	health_survey	radio	mhoccur_pd	1916	0	mhoccur_pd_0	No		2005200014		Has a doctor or other healthcare professional ever told you that you have/had...	Observation	AIREADI	Survey	S		skos:exactMatch	1			45878245
open-source	health_survey	radio	mhoccur_pd		1	mhoccur_pd_1	Yes		2005200014		Has a doctor or other healthcare professional ever told you that you have/had...	Observation	AIREADI	Survey	S		skos:exactMatch	1			45877994
open-source	health_survey	radio	mhoccur_lbp	1914	777	mhoccur_lbp_777	Prefer not to say		2005200014		Has a doctor or other healthcare professional ever told you that you have/had...	Observation	AIREADI	Survey	S		skos:exactMatch	1			36311156
open-source	health_survey	radio	mhoccur_lbp	1913	0	mhoccur_lbp_0	No		2005200014		Has a doctor or other healthcare professional ever told you that you have/had...	Observation	AIREADI	Survey	S		skos:exactMatch	1			45878245
open-source	health_survey	radio	mhoccur_lbp		1	mhoccur_lbp_1	Yes		2005200014		Has a doctor or other healthcare professional ever told you that you have/had...	Observation	AIREADI	Survey	S		skos:exactMatch	1			45877994
open-source	health_survey	radio	mhoccur_hbp	1911	777	mhoccur_hbp_777	Prefer not to say		2005200014		Has a doctor or other healthcare professional ever told you that you have/had...	Observation	AIREADI	Survey	S		skos:exactMatch	1			36311156
open-source	health_survey	radio	mhoccur_hbp	1910	0	mhoccur_hbp_0	No		2005200014		Has a doctor or other healthcare professional ever told you that you have/had...	Observation	AIREADI	Survey	S		skos:exactMatch	1			45878245
open-source	health_survey	radio	mhoccur_hbp		1	mhoccur_hbp_1	Yes		2005200014		Has a doctor or other healthcare professional ever told you that you have/had...	Observation	AIREADI	Survey	S		skos:exactMatch	1			45877994
open-source	health_survey	radio	mhoccur_clsh	1908	777	mhoccur_clsh_777	Prefer not to say		2005200014		Has a doctor or other healthcare professional ever told you that you have/had...	Observation	AIREADI	Survey	S		skos:exactMatch	1			36311156
open-source	health_survey	radio	mhoccur_clsh	1907	0	mhoccur_clsh_0	No		2005200014		Has a doctor or other healthcare professional ever told you that you have/had...	Observation	AIREADI	Survey	S		skos:exactMatch	1			45878245
open-source	health_survey	radio	mhoccur_clsh		1	mhoccur_clsh_1	Yes		2005200014		Has a doctor or other healthcare professional ever told you that you have/had...	Observation	AIREADI	Survey	S		skos:exactMatch	1			45877994
open-source	health_survey	radio	mhoccur_circ	1905	777	mhoccur_circ_777	Prefer not to say		2005200014		Has a doctor or other healthcare professional ever told you that you have/had...	Observation	AIREADI	Survey	S		skos:exactMatch	1			36311156
open-source	health_survey	radio	mhoccur_circ	1904	0	mhoccur_circ_0	No		2005200014		Has a doctor or other healthcare professional ever told you that you have/had...	Observation	AIREADI	Survey	S		skos:exactMatch	1			45878245
open-source	health_survey	radio	mhoccur_circ		1	mhoccur_circ_1	Yes		2005200014		Has a doctor or other healthcare professional ever told you that you have/had...	Observation	AIREADI	Survey	S		skos:exactMatch	1			45877994
open-source	health_survey	radio	mhoccur_strk	1902	777	mhoccur_strk_777	Prefer not to say		2005200014		Has a doctor or other healthcare professional ever told you that you have/had...	Observation	AIREADI	Survey	S		skos:exactMatch	1			36311156
open-source	health_survey	radio	mhoccur_strk	1901	0	mhoccur_strk_0	No		2005200014		Has a doctor or other healthcare professional ever told you that you have/had...	Observation	AIREADI	Survey	S		skos:exactMatch	1			45878245
open-source	health_survey	radio	mhoccur_strk		1	mhoccur_strk_1	Yes		2005200014		Has a doctor or other healthcare professional ever told you that you have/had...	Observation	AIREADI	Survey	S		skos:exactMatch	1			45877994
open-source	health_survey	radio	mhoccur_cvdot	1899	777	mhoccur_cvdot_777	Prefer not to say		2005200014		Has a doctor or other healthcare professional ever told you that you have/had...	Observation	AIREADI	Survey	S		skos:exactMatch	1			36311156
open-source	health_survey	radio	mhoccur_cvdot	1898	0	mhoccur_cvdot_0	No		2005200014		Has a doctor or other healthcare professional ever told you that you have/had...	Observation	AIREADI	Survey	S		skos:exactMatch	1			45878245
open-source	health_survey	radio	mhoccur_cvdot		1	mhoccur_cvdot_1	Yes		2005200014		Has a doctor or other healthcare professional ever told you that you have/had...	Observation	AIREADI	Survey	S		skos:exactMatch	1			45877994
open-source	health_survey	radio	mhoccur_mi	1896	777	mhoccur_mi_777	Prefer not to say		2005200014		Has a doctor or other healthcare professional ever told you that you have/had...	Observation	AIREADI	Survey	S		skos:exactMatch	1			36311156
open-source	health_survey	radio	mhoccur_mi	1895	0	mhoccur_mi_0	No		2005200014		Has a doctor or other healthcare professional ever told you that you have/had...	Observation	AIREADI	Survey	S		skos:exactMatch	1			45878245
open-source	health_survey	radio	mhoccur_mi		1	mhoccur_mi_1	Yes		2005200014		Has a doctor or other healthcare professional ever told you that you have/had...	Observation	AIREADI	Survey	S		skos:exactMatch	1			45877994
open-source	demographics_survey	radio	cl_maristat	1888	777	cl_maristat_777	Prefer not to say		36311156		Prefer not to say	Meas Value	LOINC	Answer	S	LA28803-7	skos:exactMatch	1			
open-source	demographics_survey	radio	cl_maristat	1887	888	cl_maristat_888	Other		45878142		Other	Meas Value	LOINC	Answer	S	LA46-8	skos:exactMatch	1			
open-source	demographics_survey	radio	cl_maristat	1886	C51777	cl_maristat_C51777	Living separately but not divorced		45884459		Separated	Meas Value	LOINC	Answer	S	LA4288-2	skos:exactMatch	1			
open-source	demographics_survey	radio	cl_maristat	1885	C53262	cl_maristat_C53262	Domestic Partner		21499180		Domestic partner	Meas Value	LOINC	Answer	S	LA22700-1	skos:exactMatch	1			
open-source	demographics_survey	radio	cl_maristat	1884	C51775	cl_maristat_C51775	Widowed		45883711		Widowed	Meas Value	LOINC	Answer	S	LA49-2	skos:exactMatch	1			
open-source	demographics_survey	radio	cl_maristat	1883	C51776	cl_maristat_C51776	Divorced		45883375		Divorced	Meas Value	LOINC	Answer	S	LA51-8	skos:exactMatch	1			
open-source	demographics_survey	radio	cl_maristat	1882	C51774	cl_maristat_C51774	Single		45879879		Single	Meas Value	LOINC	Answer	S	LA17717-2	skos:exactMatch	1			
open-source	demographics_survey	radio	cl_maristat	1881	C51773	cl_maristat_C51773	Married		45876756		Married	Meas Value	LOINC	Answer	S	LA48-4	skos:exactMatch	1			
open-source	screening_survey	radio	cmtrt_a1c	1791	0	cmtrt_a1c_0	No		45878245		No	Meas Value	LOINC	Answer	S	LA32-8	skos:exactMatch	1			
open-source	screening_survey	no	mh_a1c		0	mh_a1c_0	No		45878245		No	Meas Value	LOINC	Answer	S	LA32-8	skos:exactMatch	1			
open-source	screening_survey	yes	mh_a1c		1	mh_a1c_1	Yes		2005200547	2005200547	Elevated A1C levels (elevated blood sugars)	Condition	AIREADI	Disorder	S		skos:exactMatch	1			
open-source	diabetes_survey	radio	dmlhex	2153	0	dmlhex_0	Rarely or none		45883771		Rarely or never	Meas Value	LOINC	Answer	S	LA15665-5	skos:exactMatch	1			
open-source	substance_use_survey	dropdown	suvptoyr		0	suvptoyr_0	No		45878245		No	Meas Value	LOINC	Answer	S	LA32-8	skos:exactMatch	1			
open-source	substance_use_survey	dropdown	sualcage		0	sualcage_0	No		45878245		No	Meas Value	LOINC	Answer	S	LA32-8	skos:exactMatch	1			
open-source	substance_use_survey	dropdown	susmkstoage		0	susmkstoage_0	No		45878245		No	Meas Value	LOINC	Answer	S	LA32-8	skos:exactMatch	1			
open-source	screening_survey	yesno	cmtrt_lfst		0	cmtrt_lfst_0	No		45878245		No	Meas Value	LOINC	Answer	S	LA32-8	skos:exactMatch	1			
open-source	screening_survey	yesno	cmtrt_glcs		0	cmtrt_glcs_0	No		45878245		No	Meas Value	LOINC	Answer	S	LA32-8	skos:exactMatch	1			
open-source	screening_survey	yesno	cmtrt_insln		0	cmtrt_insln_0	No		45878245		No	Meas Value	LOINC	Answer	S	LA32-8	skos:exactMatch	1			
open-source	screening_survey	yesno	mhterm_predm		0	mhterm_predm_0	No		45878245		No	Meas Value	LOINC	Answer	S	LA32-8	skos:exactMatch	1			
open-source	retinal_imaging_v2	yesno			rtfl_os		FLIO-Mac-HS		2005200304	2005200304	FLIO-Mac-HS	Observation	AIREADI	Observable Entity	S		skos:exactMatch	1	45883829	Left eye	
open-source	retinal_imaging_v2	yesno			rttr_osm2		Triton-Macula 12x12-OCTA		2005200205	2005200205	Triton-Macula 12x12-OCTA	Observation	AIREADI	Observable Entity	S		skos:exactMatch	1	45883829	Left eye	
open-source	retinal_imaging_v2	yesno			rttr_osm1		Triton-Macula 6x6-OCTA		2005200204	2005200204	Triton-Macula 6x6-OCTA	Observation	AIREADI	Observable Entity	S		skos:exactMatch	1	45883829	Left eye	
open-source	retinal_imaging_v2	yesno			rttr_osr		Triton-3D(H)+Radial 12x9-OCT		2005200203	2005200203	Triton-3D(H)+Radial 12x9-OCT	Observation	AIREADI	Observable Entity	S		skos:exactMatch	1	45883829	Left eye	
open-source	retinal_imaging_v2	yesno			rtma_osm1		M2-Mac 6x6-360x360-(rep3)-OCTA		2005200202	2005200202	M2-Mac 6x6-360x360-(rep3)-OCTA	Observation	AIREADI	Observable Entity	S		skos:exactMatch	1	45883829	Left eye	
open-source	retinal_imaging_v2	yesno			rtma_osm		M2-3D Macula 6x6-OCT		2005200201	2005200201	M2-3D Macula 6x6-OCT	Observation	AIREADI	Observable Entity	S		skos:exactMatch	1	45883829	Left eye	
open-source	retinal_imaging_v2	yesno			rtma_osw		M2-3D Wide(H) 12x9-OCT		2005200200	2005200200	M2-3D Wide(H) 12x9-OCT	Observation	AIREADI	Observable Entity	S		skos:exactMatch	1	45883829	Left eye	
open-source	retinal_imaging_v2	yesno			rtci_osd2		Cirrus-Disc 6x6-OCTA		2005200303	2005200303	Cirrus-Disc 6x6-OCTA	Observation	AIREADI	Observable Entity	S		skos:exactMatch	1	45883829	Left eye	
open-source	retinal_imaging_v2	yesno			rtci_osm2		Cirrus-Macula 6x6-OCTA		2005200302	2005200302	Cirrus-Macula 6x6-OCTA	Observation	AIREADI	Observable Entity	S		skos:exactMatch	1	45883829	Left eye	
open-source	retinal_imaging_v2	yesno			rtci_osd1		Cirrus-Disc Cube-200x200-OCT		2005200301	2005200301	Cirrus-Disc Cube-200x200-OCT	Observation	AIREADI	Observable Entity	S		skos:exactMatch	1	45883829	Left eye	
open-source	retinal_imaging_v2	yesno			rtci_osm1		Cirrus-Mac Cube-512x128-OCT		2005200300	2005200300	Cirrus-Mac Cube-512x128-OCT	Observation	AIREADI	Observable Entity	S		skos:exactMatch	1	45883829	Left eye	
open-source	retinal_imaging_v2	yesno			rtso_osm		Spec-Mac-20x20-HS-512 lines-OCTA		2005200299	2005200299	Spec-Mac-20x20-HS-512 lines-OCTA	Observation	AIREADI	Observable Entity	S		skos:exactMatch	1	45883829	Left eye	
open-source	retinal_imaging_v2	yesno			rtso_osp		Spec-PPole Mac-HR-61 lines-OCT		2005200298	2005200298	Spec-PPole Mac-HR-61 lines-OCT	Observation	AIREADI	Observable Entity	S		skos:exactMatch	1	45883829	Left eye	
open-source	retinal_imaging_v2	yesno			rtso_oso		Spec-ONH-RC-HR-OCT		2005200297	2005200297	Spec-ONH-RC-HR-OCT	Observation	AIREADI	Observable Entity	S		skos:exactMatch	1	45883829	Left eye	
open-source	retinal_imaging_v2	yesno			rtsm_osm		Eidon- Create Mosaic Image-CFP		2005200296	2005200296	Eidon- Create Mosaic Image-CFP	Observation	AIREADI	Observable Entity	S		skos:exactMatch	1	45883829	Left eye	
open-source	retinal_imaging_v2	yesno			rtsm_ost		Eidon-UWF temporal-CFP		2005200295	2005200295	Eidon-UWF Temporal-CFP	Observation	AIREADI	Observable Entity	S		skos:exactMatch	1	45883829	Left eye	
open-source	retinal_imaging_v2	yesno			rtsm_osn		Eidon-UWF Nasal-CFP		2005200294	2005200294	Eidon-UWF Nasal-CFP	Observation	AIREADI	Observable Entity	S		skos:exactMatch	1	45883829	Left eye	
open-source	retinal_imaging_v2	yesno			rtsm_osc		Eidon-UWF Central-CFP		2005200293	2005200293	Eidon-UWF Central-CFP	Observation	AIREADI	Observable Entity	S		skos:exactMatch	1	45883829	Left eye	
open-source	retinal_imaging_v2	yesno			rtei_osfaf		Eidon-UWF Central-FAF		2005200292	2005200292	Eidon-UWF Central-FAF	Observation	AIREADI	Observable Entity	S		skos:exactMatch	1	45883829	Left eye	
open-source	retinal_imaging_v2	yesno			rtei_osir		Eidon-UWF Central-IR		2005200291	2005200291	Eidon-UWF Central-IR	Observation	AIREADI	Observable Entity	S		skos:exactMatch	1	45883829	Left eye	
open-source	retinal_imaging_v2	yesno			rtop_osm		OptoMed-Mac centered-CFP		2005200290	2005200290	OptoMed-Mac centered-CFP	Observation	AIREADI	Observable Entity	S		skos:exactMatch	1	45883829	Left eye	
open-source	retinal_imaging_v2	yesno			rtop_osd		OptoMed-Disc centered-CFP		2005200289	2005200289	OptoMed-Disc centered-CFP	Observation	AIREADI	Observable Entity	S		skos:exactMatch	1	45883829	Left eye	
open-source	retinal_imaging_v2	yesno			rtfl_od		FLIO-Mac-HS		2005200304	2005200304	FLIO-Mac-HS	Observation	AIREADI	Observable Entity	S		skos:exactMatch	1	45876703	Right eye	
open-source	retinal_imaging_v2	yesno			rttr_odm2		Triton-Macula 12x12-OCTA		2005200205	2005200205	Triton-Macula 12x12-OCTA	Observation	AIREADI	Observable Entity	S		skos:exactMatch	1	45876703	Right eye	
open-source	retinal_imaging_v2	yesno			rttr_odm1		Triton-Macula 6x6-OCTA		2005200204	2005200204	Triton-Macula 6x6-OCTA	Observation	AIREADI	Observable Entity	S		skos:exactMatch	1	45876703	Right eye	
open-source	retinal_imaging_v2	yesno			rttr_odr		Triton-3D(H)+Radial 12x9-OCT		2005200203	2005200203	Triton-3D(H)+Radial 12x9-OCT	Observation	AIREADI	Observable Entity	S		skos:exactMatch	1	45876703	Right eye	
open-source	retinal_imaging_v2	yesno			rtma_odm1		M2-Mac 6x6-360x360-(rep3)-OCTA		2005200202	2005200202	M2-Mac 6x6-360x360-(rep3)-OCTA	Observation	AIREADI	Observable Entity	S		skos:exactMatch	1	45876703	Right eye	
open-source	retinal_imaging_v2	yesno			rtma_odm		M2-3D Macula 6x6-OCT		2005200201	2005200201	M2-3D Macula 6x6-OCT	Observation	AIREADI	Observable Entity	S		skos:exactMatch	1	45876703	Right eye	
open-source	retinal_imaging_v2	yesno			rtma_odw		M2-3D Wide(H) 12x9-OCT		2005200200	2005200200	M2-3D Wide(H) 12x9-OCT	Observation	AIREADI	Observable Entity	S		skos:exactMatch	1	45876703	Right eye	
open-source	retinal_imaging_v2	yesno			rtci_odd2		Cirrus-Disc 6x6-OCTA		2005200303	2005200303	Cirrus-Disc 6x6-OCTA	Observation	AIREADI	Observable Entity	S		skos:exactMatch	1	45876703	Right eye	
open-source	retinal_imaging_v2	yesno			rtci_odm2		Cirrus-Macula 6x6-OCTA		2005200302	2005200302	Cirrus-Macula 6x6-OCTA	Observation	AIREADI	Observable Entity	S		skos:exactMatch	1	45876703	Right eye	
open-source	retinal_imaging_v2	yesno			rtci_odd1		Cirrus-Disc Cube-200x200-OCT		2005200301	2005200301	Cirrus-Disc Cube-200x200-OCT	Observation	AIREADI	Observable Entity	S		skos:exactMatch	1	45876703	Right eye	
open-source	retinal_imaging_v2	yesno			rtci_odm1		Cirrus-Mac Cube-512x128-OCT		2005200300	2005200300	Cirrus-Mac Cube-512x128-OCT	Observation	AIREADI	Observable Entity	S		skos:exactMatch	1	45876703	Right eye	
open-source	retinal_imaging_v2	yesno			rtso_odm		Spec-Mac-20x20-HS-512 lines-OCTA		2005200299	2005200299	Spec-Mac-20x20-HS-512 lines-OCTA	Observation	AIREADI	Observable Entity	S		skos:exactMatch	1	45876703	Right eye	
open-source	retinal_imaging_v2	yesno			rtso_odp		Spec-PPole Mac-HR-61 lines-OCT		2005200298	2005200298	Spec-PPole Mac-HR-61 lines-OCT	Observation	AIREADI	Observable Entity	S		skos:exactMatch	1	45876703	Right eye	
open-source	retinal_imaging_v2	yesno			rtso_odo		Spec-ONH-RC-HR-OCT		2005200297	2005200297	Spec-ONH-RC-HR-OCT	Observation	AIREADI	Observable Entity	S		skos:exactMatch	1	45876703	Right eye	
open-source	retinal_imaging_v2	yesno			rtsm_odm		Eidon-Create Mosaic Image-CFP		2005200296	2005200296	Eidon- Create Mosaic Image-CFP	Observation	AIREADI	Observable Entity	S		skos:exactMatch	1	45876703	Right eye	
open-source	retinal_imaging_v2	yesno			rtsm_odt		Eidon-UWF Temporal-CFP		2005200295	2005200295	Eidon-UWF Temporal-CFP	Observation	AIREADI	Observable Entity	S		skos:exactMatch	1	45876703	Right eye	
open-source	retinal_imaging_v2	yesno			rtsm_odn		Eidon-UWF Nasal-CFP		2005200294	2005200294	Eidon-UWF Nasal-CFP	Observation	AIREADI	Observable Entity	S		skos:exactMatch	1	45876703	Right eye	
open-source	retinal_imaging_v2	yesno			rtsm_odc		Eidon-UWF Central-CFP		2005200293	2005200293	Eidon-UWF Central-CFP	Observation	AIREADI	Observable Entity	S		skos:exactMatch	1	45876703	Right eye	
open-source	retinal_imaging_v2	yesno			rtei_odfaf		Eidon-UWF Central-FAF		2005200292	2005200292	Eidon-UWF Central-FAF	Observation	AIREADI	Observable Entity	S		skos:exactMatch	1	45876703	Right eye	
open-source	retinal_imaging_v2	yesno			rtei_odir		Eidon-UWF Central-IR		2005200291	2005200291	Eidon-UWF Central-IR	Observation	AIREADI	Observable Entity	S		skos:exactMatch	1	45876703	Right eye	
open-source	retinal_imaging_v2	yesno			rtop_odm		OptoMed-Mac centered-CFP		2005200290	2005200290	OptoMed-Mac centered-CFP	Observation	AIREADI	Observable Entity	S		skos:exactMatch	1	45876703	Right eye	
open-source	retinal_imaging_v2	yesno			rtop_odd		OptoMed-Disc centered-CFP		2005200289	2005200289	OptoMed-Disc centered-CFP	Observation	AIREADI	Observable Entity	S		skos:exactMatch	1	45876703	Right eye	
open-source	disposition	radio	eos_dsvst	3363	2	eos_dsvst_2	In Person (Baseline)		2005200288	2005200288	In Person (Baseline)	Observation	AIREADI	Procedure	S		skos:exactMatch	1			
open-source	disposition	checkbox	eos_dsdecodie	3359	4	eos_dsdecodie_4	Individual had Type 1 Diabetes		2005200287	2005200287	Individual had Type 1 Diabetes	Meas Value	AIREADI	Answer	S		skos:exactMatch	1			
open-source	disposition	checkbox	eos_dsdecodie	3358	3	eos_dsdecodie_3	Individual is not needed at this time for recruitment goals		2005200286	2005200286	Individual is not needed at this time for recruitment goals	Observation	AIREADI	Clinical Finding	S		skos:exactMatch	1			
open-source	disposition	checkbox	eos_dsdecodie	3356	1	eos_dsdecodie_1	Individual was under age 40		2005200285	2005200285	Individual was under age 40	Meas Value	AIREADI	Answer	S		skos:exactMatch	1			
open-source	disposition	radio	eos_dsdecod	3354	9	eos_dsdecod_9	Protocol Deviation		2005200284	2005200284	Protocol Deviation	Observation	AIREADI	Clinical Finding	S		skos:exactMatch	1			
open-source	disposition	radio	eos_dsdecod	3351	6	eos_dsdecod_6	Currently enrolled in a conflicting study		2005200283	2005200283	Currently enrolled in a conflicting study	Observation	AIREADI	Clinical Finding	S		skos:exactMatch	1			
open-source	disposition	radio	eos_dsdecod	3349	4	eos_dsdecod_4	Geographic Inaccessibility		2005200282	2005200282	Geographic Inaccessibility	Observation	AIREADI	Context-dependent	S		skos:exactMatch	1			
open-source	disposition	radio	eos_dsdecod	3348	3	eos_dsdecod_3	Withdrawal by Subject		2005200281	2005200281	Withdrawal by Subject	Meas Value	AIREADI	Answer	S		skos:exactMatch	1			
open-source	disposition	radio	eos_dsdecod	3346	1	eos_dsdecod_1	Did not meet Inclusion/Exclusion criteria		2005200280	2005200280	Did not meet Inclusion/Exclusion criteria	Meas Value	AIREADI	Answer	S		skos:exactMatch	1			
open-source	bcva	radio	viaomthd	3035	1	viaomthd_1	EVA		2005200058	2005200058	EVA	Measurement	AIREADI	Clinical Observation	S		skos:exactMatch	1			
open-source	px_neighborhood_environment_survey	dropdown	pxne11	2565	6	pxne11_6	6 or more		2005200270	2005200270	6 or more	Meas Value	AIREADI	Answer	S		skos:exactMatch	1			
open-source	px_neighborhood_environment_survey	radio	pxne5	2530	88	pxne5_88	Does not apply to my neighborhood		2005200268	2005200268	Does not apply to my neighborhood	Meas Value	AIREADI	Answer	S		skos:exactMatch	1			
open-source	px_neighborhood_environment_survey	radio	pxne4	2523	88	pxne4_88	Does not apply to my neighborhood		2005200268	2005200268	Does not apply to my neighborhood	Meas Value	AIREADI	Answer	S		skos:exactMatch	1			
open-source	px_sdoh_combined_survey	dropdown	pxahc7	2416	6	pxahc7_6	50 or more times		2005200267	2005200267	50 or more times	Meas Value	AIREADI	Answer	S		skos:exactMatch	1			
open-source	px_sdoh_combined_survey	dropdown	pxahc7	2415	5	pxahc7_5	40 - 49 times		2005200266	2005200266	40 - 49 times	Meas Value	AIREADI	Answer	S		skos:exactMatch	1			
open-source	px_sdoh_combined_survey	dropdown	pxahc7	2414	4	pxahc7_4	30 - 39 times		2005200265	2005200265	30 - 39 times	Meas Value	AIREADI	Answer	S		skos:exactMatch	1			
open-source	px_sdoh_combined_survey	dropdown	pxahc7	2413	3	pxahc7_3	20 - 29 times		2005200264	2005200264	20 - 29 times	Meas Value	AIREADI	Answer	S		skos:exactMatch	1			
open-source	px_sdoh_combined_survey	dropdown	pxahc7	2412	2	pxahc7_2	11 - 19 times		2005200263	2005200263	11 - 19 times	Meas Value	AIREADI	Answer	S		skos:exactMatch	1			
open-source	px_sdoh_combined_survey	dropdown	pxahc7	2411	1	pxahc7_1	1 - 10 times		2005200262	2005200262	1 - 10 times	Meas Value	AIREADI	Answer	S		skos:exactMatch	1			
open-source	px_sdoh_combined_survey	dropdown	pxahc6	2407	6	pxahc6_6	50 or more times		2005200267	2005200267	50 or more times	Meas Value	AIREADI	Answer	S		skos:exactMatch	1			
open-source	px_sdoh_combined_survey	dropdown	pxahc6	2406	5	pxahc6_5	40 - 49 times		2005200266	2005200266	40 - 49 times	Meas Value	AIREADI	Answer	S		skos:exactMatch	1			
open-source	px_sdoh_combined_survey	dropdown	pxahc6	2405	4	pxahc6_4	30 - 39 times		2005200265	2005200265	30 - 39 times	Meas Value	AIREADI	Answer	S		skos:exactMatch	1			
open-source	px_sdoh_combined_survey	dropdown	pxahc6	2404	3	pxahc6_3	20 - 29 times		2005200264	2005200264	20 - 29 times	Meas Value	AIREADI	Answer	S		skos:exactMatch	1			
open-source	px_sdoh_combined_survey	dropdown	pxahc6	2403	2	pxahc6_2	11 - 19 times		2005200263	2005200263	11 - 19 times	Meas Value	AIREADI	Answer	S		skos:exactMatch	1			
open-source	px_sdoh_combined_survey	dropdown	pxahc6	2402	1	pxahc6_1	1 - 10 times		2005200262	2005200262	1 - 10 times	Meas Value	AIREADI	Answer	S		skos:exactMatch	1			
open-source	px_sdoh_combined_survey	radio	pxahc5	2396	4	pxahc5_4	A VA Medical Center or VA outpatient clinic		2005200260	2005200260	A VA Medical Center or VA outpatient clinic	Meas Value	AIREADI	Answer	S		skos:exactMatch	1			
open-source	px_sdoh_combined_survey	radio	pxahc5	2394	2	pxahc5_2	Walk-in clinic, urgent care center, or retail clinic in a pharmacy or grocery store		2005200259	2005200259	Walk-in clinic, urgent care center, or retail clinic in a pharmacy or grocery store	Meas Value	AIREADI	Answer	S		skos:exactMatch	1			
open-source	px_sdoh_combined_survey	radio	pxahc5	2393	1	pxahc5_1	A doctor's office or health center		2005200258	2005200258	A doctor's office or health center	Meas Value	AIREADI	Answer	S		skos:exactMatch	1			
open-source	px_sdoh_combined_survey	radio	pxahc3	2384	5	pxahc3_5	Within the last 10 years (5 years but less than 10 years ago)		2005200255	2005200255	Within the last 10 years (5 years but less than 10 years ago)	Meas Value	AIREADI	Answer	S		skos:exactMatch	1			
open-source	px_sdoh_combined_survey	radio	pxahc1	2371	5	pxahc1_5	Within the last 10 years (5 years but less than 10 years ago)		2005200255	2005200255	Within the last 10 years (5 years but less than 10 years ago)	Meas Value	AIREADI	Answer	S		skos:exactMatch	1			
open-source	px_sdoh_combined_survey	radio	pxhic8	2364	1	pxhic8_1	I HAVE some kind of health insurance		2005200254	2005200254	I HAVE some kind of health insurance	Meas Value	AIREADI	Answer	S		skos:exactMatch	1			
open-source	px_sdoh_combined_survey	radio	pxhic8	2363	0	pxhic8_0	I do NOT have health insurance		2005200253	2005200253	I do NOT have health insurance	Meas Value	AIREADI	Answer	S		skos:exactMatch	1			
open-source	px_sdoh_combined_survey	radio	pxhic7	2359	1	pxhic7_1	Covered		2005200252	2005200252	Covered	Meas Value	AIREADI	Answer	S		skos:exactMatch	1			
open-source	px_sdoh_combined_survey	radio	pxhic5	2351	1	pxhic5_1	Covered		2005200252	2005200252	Covered	Meas Value	AIREADI	Answer	S		skos:exactMatch	1			
open-source	px_sdoh_combined_survey	radio	pxhic4	2347	1	pxhic4_1	Covered		2005200252	2005200252	Covered	Meas Value	AIREADI	Answer	S		skos:exactMatch	1			
open-source	px_sdoh_combined_survey	radio	pxhic3	2343	1	pxhic3_1	Covered		2005200252	2005200252	Covered	Meas Value	AIREADI	Answer	S		skos:exactMatch	1			
open-source	px_sdoh_combined_survey	radio	pxhic2	2339	1	pxhic2_1	Covered		2005200252	2005200252	Covered	Meas Value	AIREADI	Answer	S		skos:exactMatch	1			
open-source	px_sdoh_combined_survey	radio	pxhic1	2335	1	pxhic1_1	Covered		2005200252	2005200252	Covered	Meas Value	AIREADI	Answer	S		skos:exactMatch	1			
open-source	px_sdoh_combined_survey	radio	pxji1	2296	5	pxji1_5	Will be leaving labor force voluntarily		2005200251	2005200251	Will be leaving labor force voluntarily	Meas Value	AIREADI	Answer	S		skos:exactMatch	1			
open-source	ophthalmic_survey	radio	via6	2252	3	via6_3	Within the past 2 years (1 year but less than 2 years ago)		2005200244	2005200244	Within the past 2 years (1 year but less than 2 years ago)	Meas Value	AIREADI	Answer	S		skos:exactMatch	1			
open-source	ophthalmic_survey	radio	via5	2247	6	via5_6	Have not thought of it		2005200250	2005200250	Have not thought of it	Meas Value	AIREADI	Answer	S		skos:exactMatch	1			
open-source	ophthalmic_survey	radio	via5	2246	5	via5_5	No reason to go (no problem)		2005200249	2005200249	No reason to go (no problem)	Meas Value	AIREADI	Answer	S		skos:exactMatch	1			
open-source	ophthalmic_survey	radio	via5	2244	3	via5_3	Cannot get to the office/clinic (too far away, no transportation)		2005200247	2005200247	Cannot get to the office/clinic (too far away, no transportation)	Meas Value	AIREADI	Answer	S		skos:exactMatch	1			
open-source	ophthalmic_survey	radio	via5	2243	2	via5_2	Do not have/know an eye doctor		2005200246	2005200246	Do not have/know an eye doctor	Meas Value	AIREADI	Answer	S		skos:exactMatch	1			
open-source	ophthalmic_survey	radio	via5	2242	1	via5_1	Cost/Insurance		2005200245	2005200245	Cost/Insurance	Meas Value	AIREADI	Answer	S		skos:exactMatch	1			
open-source	ophthalmic_survey	radio	via4	2239	3	via4_3	Within the past 2 years (1 year but less than 2 years ago)		2005200244	2005200244	Within the past 2 years (1 year but less than 2 years ago)	Meas Value	AIREADI	Answer	S		skos:exactMatch	1			
open-source	dietary_survey	radio	diet9	2215	0	diet9_0	Less than 1		2005200242	2005200242	Less than 1	Meas Value	AIREADI	Answer	S		skos:exactMatch	1			
open-source	dietary_survey	radio	diet6	2203	0	diet6_0	1 time or less		2005200243	2005200243	1 time or less	Meas Value	AIREADI	Answer	S		skos:exactMatch	1			
open-source	dietary_survey	radio	diet5	2201	2	diet5_2	Less than 1 time		2005200238	2005200238	Less than 1 time	Meas Value	AIREADI	Answer	S		skos:exactMatch	1			
open-source	dietary_survey	radio	diet4	2195	0	diet4_0	Less than 1		2005200242	2005200242	Less than 1	Meas Value	AIREADI	Answer	S		skos:exactMatch	1			
open-source	dietary_survey	radio	diet3	2193	2	diet3_2	2 or less		2005200241	2005200241	2 or less	Meas Value	AIREADI	Answer	S		skos:exactMatch	1			
open-source	dietary_survey	radio	diet3	2191	0	diet3_0	5 or more		2005200240	2005200240	5 or more	Meas Value	AIREADI	Answer	S		skos:exactMatch	1			
open-source	dietary_survey	radio	diet2	2189	2	diet2_2	2 or less		2005200241	2005200241	2 or less	Meas Value	AIREADI	Answer	S		skos:exactMatch	1			
open-source	dietary_survey	radio	diet2	2187	0	diet2_0	5 or more		2005200240	2005200240	5 or more	Meas Value	AIREADI	Answer	S		skos:exactMatch	1			
open-source	dietary_survey	radio	diet1	2184	1	diet1_1	1 - 3 times		2005200239	2005200239	1 - 3 times	Meas Value	AIREADI	Answer	S		skos:exactMatch	1			
open-source	dietary_survey	radio	diet1	2183	0	diet1_0	Less than 1 time		2005200238	2005200238	Less than 1 time	Meas Value	AIREADI	Answer	S		skos:exactMatch	1			
open-source	diabetes_survey	radio	dmlmd	2181	0	dmlmd_0	Rarely or none. Not taking 1 or more recommended medicines		2005200334	2005200334	Rarely or none. Not taking 1 or more recommended medicines	Meas Value	AIREADI	Answer	S		skos:exactMatch	1			
open-source	diabetes_survey	radio	dmlmd	2180	5	dmlmd_5	1-2 visits a year. Forgetting medicines frequently.		2005200333	2005200333	1-2 visits a year. Forgetting medicines frequently.	Meas Value	AIREADI	Answer	S		skos:exactMatch	1			
open-source	diabetes_survey	radio	dmlmd	2179	10	dmlmd_10	3 or more visits a year to the same doctor. Regular with medicines.		2005200332	2005200332	3 or more visits a year to the same doctor. Regular with medicines.	Meas Value	AIREADI	Answer	S		skos:exactMatch	1			
open-source	diabetes_survey	radio	dmledu	2172	5	dmledu_5	Occasionally; every 2-3 months		2005200331	2005200331	Occasionally; every 2-3 months	Meas Value	AIREADI	Answer	S		skos:exactMatch	1			
open-source	diabetes_survey	radio	dmledu	2171	10	dmledu_10	Regularly; at least monthly (dietician, support groups, books, websites, apps)		2005200330	2005200330	Regularly; at least monthly (dietician, support groups, books, websites, apps)	Meas Value	AIREADI	Answer	S		skos:exactMatch	1			
open-source	diabetes_survey	radio	dmlfrveg	2168	5	dmlfrveg_5	1-3 servings or pieces per day		2005200329	2005200329	1-3 servings or pieces per day	Meas Value	AIREADI	Answer	S		skos:exactMatch	1			
open-source	diabetes_survey	radio	dmlfrveg	2167	10	dmlfrveg_10	4-5 servings or pieces of fruits and raw vegetables per day		2005200328	2005200328	4-5 servings or pieces of fruits and raw vegetables per day	Meas Value	AIREADI	Answer	S		skos:exactMatch	1			
open-source	diabetes_survey	radio	dmlpor	2165	0	dmlpor_0	Rarely or none; eat at buffets and restaurants with large portions		2005200327	2005200327	Rarely or none; eat at buffets and restaurants with large portions	Meas Value	AIREADI	Answer	S		skos:exactMatch	1			
open-source	diabetes_survey	radio	dmlpor	2164	5	dmlpor_5	Occasionally limit portions		2005200326	2005200326	Occasionally limit portions	Meas Value	AIREADI	Answer	S		skos:exactMatch	1			
open-source	diabetes_survey	radio	dmlpor	2163	10	dmlpor_10	Eat small portions and avoid second servings		2005200325	2005200325	Eat small portions and avoid second servings	Meas Value	AIREADI	Answer	S		skos:exactMatch	1			
open-source	diabetes_survey	radio	dmlgrain	2161	0	dmlgrain_0	Usually eat white bread or white rice		2005200324	2005200324	Usually eat white bread or white rice	Meas Value	AIREADI	Answer	S		skos:exactMatch	1			
open-source	diabetes_survey	radio	dmlgrain	2160	5	dmlgrain_5	Rarely eat whole grain		2005200323	2005200323	Rarely eat whole grain	Meas Value	AIREADI	Answer	S		skos:exactMatch	1			
open-source	diabetes_survey	radio	dmlgrain	2159	10	dmlgrain_10	Usually eat whole grain		2005200322	2005200322	Usually eat whole grain	Meas Value	AIREADI	Answer	S		skos:exactMatch	1			
open-source	diabetes_survey	radio	dmlsugar	2157	0	dmlsugar_0	Frequently eat sweets		2005200321	2005200321	Frequently eat sweets	Meas Value	AIREADI	Answer	S		skos:exactMatch	1			
open-source	diabetes_survey	radio	dmlsugar	2156	5	dmlsugar_5	Occasionally eat sweets		2005200320	2005200320	Occasionally eat sweets	Meas Value	AIREADI	Answer	S		skos:exactMatch	1			
open-source	diabetes_survey	radio	dmlsugar	2155	10	dmlsugar_10	Rarely eat sweets		2005200319	2005200319	Rarely eat sweets	Meas Value	AIREADI	Answer	S		skos:exactMatch	1			
open-source	diabetes_survey	radio	dmlhex	2152	5	dmlhex_5	Irregular; once or twice a week		2005200318	2005200318	Irregular; once or twice a week	Meas Value	AIREADI	Answer	S		skos:exactMatch	1			
open-source	diabetes_survey	radio	dmlhex	2151	10	dmlhex_10	Doing daily or almost daily		2005200317	2005200317	Doing daily or almost daily	Meas Value	AIREADI	Answer	S		skos:exactMatch	1			
open-source	diabetes_survey	radio	dmlact	2149	0	dmlact_0	Not Active (TV, computer, phone, use lifts)		2005200316	2005200316	Not Active (TV, computer, phone, use lifts)	Meas Value	AIREADI	Answer	S		skos:exactMatch	1			
open-source	diabetes_survey	radio	dmlact	2148	5	dmlact_5	Somewhat active		2005200315	2005200315	Somewhat active	Meas Value	AIREADI	Answer	S		skos:exactMatch	1			
open-source	diabetes_survey	radio	dmlact	2147	10	dmlact_10	Active (stairs, walks, housework)		2005200314	2005200314	Active (stairs, walks, housework)	Meas Value	AIREADI	Answer	S		skos:exactMatch	1			
open-source	diabetes_survey	radio	dmlvex	2143	10	dmlvex_10	At least 30 minutes daily 3 or more days a week		2005200312	2005200312	At least 30 minutes daily 3 or more days a week	Meas Value	AIREADI	Answer	S		skos:exactMatch	1			
open-source	paid5_dm_survey	radio	paid_cml	2142	4	paid_cml_4	Serious problem		2005200217	2005200217	Serious problem	Meas Value	AIREADI	Answer	S		skos:exactMatch	1			
open-source	paid5_dm_survey	radio	paid_cml	2141	3	paid_cml_3	Somewhat serious problem		2005200216	2005200216	Somewhat serious problem	Meas Value	AIREADI	Answer	S		skos:exactMatch	1			
open-source	paid5_dm_survey	radio	paid_cml	2140	2	paid_cml_2	Moderate problem		2005200215	2005200215	Moderate problem	Meas Value	AIREADI	Answer	S		skos:exactMatch	1			
open-source	paid5_dm_survey	radio	paid_cml	2139	1	paid_cml_1	Minor problem		2005200214	2005200214	Minor problem	Meas Value	AIREADI	Answer	S		skos:exactMatch	1			
open-source	paid5_dm_survey	radio	paid_cml	2138	0	paid_cml_0	Not a problem		2005200213	2005200213	Not a problem	Meas Value	AIREADI	Answer	S		skos:exactMatch	1			
open-source	paid5_dm_survey	radio	paid_eng	2137	4	paid_eng_4	Serious problem		2005200217	2005200217	Serious problem	Meas Value	AIREADI	Answer	S		skos:exactMatch	1			
open-source	paid5_dm_survey	radio	paid_eng	2136	3	paid_eng_3	Somewhat serious problem		2005200216	2005200216	Somewhat serious problem	Meas Value	AIREADI	Answer	S		skos:exactMatch	1			
open-source	paid5_dm_survey	radio	paid_eng	2135	2	paid_eng_2	Moderate problem		2005200215	2005200215	Moderate problem	Meas Value	AIREADI	Answer	S		skos:exactMatch	1			
open-source	paid5_dm_survey	radio	paid_eng	2134	1	paid_eng_1	Minor problem		2005200214	2005200214	Minor problem	Meas Value	AIREADI	Answer	S		skos:exactMatch	1			
open-source	paid5_dm_survey	radio	paid_eng	2133	0	paid_eng_0	Not a problem		2005200213	2005200213	Not a problem	Meas Value	AIREADI	Answer	S		skos:exactMatch	1			
open-source	paid5_dm_survey	radio	paid_wr	2132	4	paid_wr_4	Serious problem		2005200217	2005200217	Serious problem	Meas Value	AIREADI	Answer	S		skos:exactMatch	1			
open-source	paid5_dm_survey	radio	paid_wr	2131	3	paid_wr_3	Somewhat serious problem		2005200216	2005200216	Somewhat serious problem	Meas Value	AIREADI	Answer	S		skos:exactMatch	1			
open-source	paid5_dm_survey	radio	paid_wr	2130	2	paid_wr_2	Moderate problem		2005200215	2005200215	Moderate problem	Meas Value	AIREADI	Answer	S		skos:exactMatch	1			
open-source	paid5_dm_survey	radio	paid_wr	2129	1	paid_wr_1	Minor problem		2005200214	2005200214	Minor problem	Meas Value	AIREADI	Answer	S		skos:exactMatch	1			
open-source	paid5_dm_survey	radio	paid_wr	2128	0	paid_wr_0	Not a problem		2005200213	2005200213	Not a problem	Meas Value	AIREADI	Answer	S		skos:exactMatch	1			
open-source	paid5_dm_survey	radio	paid_dpr	2127	4	paid_dpr_4	Serious problem		2005200217	2005200217	Serious problem	Meas Value	AIREADI	Answer	S		skos:exactMatch	1			
open-source	paid5_dm_survey	radio	paid_dpr	2126	3	paid_dpr_3	Somewhat serious problem		2005200216	2005200216	Somewhat serious problem	Meas Value	AIREADI	Answer	S		skos:exactMatch	1			
open-source	paid5_dm_survey	radio	paid_dpr	2125	2	paid_dpr_2	Moderate problem		2005200215	2005200215	Moderate problem	Meas Value	AIREADI	Answer	S		skos:exactMatch	1			
open-source	paid5_dm_survey	radio	paid_dpr	2124	1	paid_dpr_1	Minor problem		2005200214	2005200214	Minor problem	Meas Value	AIREADI	Answer	S		skos:exactMatch	1			
open-source	paid5_dm_survey	radio	paid_dpr	2123	0	paid_dpr_0	Not a problem		2005200213	2005200213	Not a problem	Meas Value	AIREADI	Answer	S		skos:exactMatch	1			
open-source	paid5_dm_survey	radio	paid_scrd	2122	4	paid_scrd_4	Serious problem		2005200217	2005200217	Serious problem	Meas Value	AIREADI	Answer	S		skos:exactMatch	1			
open-source	paid5_dm_survey	radio	paid_scrd	2121	3	paid_scrd_3	Somewhat serious problem		2005200216	2005200216	Somewhat serious problem	Meas Value	AIREADI	Answer	S		skos:exactMatch	1			
open-source	paid5_dm_survey	radio	paid_scrd	2120	2	paid_scrd_2	Moderate problem		2005200215	2005200215	Moderate problem	Meas Value	AIREADI	Answer	S		skos:exactMatch	1			
open-source	paid5_dm_survey	radio	paid_scrd	2119	1	paid_scrd_1	Minor problem		2005200214	2005200214	Minor problem	Meas Value	AIREADI	Answer	S		skos:exactMatch	1			
open-source	paid5_dm_survey	radio	paid_scrd	2118	0	paid_scrd_0	Not a problem		2005200213	2005200213	Not a problem	Meas Value	AIREADI	Answer	S		skos:exactMatch	1			
open-source	cesd10_survey	radio	ces10	2117	3	ces10_3	All of the time (5-7 days)		2005200144	2005200144	All of the time (5-7 days)	Meas Value	AIREADI	Answer	S		skos:exactMatch	1			
open-source	cesd10_survey	radio	ces10	2116	2	ces10_2	Occasionally or a moderate amount of time (3-4 days)		2005200143	2005200143	Occasionally or a moderate amount of time (3-4 days)	Meas Value	AIREADI	Answer	S		skos:exactMatch	1			
open-source	cesd10_survey	radio	ces10	2115	1	ces10_1	Some or a little of the time (1-2 days)		2005200142	2005200142	Some or a little of the time (1-2 days)	Meas Value	AIREADI	Answer	S		skos:exactMatch	1			
open-source	cesd10_survey	radio	ces10	2114	0	ces10_0	Rarely or none of the time (< 1 day)		2005200141	2005200141	Rarely or none of the time (< 1 day)	Meas Value	AIREADI	Answer	S		skos:exactMatch	1			
open-source	cesd10_survey	radio	ces9	2113	3	ces9_3	All of the time (5-7 days)		2005200144	2005200144	All of the time (5-7 days)	Meas Value	AIREADI	Answer	S		skos:exactMatch	1			
open-source	cesd10_survey	radio	ces9	2112	2	ces9_2	Occasionally or a moderate amount of time (3-4 days)		2005200143	2005200143	Occasionally or a moderate amount of time (3-4 days)	Meas Value	AIREADI	Answer	S		skos:exactMatch	1			
open-source	cesd10_survey	radio	ces9	2111	1	ces9_1	Some or a little of the time (1-2 days)		2005200142	2005200142	Some or a little of the time (1-2 days)	Meas Value	AIREADI	Answer	S		skos:exactMatch	1			
open-source	cesd10_survey	radio	ces9	2110	0	ces9_0	Rarely or none of the time (< 1 day)		2005200141	2005200141	Rarely or none of the time (< 1 day)	Meas Value	AIREADI	Answer	S		skos:exactMatch	1			
open-source	cesd10_survey	radio	ces8	2109	0	ces8_0	All of the time (5-7 days)		2005200144	2005200144	All of the time (5-7 days)	Meas Value	AIREADI	Answer	S		skos:exactMatch	1			
open-source	cesd10_survey	radio	ces8	2108	1	ces8_1	Occasionally or a moderate amount of time (3-4 days)		2005200143	2005200143	Occasionally or a moderate amount of time (3-4 days)	Meas Value	AIREADI	Answer	S		skos:exactMatch	1			
open-source	cesd10_survey	radio	ces8	2107	2	ces8_2	Some or a little of the time (1-2 days)		2005200142	2005200142	Some or a little of the time (1-2 days)	Meas Value	AIREADI	Answer	S		skos:exactMatch	1			
open-source	cesd10_survey	radio	ces8	2106	3	ces8_3	Rarely or none of the time (< 1 day)		2005200141	2005200141	Rarely or none of the time (< 1 day)	Meas Value	AIREADI	Answer	S		skos:exactMatch	1			
open-source	cesd10_survey	radio	ces7	2105	3	ces7_3	All of the time (5-7 days)		2005200144	2005200144	All of the time (5-7 days)	Meas Value	AIREADI	Answer	S		skos:exactMatch	1			
open-source	cesd10_survey	radio	ces7	2104	2	ces7_2	Occasionally or a moderate amount of time (3-4 days)		2005200143	2005200143	Occasionally or a moderate amount of time (3-4 days)	Meas Value	AIREADI	Answer	S		skos:exactMatch	1			
open-source	cesd10_survey	radio	ces7	2103	1	ces7_1	Some or a little of the time (1-2 days)		2005200142	2005200142	Some or a little of the time (1-2 days)	Meas Value	AIREADI	Answer	S		skos:exactMatch	1			
open-source	cesd10_survey	radio	ces7	2102	0	ces7_0	Rarely or none of the time (< 1 day)		2005200141	2005200141	Rarely or none of the time (< 1 day)	Meas Value	AIREADI	Answer	S		skos:exactMatch	1			
open-source	cesd10_survey	radio	ces6	2101	3	ces6_3	All of the time (5-7 days)		2005200144	2005200144	All of the time (5-7 days)	Meas Value	AIREADI	Answer	S		skos:exactMatch	1			
open-source	cesd10_survey	radio	ces6	2100	2	ces6_2	Occasionally or a moderate amount of time (3-4 days)		2005200143	2005200143	Occasionally or a moderate amount of time (3-4 days)	Meas Value	AIREADI	Answer	S		skos:exactMatch	1			
open-source	cesd10_survey	radio	ces6	2099	1	ces6_1	Some or a little of the time (1-2 days)		2005200142	2005200142	Some or a little of the time (1-2 days)	Meas Value	AIREADI	Answer	S		skos:exactMatch	1			
open-source	cesd10_survey	radio	ces6	2098	0	ces6_0	Rarely or none of the time (< 1 day)		2005200141	2005200141	Rarely or none of the time (< 1 day)	Meas Value	AIREADI	Answer	S		skos:exactMatch	1			
open-source	cesd10_survey	radio	ces5	2097	0	ces5_0	All of the time (5-7 days)		2005200144	2005200144	All of the time (5-7 days)	Meas Value	AIREADI	Answer	S		skos:exactMatch	1			
open-source	cesd10_survey	radio	ces5	2096	1	ces5_1	Occasionally or a moderate amount of time (3-4 days)		2005200143	2005200143	Occasionally or a moderate amount of time (3-4 days)	Meas Value	AIREADI	Answer	S		skos:exactMatch	1			
open-source	cesd10_survey	radio	ces5	2095	2	ces5_2	Some or a little of the time (1-2 days)		2005200142	2005200142	Some or a little of the time (1-2 days)	Meas Value	AIREADI	Answer	S		skos:exactMatch	1			
open-source	cesd10_survey	radio	ces5	2094	3	ces5_3	Rarely or none of the time (< 1 day)		2005200141	2005200141	Rarely or none of the time (< 1 day)	Meas Value	AIREADI	Answer	S		skos:exactMatch	1			
open-source	cesd10_survey	radio	ces4	2093	3	ces4_3	All of the time (5-7 days)		2005200144	2005200144	All of the time (5-7 days)	Meas Value	AIREADI	Answer	S		skos:exactMatch	1			
open-source	cesd10_survey	radio	ces4	2092	2	ces4_2	Occasionally or a moderate amount of time (3-4 days)		2005200143	2005200143	Occasionally or a moderate amount of time (3-4 days)	Meas Value	AIREADI	Answer	S		skos:exactMatch	1			
open-source	cesd10_survey	radio	ces4	2091	1	ces4_1	Some or a little of the time (1-2 days)		2005200142	2005200142	Some or a little of the time (1-2 days)	Meas Value	AIREADI	Answer	S		skos:exactMatch	1			
open-source	cesd10_survey	radio	ces4	2090	0	ces4_0	Rarely or none of the time (< 1 day)		2005200141	2005200141	Rarely or none of the time (< 1 day)	Meas Value	AIREADI	Answer	S		skos:exactMatch	1			
open-source	cesd10_survey	radio	ces3	2089	3	ces3_3	All of the time (5-7 days)		2005200144	2005200144	All of the time (5-7 days)	Meas Value	AIREADI	Answer	S		skos:exactMatch	1			
open-source	cesd10_survey	radio	ces3	2088	2	ces3_2	Occasionally or a moderate amount of time (3-4 days)		2005200143	2005200143	Occasionally or a moderate amount of time (3-4 days)	Meas Value	AIREADI	Answer	S		skos:exactMatch	1			
open-source	cesd10_survey	radio	ces3	2087	1	ces3_1	Some or a little of the time (1-2 days)		2005200142	2005200142	Some or a little of the time (1-2 days)	Meas Value	AIREADI	Answer	S		skos:exactMatch	1			
open-source	cesd10_survey	radio	ces3	2086	0	ces3_0	Rarely or none of the time (< 1 day)		2005200141	2005200141	Rarely or none of the time (< 1 day)	Meas Value	AIREADI	Answer	S		skos:exactMatch	1			
open-source	cesd10_survey	radio	ces2	2085	3	ces2_3	All of the time (5-7 days)		2005200144	2005200144	All of the time (5-7 days)	Meas Value	AIREADI	Answer	S		skos:exactMatch	1			
open-source	cesd10_survey	radio	ces2	2084	2	ces2_2	Occasionally or a moderate amount of time (3-4 days)		2005200143	2005200143	Occasionally or a moderate amount of time (3-4 days)	Meas Value	AIREADI	Answer	S		skos:exactMatch	1			
open-source	cesd10_survey	radio	ces2	2083	1	ces2_1	Some or a little of the time (1-2 days)		2005200142	2005200142	Some or a little of the time (1-2 days)	Meas Value	AIREADI	Answer	S		skos:exactMatch	1			
open-source	cesd10_survey	radio	ces2	2082	0	ces2_0	Rarely or none of the time (< 1 day)		2005200141	2005200141	Rarely or none of the time (< 1 day)	Meas Value	AIREADI	Answer	S		skos:exactMatch	1			
open-source	cesd10_survey	radio	ces1	2081	3	ces1_3	All of the time (5-7 days)		2005200144	2005200144	All of the time (5-7 days)	Meas Value	AIREADI	Answer	S		skos:exactMatch	1			
open-source	cesd10_survey	radio	ces1	2080	2	ces1_2	Occasionally or a moderate amount of time (3-4 days)		2005200143	2005200143	Occasionally or a moderate amount of time (3-4 days)	Meas Value	AIREADI	Answer	S		skos:exactMatch	1			
open-source	cesd10_survey	radio	ces1	2079	1	ces1_1	Some or a little of the time (1-2 days)		2005200142	2005200142	Some or a little of the time (1-2 days)	Meas Value	AIREADI	Answer	S		skos:exactMatch	1			
open-source	cesd10_survey	radio	ces1	2078	0	ces1_0	Rarely or none of the time (< 1 day)		2005200141	2005200141	Rarely or none of the time (< 1 day)	Meas Value	AIREADI	Answer	S		skos:exactMatch	1			
open-source	substance_use_survey	dropdown	sulqdosfr	2044	36	sulqdosfr_36	36 or more		2005200198	2005200198	36 or more	Meas Value	AIREADI	Answer	S		skos:exactMatch	1			
open-source	substance_use_survey	dropdown	sulqdosfr	2043	29	sulqdosfr_29	29 to 35		2005200197	2005200197	29 to 35	Meas Value	AIREADI	Answer	S		skos:exactMatch	1			
open-source	substance_use_survey	dropdown	sulqdosfr	2042	22	sulqdosfr_22	22 to 28		2005200196	2005200196	22 to 28	Meas Value	AIREADI	Answer	S		skos:exactMatch	1			
open-source	substance_use_survey	dropdown	suwndosfr	2036	35	suwndosfr_35	More than 36 (greater than 7 bottles)		2005200210	2005200210	More than 36 (greater than 7 bottles)	Meas Value	AIREADI	Answer	S		skos:exactMatch	1			
open-source	substance_use_survey	dropdown	suwndosfr	2035	31	suwndosfr_31	31-35 (7 bottles)		2005200209	2005200209	31-35 (7 bottles)	Meas Value	AIREADI	Answer	S		skos:exactMatch	1			
open-source	substance_use_survey	dropdown	suwndosfr	2034	26	suwndosfr_26	26-30 (6 bottles)		2005200208	2005200208	26-30 (6 bottles)	Meas Value	AIREADI	Answer	S		skos:exactMatch	1			
open-source	substance_use_survey	dropdown	suwndosfr	2033	21	suwndosfr_21	21-25 (5 bottles)		2005200199	2005200199	21-25 (5 bottles)	Meas Value	AIREADI	Answer	S		skos:exactMatch	1			
open-source	substance_use_survey	dropdown	subrdosfr	2027	36	subrdosfr_36	36 or more		2005200198	2005200198	36 or more	Meas Value	AIREADI	Answer	S		skos:exactMatch	1			
open-source	substance_use_survey	dropdown	subrdosfr	2026	29	subrdosfr_29	29 to 35		2005200197	2005200197	29 to 35	Meas Value	AIREADI	Answer	S		skos:exactMatch	1			
open-source	substance_use_survey	dropdown	subrdosfr	2025	22	subrdosfr_22	22 to 28		2005200196	2005200196	22 to 28	Meas Value	AIREADI	Answer	S		skos:exactMatch	1			
open-source	substance_use_survey	dropdown	susmkdosfr	2012	51	susmkdosfr_51	More than 50 (3 or more packs)		2005200195	2005200195	More than 50 (3 or more packs)	Meas Value	AIREADI	Answer	S		skos:exactMatch	1			
open-source	substance_use_survey	dropdown	susmkdosfr	2011	41	susmkdosfr_41	41-50 (up to 2.5 packs)		2005200194	2005200194	41-50 (up to 2.5 packs)	Meas Value	AIREADI	Answer	S		skos:exactMatch	1			
open-source	substance_use_survey	radio	suvpcdur	2057	1	suvpcdur_1	Yes		903655		Electronic cigarette smoker	Observation	OMOP Extension	Clinical Finding	S	OMOP5181836	skos:exactMatch	1			
open-source	substance_use_survey	radio	susmkncf	1999	1	susmkncf_1	Yes		40766306		Smoked at least 100 cigarettes in entire life	Observation	LOINC	Clinical Observation	S	63581-3	skos:exactMatch	1			
open-source	health_survey	radio	mhoccur_fall	1996	1	mhoccur_fall_1	Yes		40757198		Falls in the past year	Observation	LOINC	Survey	S	52552-7	skos:exactMatch	1			
open-source	health_survey	radio	mhoccur_yn	1993	1	mhoccur_yn_1	Yes		46234759		Other health condition	Observation	LOINC	Clinical Observation	S	76472-0	skos:exactMatch	1			
open-source	health_survey	radio	mhoccur_ded	1990	1	mhoccur_ded_1	Yes		4036620		Dry eyes	Condition	SNOMED	Clinical Finding	S	162290004	skos:exactMatch	1			
open-source	health_survey	radio	mhoccur_rvo	1987	1	mhoccur_rvo_1	Yes		440392		Retinal vascular occlusion	Condition	SNOMED	Disorder	S	73757007	skos:exactMatch	1			
open-source	health_survey	radio	mhoccur_pdr	1984	1	mhoccur_pdr_1	Yes		4174977		Retinopathy due to diabetes mellitus	Condition	SNOMED	Disorder	S	4855003	skos:exactMatch	1			
open-source	health_survey	radio	mhoccur_crt	1981	1	mhoccur_crt_1	Yes		4317977		Bilateral cataracts	Condition	SNOMED	Disorder	S	95722004	skos:exactMatch	1			
open-source	health_survey	radio	mhoccur_amd	1978	1	mhoccur_amd_1	Yes		374028		Age related macular degeneration	Condition	SNOMED	Disorder	S	267718000	skos:exactMatch	1			
open-source	health_survey	radio	mhoccur_glc	1975	1	mhoccur_glc_1	Yes		437541		Glaucoma	Condition	SNOMED	Disorder	S	23986001	skos:exactMatch	1			
open-source	health_survey	radio	mhoccur_obs	1958	1	mhoccur_obs_1	Yes		433736		Obesity	Condition	SNOMED	Disorder	S	414916001	skos:exactMatch	1			
open-source	health_survey	radio	mhoccur_ear	1955	1	mhoccur_ear_1	Yes		439378		Ear anomalies with hearing impairment	Condition	SNOMED	Disorder	S	204224006	skos:exactMatch	1			
open-source	health_survey	radio	mhoccur_rnl	1952	1	mhoccur_rnl_1	Yes		2005200017	2005200017	Kidney problems	Condition	AIREADI	Disorder	S		skos:exactMatch	1			
open-source	health_survey	radio	mhoccur_ua	1949	1	mhoccur_ua_1	Yes		81902		Urinary tract infectious disease	Condition	SNOMED	Disorder	S	68566005	skos:exactMatch	1			
open-source	health_survey	radio	mhoccur_gi	1946	1	mhoccur_gi_1	Yes		4201745		Disorder of digestive system	Condition	SNOMED	Disorder	S	53619000	skos:exactMatch	1			
open-source	health_survey	radio	mhoccur_plm	1943	1	mhoccur_plm_1	Yes		4186898		Chronic lung disease	Condition	SNOMED	Disorder	S	413839001	skos:exactMatch	1			
open-source	health_survey	radio	mhoccur_ca	1940	1	mhoccur_ca_1	Yes		4194405		Cancer confirmed	Condition	SNOMED	Context-dependent	S	395099008	skos:exactMatch	1			
open-source	health_survey	radio	mhoccur_oa	1937	1	mhoccur_oa_1	Yes		80502		Osteoporosis	Condition	SNOMED	Disorder	S	64859006	skos:exactMatch	1			
open-source	health_survey	radio	mhoccur_ra	1934	1	mhoccur_ra_1	Yes		4291025		Arthritis	Condition	SNOMED	Disorder	S	3723001	skos:exactMatch	1			
open-source	health_survey	radio	mhoccur_cns	1931	1	mhoccur_cns_1	Yes		46271045		Neurocognitive disorder	Condition	SNOMED	Disorder	S	709073001	skos:exactMatch	1			
open-source	health_survey	radio	mhoccur_ms	1928	1	mhoccur_ms_1	Yes		374919		Multiple sclerosis	Condition	SNOMED	Disorder	S	24700007	skos:exactMatch	1			
open-source	health_survey	radio	mhoccur_cogn	1925	1	mhoccur_cogn_1	Yes		439795		Minimal cognitive impairment	Condition	SNOMED	Clinical Finding	S	110352000	skos:exactMatch	1			
open-source	health_survey	radio	mhcat_adot	1921	1	mhcat_adot_1	Alzheimer's disease		378419		Alzheimer's disease	Condition	SNOMED	Disorder	S	26929004	skos:exactMatch	1			
open-source	health_survey	radio	mhoccur_ad	1918	1	mhoccur_ad_1	Yes		4182210		Dementia	Condition	SNOMED	Disorder	S	52448006	skos:exactMatch	1			
open-source	health_survey	radio	mhoccur_pd	1915	1	mhoccur_pd_1	Yes		381270		Parkinson's disease	Condition	SNOMED	Disorder	S	49049000	skos:exactMatch	1			
open-source	health_survey	radio	mhoccur_lbp	1912	1	mhoccur_lbp_1	Yes		317002		Low blood pressure	Condition	SNOMED	Disorder	S	45007003	skos:exactMatch	1			
open-source	health_survey	radio	mhoccur_hbp	1909	1	mhoccur_hbp_1	Yes		316866		Hypertensive Disorder	Condition	SNOMED	Disorder	S	38341003	skos:exactMatch	1			
open-source	health_survey	radio	mhoccur_clsh	1906	1	mhoccur_clsh_1	Yes		4159131		Dyslipidemia	Condition	SNOMED	Disorder	S	370992007	skos:exactMatch	1			
open-source	health_survey	radio	mhoccur_circ	1903	1	mhoccur_circ_1	Yes		2005200015	2005200015	Circulation problems (Examples: arteriosclerosis, atherosclerosis, blood clots in lungs or leg veins)	Condition	AIREADI	Disorder	S		skos:exactMatch	1			
open-source	health_survey	radio	mhoccur_strk	1900	1	mhoccur_strk_1	Yes		2005200628	2005200628	Stroke	Condition	AIREADI	Disorder	S		skos:exactMatch	1			
open-source	health_survey	radio	mhoccur_cvdot	1897	1	mhoccur_cvdot_1	Yes		2005200627	2005200627	Other heart issues (Examples: pacemaker, heart valve disease, open heart surgery)	Condition	AIREADI	Disorder	S		skos:exactMatch	1			
open-source	health_survey	radio	mhoccur_mi	1894	1	mhoccur_mi_1	Yes		2005200014		Myocardial infarction	Condition	SNOMED	Disorder	S	22298006	skos:exactMatch	1			
open-source	retinal_imaging_v2	yesno	rtfl_os		0	rtfl_os_0	No		45878245		No	Meas Value	LOINC	Answer	S	LA32-8	skos:exactMatch	1	45883829	Left eye	
open-source	retinal_imaging_v2	yesno	rtfl_os		1	rtfl_os_1	Yes		45877994		Yes	Meas Value	LOINC	Answer	S	LA33-6	skos:exactMatch	1	45883829	Left eye	
open-source	retinal_imaging_v2	yesno	rttr_osm2		0	rttr_osm2_0	No		45878245		No	Meas Value	LOINC	Answer	S	LA32-8	skos:exactMatch	1	45883829	Left eye	
open-source	retinal_imaging_v2	yesno	rttr_osm2		1	rttr_osm2_1	Yes		45877994		Yes	Meas Value	LOINC	Answer	S	LA33-6	skos:exactMatch	1	45883829	Left eye	
open-source	retinal_imaging_v2	yesno	rttr_osm1		0	rttr_osm1_0	No		45878245		No	Meas Value	LOINC	Answer	S	LA32-8	skos:exactMatch	1	45883829	Left eye	
open-source	retinal_imaging_v2	yesno	rttr_osm1		1	rttr_osm1_1	Yes		45877994		Yes	Meas Value	LOINC	Answer	S	LA33-6	skos:exactMatch	1	45883829	Left eye	
open-source	retinal_imaging_v2	yesno	rttr_osr		0	rttr_osr_0	No		45878245		No	Meas Value	LOINC	Answer	S	LA32-8	skos:exactMatch	1	45883829	Left eye	
open-source	retinal_imaging_v2	yesno	rttr_osr		1	rttr_osr_1	Yes		45877994		Yes	Meas Value	LOINC	Answer	S	LA33-6	skos:exactMatch	1	45883829	Left eye	
open-source	retinal_imaging_v2	yesno	rtma_osm1		0	rtma_osm1_0	No		45878245		No	Meas Value	LOINC	Answer	S	LA32-8	skos:exactMatch	1	45883829	Left eye	
open-source	retinal_imaging_v2	yesno	rtma_osm1		1	rtma_osm1_1	Yes		45877994		Yes	Meas Value	LOINC	Answer	S	LA33-6	skos:exactMatch	1	45883829	Left eye	
open-source	retinal_imaging_v2	yesno	rtma_osm		0	rtma_osm_0	No		45878245		No	Meas Value	LOINC	Answer	S	LA32-8	skos:exactMatch	1	45883829	Left eye	
open-source	retinal_imaging_v2	yesno	rtma_osm		1	rtma_osm_1	Yes		45877994		Yes	Meas Value	LOINC	Answer	S	LA33-6	skos:exactMatch	1	45883829	Left eye	
open-source	retinal_imaging_v2	yesno	rtma_osw		0	rtma_osw_0	No		45878245		No	Meas Value	LOINC	Answer	S	LA32-8	skos:exactMatch	1	45883829	Left eye	
open-source	retinal_imaging_v2	yesno	rtma_osw		1	rtma_osw_1	Yes		45877994		Yes	Meas Value	LOINC	Answer	S	LA33-6	skos:exactMatch	1	45883829	Left eye	
open-source	retinal_imaging_v2	yesno	rtci_osd2		0	rtci_osd2_0	No		45878245		No	Meas Value	LOINC	Answer	S	LA32-8	skos:exactMatch	1	45883829	Left eye	
open-source	retinal_imaging_v2	yesno	rtci_osd2		1	rtci_osd2_1	Yes		45877994		Yes	Meas Value	LOINC	Answer	S	LA33-6	skos:exactMatch	1	45883829	Left eye	
open-source	retinal_imaging_v2	yesno	rtci_osm2		0	rtci_osm2_0	No		45878245		No	Meas Value	LOINC	Answer	S	LA32-8	skos:exactMatch	1	45883829	Left eye	
open-source	retinal_imaging_v2	yesno	rtci_osm2		1	rtci_osm2_1	Yes		45877994		Yes	Meas Value	LOINC	Answer	S	LA33-6	skos:exactMatch	1	45883829	Left eye	
open-source	retinal_imaging_v2	yesno	rtci_osd1		0	rtci_osd1_0	No		45878245		No	Meas Value	LOINC	Answer	S	LA32-8	skos:exactMatch	1	45883829	Left eye	
open-source	retinal_imaging_v2	yesno	rtci_osd1		1	rtci_osd1_1	Yes		45877994		Yes	Meas Value	LOINC	Answer	S	LA33-6	skos:exactMatch	1	45883829	Left eye	
open-source	retinal_imaging_v2	yesno	rtci_osm1		0	rtci_osm1_0	No		45878245		No	Meas Value	LOINC	Answer	S	LA32-8	skos:exactMatch	1	45883829	Left eye	
open-source	retinal_imaging_v2	yesno	rtci_osm1		1	rtci_osm1_1	Yes		45877994		Yes	Meas Value	LOINC	Answer	S	LA33-6	skos:exactMatch	1	45883829	Left eye	
open-source	retinal_imaging_v2	yesno	rtso_osm		0	rtso_osm_0	No		45878245		No	Meas Value	LOINC	Answer	S	LA32-8	skos:exactMatch	1	45883829	Left eye	
open-source	retinal_imaging_v2	yesno	rtso_osm		1	rtso_osm_1	Yes		45877994		Yes	Meas Value	LOINC	Answer	S	LA33-6	skos:exactMatch	1	45883829	Left eye	
open-source	retinal_imaging_v2	yesno	rtso_osp		0	rtso_osp_0	No		45878245		No	Meas Value	LOINC	Answer	S	LA32-8	skos:exactMatch	1	45883829	Left eye	
open-source	retinal_imaging_v2	yesno	rtso_osp		1	rtso_osp_1	Yes		45877994		Yes	Meas Value	LOINC	Answer	S	LA33-6	skos:exactMatch	1	45883829	Left eye	
open-source	retinal_imaging_v2	yesno	rtso_oso		0	rtso_oso_0	No		45878245		No	Meas Value	LOINC	Answer	S	LA32-8	skos:exactMatch	1	45883829	Left eye	
open-source	retinal_imaging_v2	yesno	rtso_oso		1	rtso_oso_1	Yes		45877994		Yes	Meas Value	LOINC	Answer	S	LA33-6	skos:exactMatch	1	45883829	Left eye	
open-source	retinal_imaging_v2	yesno	rtsm_osm		0	rtsm_osm_0	No		45878245		No	Meas Value	LOINC	Answer	S	LA32-8	skos:exactMatch	1	45883829	Left eye	
open-source	retinal_imaging_v2	yesno	rtsm_osm		1	rtsm_osm_1	Yes		45877994		Yes	Meas Value	LOINC	Answer	S	LA33-6	skos:exactMatch	1	45883829	Left eye	
open-source	retinal_imaging_v2	yesno	rtsm_ost		0	rtsm_ost_0	No		45878245		No	Meas Value	LOINC	Answer	S	LA32-8	skos:exactMatch	1	45883829	Left eye	
open-source	retinal_imaging_v2	yesno	rtsm_ost		1	rtsm_ost_1	Yes		45877994		Yes	Meas Value	LOINC	Answer	S	LA33-6	skos:exactMatch	1	45883829	Left eye	
open-source	retinal_imaging_v2	yesno	rtsm_osn		0	rtsm_osn_0	No		45878245		No	Meas Value	LOINC	Answer	S	LA32-8	skos:exactMatch	1	45883829	Left eye	
open-source	retinal_imaging_v2	yesno	rtsm_osn		1	rtsm_osn_1	Yes		45877994		Yes	Meas Value	LOINC	Answer	S	LA33-6	skos:exactMatch	1	45883829	Left eye	
open-source	retinal_imaging_v2	yesno	rtsm_osc		0	rtsm_osc_0	No		45878245		No	Meas Value	LOINC	Answer	S	LA32-8	skos:exactMatch	1	45883829	Left eye	
open-source	retinal_imaging_v2	yesno	rtsm_osc		1	rtsm_osc_1	Yes		45877994		Yes	Meas Value	LOINC	Answer	S	LA33-6	skos:exactMatch	1	45883829	Left eye	
open-source	retinal_imaging_v2	yesno	rtei_osfaf		0	rtei_osfaf_0	No		45878245		No	Meas Value	LOINC	Answer	S	LA32-8	skos:exactMatch	1	45883829	Left eye	
open-source	retinal_imaging_v2	yesno	rtei_osfaf		1	rtei_osfaf_1	Yes		45877994		Yes	Meas Value	LOINC	Answer	S	LA33-6	skos:exactMatch	1	45883829	Left eye	
open-source	retinal_imaging_v2	yesno	rtei_osir		0	rtei_osir_0	No		45878245		No	Meas Value	LOINC	Answer	S	LA32-8	skos:exactMatch	1	45883829	Left eye	
open-source	retinal_imaging_v2	yesno	rtei_osir		1	rtei_osir_1	Yes		45877994		Yes	Meas Value	LOINC	Answer	S	LA33-6	skos:exactMatch	1	45883829	Left eye	
open-source	retinal_imaging_v2	yesno	rtop_osm		0	rtop_osm_0	No		45878245		No	Meas Value	LOINC	Answer	S	LA32-8	skos:exactMatch	1	45883829	Left eye	
open-source	retinal_imaging_v2	yesno	rtop_osm		1	rtop_osm_1	Yes		45877994		Yes	Meas Value	LOINC	Answer	S	LA33-6	skos:exactMatch	1	45883829	Left eye	
open-source	retinal_imaging_v2	yesno	rtop_osd		0	rtop_osd_2	No		45878245		No	Meas Value	LOINC	Answer	S	LA32-8	skos:exactMatch	1	45883829	Left eye	
open-source	retinal_imaging_v2	yesno	rtop_osd		1	rtop_osd_1	Yes		45877994		Yes	Meas Value	LOINC	Answer	S	LA33-6	skos:exactMatch	1	45883829	Left eye	
open-source	retinal_imaging_v2	yesno	rtfl_od		0	rtfl_od_2	No		45878245		No	Meas Value	LOINC	Answer	S	LA32-8	skos:exactMatch	1	45876703	Right eye	
open-source	retinal_imaging_v2	yesno	rtfl_od		1	rtfl_od_1	Yes		45877994		Yes	Meas Value	LOINC	Answer	S	LA33-6	skos:exactMatch	1	45876703	Right eye	
open-source	retinal_imaging_v2	yesno	rttr_odm2		0	rttr_odm2_0	No		45878245		No	Meas Value	LOINC	Answer	S	LA32-8	skos:exactMatch	1	45876703	Right eye	
open-source	retinal_imaging_v2	yesno	rttr_odm2		1	rttr_odm2_1	Yes		45877994		Yes	Meas Value	LOINC	Answer	S	LA33-6	skos:exactMatch	1	45876703	Right eye	
open-source	retinal_imaging_v2	yesno	rttr_odm1		0	rttr_odm1_0	No		45878245		No	Meas Value	LOINC	Answer	S	LA32-8	skos:exactMatch	1	45876703	Right eye	
open-source	retinal_imaging_v2	yesno	rttr_odm1		1	rttr_odm1_1	Yes		45877994		Yes	Meas Value	LOINC	Answer	S	LA33-6	skos:exactMatch	1	45876703	Right eye	
open-source	retinal_imaging_v2	yesno	rttr_odr		0	rttr_odr_0	No		45878245		No	Meas Value	LOINC	Answer	S	LA32-8	skos:exactMatch	1	45876703	Right eye	
open-source	retinal_imaging_v2	yesno	rttr_odr		1	rttr_odr_1	Yes		45877994		Yes	Meas Value	LOINC	Answer	S	LA33-6	skos:exactMatch	1	45876703	Right eye	
open-source	retinal_imaging_v2	yesno	rtma_odm1		0	rtma_odm1_0	No		45878245		No	Meas Value	LOINC	Answer	S	LA32-8	skos:exactMatch	1	45876703	Right eye	
open-source	retinal_imaging_v2	yesno	rtma_odm1		1	rtma_odm1_1	Yes		45877994		Yes	Meas Value	LOINC	Answer	S	LA33-6	skos:exactMatch	1	45876703	Right eye	
open-source	retinal_imaging_v2	yesno	rtma_odm		0	rtma_odm_2	No		45878245		No	Meas Value	LOINC	Answer	S	LA32-8	skos:exactMatch	1	45876703	Right eye	
open-source	retinal_imaging_v2	yesno	rtma_odm		1	rtma_odm_1	Yes		45877994		Yes	Meas Value	LOINC	Answer	S	LA33-6	skos:exactMatch	1	45876703	Right eye	
open-source	retinal_imaging_v2	yesno	rtma_odw		0	rtma_odw_0	No		45878245		No	Meas Value	LOINC	Answer	S	LA32-8	skos:exactMatch	1	45876703	Right eye	
open-source	retinal_imaging_v2	yesno	rtma_odw		1	rtma_odw_1	Yes		45877994		Yes	Meas Value	LOINC	Answer	S	LA33-6	skos:exactMatch	1	45876703	Right eye	
open-source	retinal_imaging_v2	yesno	rtci_odd2		0	rtci_odd2_0	No		45878245		No	Meas Value	LOINC	Answer	S	LA32-8	skos:exactMatch	1	45876703	Right eye	
open-source	retinal_imaging_v2	yesno	rtci_odd2		1	rtci_odd2_1	Yes		45877994		Yes	Meas Value	LOINC	Answer	S	LA33-6	skos:exactMatch	1	45876703	Right eye	
open-source	retinal_imaging_v2	yesno	rtci_odm2		0	rtci_odm2_0	No		45878245		No	Meas Value	LOINC	Answer	S	LA32-8	skos:exactMatch	1	45876703	Right eye	
open-source	retinal_imaging_v2	yesno	rtci_odm2		1	rtci_odm2_1	Yes		45877994		Yes	Meas Value	LOINC	Answer	S	LA33-6	skos:exactMatch	1	45876703	Right eye	
open-source	retinal_imaging_v2	yesno	rtci_odd1		0	rtci_odd1_0	No		45878245		No	Meas Value	LOINC	Answer	S	LA32-8	skos:exactMatch	1	45876703	Right eye	
open-source	retinal_imaging_v2	yesno	rtci_odd1		1	rtci_odd1_1	Yes		45877994		Yes	Meas Value	LOINC	Answer	S	LA33-6	skos:exactMatch	1	45876703	Right eye	
open-source	retinal_imaging_v2	yesno	rtci_odm1		0	rtci_odm1_0	No		45878245		No	Meas Value	LOINC	Answer	S	LA32-8	skos:exactMatch	1	45876703	Right eye	
open-source	retinal_imaging_v2	yesno	rtci_odm1		1	rtci_odm1_1	Yes		45877994		Yes	Meas Value	LOINC	Answer	S	LA33-6	skos:exactMatch	1	45876703	Right eye	
open-source	retinal_imaging_v2	yesno	rtso_odm		0	rtso_odm_0	No		45878245		No	Meas Value	LOINC	Answer	S	LA32-8	skos:exactMatch	1	45876703	Right eye	
open-source	retinal_imaging_v2	yesno	rtso_odm		1	rtso_odm_1	Yes		45877994		Yes	Meas Value	LOINC	Answer	S	LA33-6	skos:exactMatch	1	45876703	Right eye	
open-source	retinal_imaging_v2	yesno	rtso_odp		0	rtso_odp_0	No		45878245		No	Meas Value	LOINC	Answer	S	LA32-8	skos:exactMatch	1	45876703	Right eye	
open-source	retinal_imaging_v2	yesno	rtso_odp		1	rtso_odp_1	Yes		45877994		Yes	Meas Value	LOINC	Answer	S	LA33-6	skos:exactMatch	1	45876703	Right eye	
open-source	retinal_imaging_v2	yesno	rtso_odo		0	rtso_odo_0	No		45878245		No	Meas Value	LOINC	Answer	S	LA32-8	skos:exactMatch	1	45876703	Right eye	
open-source	retinal_imaging_v2	yesno	rtso_odo		1	rtso_odo_1	Yes		45877994		Yes	Meas Value	LOINC	Answer	S	LA33-6	skos:exactMatch	1	45876703	Right eye	
open-source	retinal_imaging_v2	yesno	rtsm_odm		0	rtsm_odm_0	No		45878245		No	Meas Value	LOINC	Answer	S	LA32-8	skos:exactMatch	1	45876703	Right eye	
open-source	retinal_imaging_v2	yesno	rtsm_odm		1	rtsm_odm_1	Yes		45877994		Yes	Meas Value	LOINC	Answer	S	LA33-6	skos:exactMatch	1	45876703	Right eye	
open-source	retinal_imaging_v2	yesno	rtsm_odt		0	rtsm_odt_0	No		45878245		No	Meas Value	LOINC	Answer	S	LA32-8	skos:exactMatch	1	45876703	Right eye	
open-source	retinal_imaging_v2	yesno	rtsm_odt		1	rtsm_odt_1	Yes		45877994		Yes	Meas Value	LOINC	Answer	S	LA33-6	skos:exactMatch	1	45876703	Right eye	
open-source	retinal_imaging_v2	yesno	rtsm_odn		0	rtsm_odn_0	No		45878245		No	Meas Value	LOINC	Answer	S	LA32-8	skos:exactMatch	1	45876703	Right eye	
open-source	retinal_imaging_v2	yesno	rtsm_odn		1	rtsm_odn_1	Yes		45877994		Yes	Meas Value	LOINC	Answer	S	LA33-6	skos:exactMatch	1	45876703	Right eye	
open-source	retinal_imaging_v2	yesno	rtsm_odc		0	rtsm_odc_0	No		45878245		No	Meas Value	LOINC	Answer	S	LA32-8	skos:exactMatch	1	45876703	Right eye	
open-source	retinal_imaging_v2	yesno	rtsm_odc		1	rtsm_odc_1	Yes		45877994		Yes	Meas Value	LOINC	Answer	S	LA33-6	skos:exactMatch	1	45876703	Right eye	
open-source	retinal_imaging_v2	yesno	rtei_odfaf		0	rtei_odfaf_0	No		45878245		No	Meas Value	LOINC	Answer	S	LA32-8	skos:exactMatch	1	45876703	Right eye	
open-source	retinal_imaging_v2	yesno	rtei_odfaf		1	rtei_odfaf_1	Yes		45877994		Yes	Meas Value	LOINC	Answer	S	LA33-6	skos:exactMatch	1	45876703	Right eye	
open-source	retinal_imaging_v2	yesno	rtei_odir		0	rtei_odir_0	No		45878245		No	Meas Value	LOINC	Answer	S	LA32-8	skos:exactMatch	1	45876703	Right eye	
open-source	retinal_imaging_v2	yesno	rtei_odir		1	rtei_odir_1	Yes		45877994		Yes	Meas Value	LOINC	Answer	S	LA33-6	skos:exactMatch	1	45876703	Right eye	
open-source	retinal_imaging_v2	yesno	rtop_odm		0	rtop_odm_0	No		45878245		No	Meas Value	LOINC	Answer	S	LA32-8	skos:exactMatch	1	45876703	Right eye	
open-source	retinal_imaging_v2	yesno	rtop_odm		1	rtop_odm_1	Yes		45877994		Yes	Meas Value	LOINC	Answer	S	LA33-6	skos:exactMatch	1	45876703	Right eye	
open-source	retinal_imaging_v2	yesno	rtop_odd		0	rtop_odd_0	No		45878245		No	Meas Value	LOINC	Answer	S	LA32-8	skos:exactMatch	1	45876703	Right eye	
open-source	retinal_imaging_v2	yesno	rtop_odd		1	rtop_odd_1	Yes		45877994		Yes	Meas Value	LOINC	Answer	S	LA33-6	skos:exactMatch	1	45876703	Right eye	
open-source	screening_survey	yesno	cmtrt_lfst		1	cmtrt_lfst_1	Yes		607008		Able to modify behavior and lifestyle to support health improvement	Observation	SNOMED	Clinical Finding	S	1148971005	skos:exactMatch	1			
open-source	screening_survey	yesno	cmtrt_glcs		1	cmtrt_glcs_1	Yes		36714369		Diabetic on non-insulin injectable medication	Observation	SNOMED	Clinical Finding	S	719566006	skos:exactMatch	1			
open-source	screening_survey	yesno	cmtrt_insln		1	cmtrt_insln_1	Yes		440922		Diabetic on insulin	Observation	SNOMED	Clinical Finding	S	170747006	skos:closeMatch	0.75			
open-source	screening_survey	radio	cmtrt_a1c	1790	1	cmtrt_a1c_1	Yes		4016042		Diabetic on oral treatment	Observation	SNOMED	Clinical Finding	S	170746002	skos:exactMatch	1			
open-source	screening_survey	yesno	mhterm_predm		1	mhterm_predm_1	Yes		37018196		Prediabetes	Condition	SNOMED	Clinical Finding	S	714628002	skos:exactMatch	1			
open-source	screening_survey	no	mhterm_dm2		0	mhterm_dm2_0	No		45878245		No	Meas Value	LOINC	Answer	S	LA32-8	skos:exactMatch	1			
open-source	screening_survey	yes	mhterm_dm2		1	mhterm_dm2_1	yes		201826		Type 2 diabetes mellitus	Condition	SNOMED	Disorder	S	44054006	skos:exactMatch	1			
open-source	screening_survey	yes	mhterm_dm1		1	mhterm_dm1_1	Yes		201254		Type 1 diabetes mellitus	Condition	SNOMED	Disorder	S	46635009	skos:exactMatch	1			
open-source	driving_record	radio	dri2	2941	5	dri2_5	More than 20,000 miles		2005200275	2005200275	More than 20,000 miles	Meas Value	AIREADI	Answer	S		skos:exactMatch	1			
open-source	driving_record	radio	dri2	2940	4	dri2_4	15,001 to 20,000 miles		2005200274	2005200274	15,001 to 20,000 miles	Meas Value	AIREADI	Answer	S		skos:exactMatch	1			
open-source	driving_record	radio	dri2	2939	3	dri2_3	10,001 to 15.000 miles		2005200273	2005200273	10,001 to 15.000 miles	Meas Value	AIREADI	Answer	S		skos:exactMatch	1			
open-source	driving_record	radio	dri2	2938	2	dri2_2	5001 to 10,000 miles		2005200272	2005200272	5001 to 10,000 miles	Meas Value	AIREADI	Answer	S		skos:exactMatch	1			
open-source	driving_record	radio	dri2	2937	1	dri2_1	5000 miles or less		2005200271	2005200271	5000 miles or less	Meas Value	AIREADI	Answer	S		skos:exactMatch	1			
open-source	px_neighborhood_environment_survey	radio	pxne12	2572	88	pxne12_88	There are no streets or roads in my neighborhood		2005200269	2005200269	There are no streets or roads in my neighborhood	Meas Value	AIREADI	Answer	S		skos:exactMatch	1			
open-source	px_neighborhood_environment_survey	radio	pxne8	2549	88	pxne8_88	There are no streets or roads in my neighborhood		2005200269	2005200269	There are no streets or roads in my neighborhood	Meas Value	AIREADI	Answer	S		skos:exactMatch	1			
open-source	px_sdoh_combined_survey	radio	pxahc5	2398	6	pxahc5_6	Does not go to one place most often		2005200261	2005200261	Does not go to one place most often	Meas Value	AIREADI	Answer	S		skos:exactMatch	1			
open-source	px_sdoh_combined_survey	radio	pxahc4	2390	2	pxahc4_2	There is MORE THAN ONE place		2005200257	2005200257	There is MORE THAN ONE place	Meas Value	AIREADI	Answer	S		skos:exactMatch	1			
open-source	px_sdoh_combined_survey	radio	pxahc4	2389	0	pxahc4_0	There is NO place		2005200256	2005200256	There is NO place	Meas Value	AIREADI	Answer	S		skos:exactMatch	1			
open-source	ophthalmic_survey	radio	via5	2245	4	via5_4	Could not get an appointment		2005200248	2005200248	Could not get an appointment	Meas Value	AIREADI	Answer	S		skos:exactMatch	1			
open-source	dietary_survey	radio	diet7	2207	0	diet7_0	1 time or less		2005200243	2005200243	1 time or less	Meas Value	AIREADI	Answer	S		skos:exactMatch	1			
open-source	diabetes_survey	radio	dmlvex	2144	5	dmlvex_5	Less than 30 minutes daily less than 3 days a week		2005200313	2005200313	Less than 30 minutes daily less than 3 days a week	Meas Value	AIREADI	Answer	S		skos:exactMatch	1			
open-source	substance_use_survey	dropdown	sumrjceddur	2075	98	sumrjceddur_98	More than 50 years		2005200212	2005200212	More than 50 years	Meas Value	AIREADI	Answer	S		skos:exactMatch	1			
open-source	substance_use_survey	dropdown	suvptoage	2060	98	suvptoage_98	More than 20 years		2005200211	2005200211	More than 20 years	Meas Value	AIREADI	Answer	S		skos:exactMatch	1			
open-source	retinal_imaging_v2	text	rt_dat		rt_dat		Assessment Date		4260905		Date	Observation	SNOMED	Qualifier Value	S	410672004	skos:exactMatch	1	2005200626	Assessment	
open-source	health_survey	radio	fh_dm2sb	1967	1	fh_dm2sb_1	Yes		4334340		Family history of diabetes mellitus type 2	Observation	SNOMED	Context-dependent	S	430679000	skos:exactMatch	1			
open-source	health_survey	radio	fh_dm2pt	1961	1	fh_dm2pt_1	Yes		4334340		Family history of diabetes mellitus type 2	Observation	SNOMED	Context-dependent	S	430679000	skos:exactMatch	1			
open-source	device_return	radio	dvamwendhand		dvamwendhand_3		Not Provided		763013		Not Provided	Meas Value	SNOMED	Qualifier Value	S	434941000124101	skos:exactMatch	1			
open-source	device_return	radio	dvamwendhand		dvamwendhand_4		Neither (ambidextrous)		4045863		Ambidextrous	Observation	SNOMED	Clinical Finding	S	23088002	skos:exactMatch	1			
open-source	device_return	radio	dvamwendhand		dvamwendhand_2		Left hand		45883143		Left	Meas Value	LOINC	Answer	S	LA4585-1	skos:exactMatch	1			
open-source	device_return	radio	dvamwendhand		dvamwendhand_1		Right hand		45881626		Right	Meas Value	LOINC	Answer	S	LA4306-2	skos:exactMatch	1			
open-source	device_return	radio			dvamwendhand		Participant's dominant hand	1, Right hand | 2, Left hand | 4, Neither (ambidextrous) | 3, Not Provided	40768726		Dominant hand [PhenX]	Observation	LOINC	Clinical Observation	S	66042-3	skos:exactMatch	1			
open-source	device_return	radio	dvamwenhand		dvamwenhand_3		Not Provided		763013		Not Provided	Meas Value	SNOMED	Qualifier Value	S	434941000124101	skos:exactMatch	1			
open-source	device_return	radio	dvamwenhand		dvamwenhand_2		Left		45883143		Left	Meas Value	LOINC	Answer	S	LA4585-1	skos:exactMatch	1			
open-source	device_return	radio	dvamwenhand		dvamwenhand_1		Right		45881626		Right	Meas Value	LOINC	Answer	S	LA4306-2	skos:exactMatch	1			
open-source	device_return	radio	dvamwenhand		dvamwenhand		Physical Activity Monitor was worn on which wrist?	1, Right | 2, Left | 3, Not Provided	2005200206	2005200206	Physical Activity Monitor was worn on which wrist?	Observation	AIREADI	Clinical Observation	S		skos:exactMatch	1			
open-source	disposition	radio		1732	eos_dsvst		Provide the last study visit/stage completed:	0, Signed Consent | 1, Pre-Visit | 2, In Person (Baseline) | 3, Devices Returned	3655035		Date of last examination	Observation	SNOMED	Observable Entity	S	840643003	skos:relatedMatch	0.5			
open-source	disposition	checkbox		1731	eos_dsdecodie		Mark questions from Inclusion/Exclusion that were not met.	1, Individual was under age 40 | 2, Individual is pregnant | 3, Individual is not needed at this time for recruitment goals | 4, Individual had Type 1 Diabetes | 888, Other	44811374		Not eligible for participation in research study	Observation	SNOMED	Clinical Finding	S	873751000000103	skos:relatedMatch	0.75			
open-source	disposition	text		1730	eos_dsstdat		What was the study discontinuation or completion date?		4260905		Date	Observation	SNOMED	Qualifier Value	S	410672004	skos:exactMatch	1	2005200625	AI-READI study discontinuation or completion	
open-source	disposition	radio		1728	eos_dsdecod		What was the primary reason the subject discontinued?	1, Did not meet Inclusion/Exclusion criteria | 2, Lost to Follow-up | 3, Withdrawal by Subject | 4, Geographic Inaccessibility | 5, Investigator deemed not appropriate for study | 6, Currently enrolled in a conflicting study | 7, Death | 8, Adverse Event | 9, Protocol Deviation | 888, Other {eos_dsterm}	4260904		Reason for	Observation	SNOMED	Attribute	S	410666004	skos:relatedMatch	0.5			
open-source	disposition	yesno		1724	eos_ds		Did the subject complete the study?		2005200192	2005200192	Did the subject complete the study?	Observation	AIREADI	Clinical Finding	S		skos:exactMatch	1			
open-source	device_return	text		1717	dvenvendat		Date device received back from participant		4260905		Date	Observation	SNOMED	Qualifier Value	S	410672004	skos:exactMatch	1	2005200604	device received back from participant	
open-source	device_return	yesno		1716	dvenvenyn		Environmental sensor returned?		2005200589	2005200589	Device returned	Observation	AIREADI	Qualifier Value	S		skos:exactMatch	1	45762337	Environmental sensor	
open-source	device_return	text		1713	dvcgmendat		Date device received back from participant		4260905		Date	Observation	SNOMED	Qualifier Value	S	410672004	skos:exactMatch	1	2005200604	device received back from participant	
open-source	device_return	yesno		1711	dcvgmenyn		Dexcom G6 transmitter returned?		2005200589	2005200589	Device returned	Observation	AIREADI	Qualifier Value	S		skos:exactMatch	1	1615066	GLUCOSE TRANSMITTER DEXCOM G6	
open-source	device_return	text		1708	dvamwendat		Date device received back from participant		4260905		Date	Observation	SNOMED	Qualifier Value	S	410672004	skos:exactMatch	1	2005200604	device received back from participant	
open-source	device_return	yesno		1707	dvamwenyn		Activity monitor returned?		2005200555	2005200555	Activity monitor returned?	Observation	AIREADI	Survey	S		skos:exactMatch	1			
open-source	specimen_management	text		1674	lbdattim2		Date & Time Draw Performed		40771497		Collection date and time of Specimen	Observation	LOINC	Clinical Observation	S	68963-8	skos:closeMatch	1			
open-source	lab_results	text		1673	lbscat_plt		Platelets - x10E3/µL		3007461		Platelets [#/volume] in Blood	Measurement	LOINC	Lab Test	S	26515-7	skos:closeMatch	0.75			
open-source	lab_results	text		1672	lbscat_rdw		RDW - %		3002385		Erythrocyte distribution width [Ratio]	Measurement	LOINC	Lab Test	S	30385-9	skos:exactMatch	1			
open-source	lab_results	text		1671	lbscat_mchc		MCHC - g/dL		3003338		MCHC [Mass/volume]	Measurement	LOINC	Lab Test	S	28540-3	skos:exactMatch	1			
open-source	lab_results	text		1670	lbscat_mch		MCH - pg		3035941		MCH [Entitic mass]	Measurement	LOINC	Lab Test	S	28539-5	skos:closeMatch	0.75			
open-source	lab_results	text		1669	lbscat_mcv		MCV - fL		3024731		MCV [Entitic volume]	Measurement	LOINC	Lab Test	S	30428-7	skos:exactMatch	1			
open-source	lab_results	text		1668	lbscat_hct		Hematocrit  - %		3009542		Hematocrit [Volume Fraction] of Blood	Measurement	LOINC	Lab Test	S	20570-8	skos:exactMatch	1			
open-source	lab_results	text		1667	lbscat_a1c		Hemoglobin - g/dL		2005200184	2005200184	Hemoglobin - g/dL	Measurement	AIREADI	Lab Test	S		skos:exactMatch	1			
open-source	lab_results	text		1666	lbscat_rbc		Red Blood Cells (RBC) - x10E6/µL		2005200183	2005200183	Red Blood Cells (RBC) - x10E6/µL	Measurement	AIREADI	Procedure	S		skos:exactMatch	1			
open-source	lab_results	text		1665	lbscat_wbc		White Blood Cells (WBC) - x10E3/µL		2005200182	2005200182	White Blood Cells (WBC) - x10E3/µL	Measurement	AIREADI	Procedure	S		skos:exactMatch	1			
open-source	lab_results	text		1661	lbdattim1		Date & time clinical labs performed		4160030		Performed	Observation	SNOMED	Qualifier Value	S	398166005	skos:closeMatch	0.75	2005200603	clinical labs	
open-source	procedures	text		1657	rtekgcmpdattim		Date & time Cardiology - EKG - Pagewriter TC30 Cardiograp performed		4160030		Performed	Observation	SNOMED	Qualifier Value	S	398166005	skos:closeMatch	0.75	2005200602	Cardiology - EKG - Pagewriter TC30 Cardiograp	
open-source	procedures	text		1653	rtaccmpdattim		Date & time Angioplex - Cirrus 5000 performed		4160030		Performed	Observation	SNOMED	Qualifier Value	S	398166005	skos:closeMatch	0.75	2005200601	Angioplex - Cirrus 5000	
open-source	procedures	text		1649	rtfliocmpdattim		Date & time FLIO performed		4160030		Performed	Observation	SNOMED	Qualifier Value	S	398166005	skos:closeMatch	0.75	2005200600	FLIO	
open-source	procedures	text		1645	rtm2cmpdattim		Date & time OCT & OCTA - Maestro2 performed		4160030		Performed	Observation	SNOMED	Qualifier Value	S	398166005	skos:closeMatch	0.75	2005200599	OCT & OCTA - Maestro2	
open-source	procedures	text		1641	rtoctcmpdattim		Date & time OCT - Triton OCT performed		4160030		Performed	Observation	SNOMED	Qualifier Value	S	398166005	skos:closeMatch	0.75	2005200598	OCT - Triton OCT	
open-source	procedures	text		1637	rthracmpdattim		Date & time OCT & OCTA - Spectralis HRA OCT performed		4160030		Performed	Observation	SNOMED	Qualifier Value	S	398166005	skos:closeMatch	0.75	2005200597	OCT & OCTA - Spectralis HRA OCT	
open-source	procedures	text		1633	rtfnocmpdattim		Date & time Fundus - Optomed performed		4160030		Performed	Observation	SNOMED	Qualifier Value	S	398166005	skos:closeMatch	0.75	2005200596	Fundus - Optomed	
open-source	procedures	text		1629	rtfncmpdattim		Date & time Fundus - Edion performed		4160030		Performed	Observation	SNOMED	Qualifier Value	S	398166005	skos:closeMatch	0.75	2005200595	Fundus - Edion	
open-source	moca	text		1625	mocacmpdattim		Date time MoCA performed		4160030		Performed	Observation	SNOMED	Qualifier Value	S	398166005	skos:closeMatch	0.75	44808666	Montreal cognitive assessment	
open-source	monofilament	calc		1624	msslftt		Left Foot - Tested:	if([msscmpyn(999)]= '0',10 - (sum(if([msslf1]='99',1,0), if([msslf2]='99',1,0), if([msslf3]='99',1,0), if([msslf4]='99',1,0), if([msslf5]='99',1,0),if([msslf6]='99',1,0), if([msslf7]='99',1,0), if([msslf8]='99',1,0), if([msslf9]='99',1,0), if([msslf10]='99',1,0))),'')	2005200162	2005200162	Left Foot - Tested:	Procedure	AIREADI	Procedure	S		skos:exactMatch	1			
open-source	monofilament	calc		1623	msslffl		Left Foot - Felt:	if([msscmpyn(999)]= '0', sum(if([msslf1]<>'99',[msslf1],''), if([msslf2]<>'99',[msslf2],''), if([msslf3]<>'99',[msslf3],''), if([msslf4]<>'99',[msslf4],''), if([msslf5]<>'99',[msslf5],0),if([msslf6]<>'99',[msslf6],''), if([msslf7]<>'99',[msslf7],''), if([msslf8]<>'99',[msslf8],''), if([msslf9]<>'99',[msslf9],''), if([msslf10]<>'99',[msslf10],'')),'')	2005200161	2005200161	Left Foot - Felt:	Measurement	AIREADI	Measurement	S		skos:exactMatch	1			
open-source	monofilament	radio		1622	msslf10		Site 10	1, Yes | 0, No | 99, Not applicable	4047085		Monofilament foot sensation test	Procedure	SNOMED	Procedure	S	134388005	skos:exactMatch	1	2005200624	left foot - site 10	
open-source	monofilament	radio		1621	msslf9		Site 9	1, Yes | 0, No | 99, Not applicable	4047085		Monofilament foot sensation test	Procedure	SNOMED	Procedure	S	134388005	skos:exactMatch	1	2005200623	left foot - site 9	
open-source	monofilament	radio		1620	msslf8		Site 8	1, Yes | 0, No | 99, Not applicable	4047085		Monofilament foot sensation test	Procedure	SNOMED	Procedure	S	134388005	skos:exactMatch	1	2005200622	left foot - site 8	
open-source	monofilament	radio		1619	msslf7		Site 7	1, Yes | 0, No | 99, Not applicable	4047085		Monofilament foot sensation test	Procedure	SNOMED	Procedure	S	134388005	skos:exactMatch	1	2005200621	left foot - site 7	
open-source	monofilament	radio		1618	msslf6		Site 6	1, Yes | 0, No | 99, Not applicable	4047085		Monofilament foot sensation test	Procedure	SNOMED	Procedure	S	134388005	skos:exactMatch	1	2005200620	left foot - site 6	
open-source	monofilament	radio		1617	msslf5		Site 5	1, Yes | 0, No | 99, Not applicable	4047085		Monofilament foot sensation test	Procedure	SNOMED	Procedure	S	134388005	skos:exactMatch	1	2005200619	left foot - site 5	
open-source	monofilament	radio		1616	msslf4		Site 4	1, Yes | 0, No | 99, Not applicable	4047085		Monofilament foot sensation test	Procedure	SNOMED	Procedure	S	134388005	skos:exactMatch	1	2005200618	left foot - site 4	
open-source	monofilament	radio		1615	msslf3		Site 3	1, Yes | 0, No | 99, Not applicable	4047085		Monofilament foot sensation test	Procedure	SNOMED	Procedure	S	134388005	skos:exactMatch	1	2005200617	left foot - site 3	
open-source	monofilament	radio		1614	msslf2		Site 2	1, Yes | 0, No | 99, Not applicable	4047085		Monofilament foot sensation test	Procedure	SNOMED	Procedure	S	134388005	skos:exactMatch	1	2005200616	left foot - site 2	
open-source	monofilament	radio		1613	msslf1		Site 1	1, Yes | 0, No | 99, Not applicable	4047085		Monofilament foot sensation test	Procedure	SNOMED	Procedure	S	134388005	skos:exactMatch	1	2005200615	left foot - site 1	
open-source	monofilament	calc		1612	mssrftt		Right Foot - Tested:	if([msscmpyn(999)]= '0',10 - (sum(if([mssrf1]='99',1,0), if([mssrf2]='99',1,0), if([mssrf3]='99',1,0), if([mssrf4]='99',1,0), if([mssrf5]='99',1,0),if([mssrf6]='99',1,0), if([mssrf7]='99',1,0), if([mssrf8]='99',1,0), if([mssrf9]='99',1,0), if([mssrf10]='99',1,0))),'')	2005200160	2005200160	Right Foot - Tested:	Procedure	AIREADI	Procedure	S		skos:exactMatch	1			
open-source	monofilament	calc		1611	mssrffl		Right Foot - Felt:	if([msscmpyn(999)]= '0',sum(if([mssrf1]<>'99',[mssrf1],''), if([mssrf2]<>'99',[mssrf2],''), if([mssrf3]<>'99',[mssrf3],''), if([mssrf4]<>'99',[mssrf4],''), if([mssrf5]<>'99',[mssrf5],0),if([mssrf6]<>'99',[mssrf6],''), if([mssrf7]<>'99',[mssrf7],''), if([mssrf8]<>'99',[mssrf8],''), if([mssrf9]<>'99',[mssrf9],''), if([mssrf10]<>'99',[mssrf10],'')),'')	2005200159	2005200159	Right Foot - Felt:	Measurement	AIREADI	Measurement	S		skos:exactMatch	1			
open-source	monofilament	radio		1610	mssrf10		Site 10	1, Yes | 0, No | 99, Not applicable	4047085		Monofilament foot sensation test	Procedure	SNOMED	Procedure	S	134388005	skos:exactMatch	1	2005200614	right foot - site 10	
open-source	monofilament	radio		1609	mssrf9		Site 9	1, Yes | 0, No | 99, Not applicable	4047085		Monofilament foot sensation test	Procedure	SNOMED	Procedure	S	134388005	skos:exactMatch	1	2005200613	right foot - site 9	
open-source	monofilament	radio		1608	mssrf8		Site 8	1, Yes | 0, No | 99, Not applicable	4047085		Monofilament foot sensation test	Procedure	SNOMED	Procedure	S	134388005	skos:exactMatch	1	2005200612	right foot - site 8	
open-source	monofilament	radio		1607	mssrf7		Site 7	1, Yes | 0, No | 99, Not applicable	4047085		Monofilament foot sensation test	Procedure	SNOMED	Procedure	S	134388005	skos:exactMatch	1	2005200611	right foot - site 7	
open-source	monofilament	radio		1606	mssrf6		Site 6	1, Yes | 0, No | 99, Not applicable	4047085		Monofilament foot sensation test	Procedure	SNOMED	Procedure	S	134388005	skos:exactMatch	1	2005200610	right foot - site 6	
open-source	monofilament	radio		1605	mssrf5		Site 5	1, Yes | 0, No | 99, Not applicable	4047085		Monofilament foot sensation test	Procedure	SNOMED	Procedure	S	134388005	skos:exactMatch	1	2005200609	right foot - site 5	
open-source	monofilament	radio		1604	mssrf4		Site 4	1, Yes | 0, No | 99, Not applicable	4047085		Monofilament foot sensation test	Procedure	SNOMED	Procedure	S	134388005	skos:exactMatch	1	2005200608	right foot - site 4	
open-source	monofilament	radio		1603	mssrf3		Site 3	1, Yes | 0, No | 99, Not applicable>	4047085		Monofilament foot sensation test	Procedure	SNOMED	Procedure	S	134388005	skos:exactMatch	1	2005200607	right foot - site 3	
open-source	monofilament	radio		1602	mssrf2		Site 2	1, Yes | 0, No | 99, Not applicable	4047085		Monofilament foot sensation test	Procedure	SNOMED	Procedure	S	134388005	skos:exactMatch	1	2005200606	right foot - site 2	
open-source	monofilament	radio		1601	mssrf1		Site 1	1, Yes | 0, No | 99, Not applicable	4047085		Monofilament foot sensation test	Procedure	SNOMED	Procedure	S	134388005	skos:exactMatch	1	2005200605	right foot - site 1	
open-source	monofilament	text		1597	msscmpdat		Date monofilament performed		4160030		Performed	Observation	SNOMED	Qualifier Value	S	398166005	skos:closeMatch	0.75	4047085	Monofilament foot sensation test	
open-source	mesopic_mars	calc		1584	mlcsoslog		OS: Log Contrast Sensitivity	if([mlcscmpyn(999)] = '0', [mlcsosfcl] - ([mlcsosmiss] * 0.04), '')	2005200553	2005200553	OS: Log Contrast Sensitivity - Mesopic, left eye	Measurement	AIREADI	Measurement	S		skos:exactMatch	1	45883829	Left eye	
open-source	mesopic_mars	text		1583	mlcsosmiss		OS: Number of misses prior to stopping		2005200489	2005200489	OS: Number of misses prior to stopping - Mesopic, left eye	Measurement	AIREADI	Measurement	S		skos:exactMatch	1	45883829	Left eye	
open-source	mesopic_mars	text		1582	mlcsosfcl		OS: Value of final correct letter		2005200488	2005200488	OS: Value of final correct letter - Mesopic, left eye	Measurement	AIREADI	Measurement	S		skos:exactMatch	1	45883829	Left eye	
open-source	mesopic_mars	calc		1572	mlcsodlog		OD: Log Contrast Sensitivity	if([mlcscmpyn(999)] = '0', [mlcsodfcl] - ([mlcsodmiss] * 0.04), '')	2005200552	2005200552	OD: Log Contrast Sensitivity - Mesopic, right eye	Measurement	AIREADI	Measurement	S		skos:exactMatch	1	45876703	Right eye	
open-source	mesopic_mars	text		1571	mlcsodmiss		OD: Number of misses prior to stopping		2005200487	2005200487	OD: Number of misses prior to stopping - Mesopic, right eye	Measurement	AIREADI	Measurement	S		skos:exactMatch	1	45876703	Right eye	
open-source	mesopic_mars	text		1570	mlcsodfcl		OD: Value of final correct letter		2005200486	2005200486	OD: Value of final correct letter - Mesopic, right eye	Measurement	AIREADI	Measurement	S		skos:exactMatch	1	45876703	Right eye	
open-source	mesopic_mars	text		1557	mlcscmpdat		Date procedure performed		4160030		Performed	Observation	SNOMED	Qualifier Value	S	398166005	skos:closeMatch	0.75	4322976	Procedure	
open-source	photopic_mars	calc		1544	plcsoslog		OS: Log Contrast Sensitivity	if([plcscmpyn(999)] = '0', [plcsosfcl] - ([plcsosmiss] * 0.04), '')	2005200156	2005200156	OS: Log Contrast Sensitivity - Photopic, left eye	Measurement	AIREADI	Measurement	S		skos:exactMatch	1	45883829	Left eye	
open-source	photopic_mars	text		1543	plcsosmiss		OS: Number of misses prior to stopping		2005200341	2005200341	OS: Number of misses prior to stopping - Photopic, left eye	Measurement	AIREADI	Measurement	S		skos:exactMatch	1	45883829	Left eye	
open-source	photopic_mars	text		1542	plcsosfcl		OS: Value of final correct letter		2005200340	2005200340	OS: Value of final correct letter - Photopic, left eye	Measurement	AIREADI	Measurement	S		skos:exactMatch	1	45883829	Left eye	
open-source	photopic_mars	calc		1532	plcsodlog		OD: Log Contrast Sensitivity	if([plcscmpyn(999)] = '0', [plcsodfcl] - ([plcsodmiss] * 0.04), '')	2005200155	2005200155	OD: Log Contrast Sensitivity - Photopic, right eye	Measurement	AIREADI	Measurement	S		skos:exactMatch	1	45876703	Right eye	
open-source	photopic_mars	text		1531	plcsodmiss		OD: Number of misses prior to stopping		2005200339	2005200339	OD: Number of misses prior to stopping - Photopic, right eye	Measurement	AIREADI	Measurement	S		skos:exactMatch	1	45876703	Right eye	
open-source	photopic_mars	text		1530	plcsodfcl		OD: Value of final correct letter		2005200338	2005200338	OD: Value of final correct letter - Photopic, right eye	Measurement	AIREADI	Measurement	S		skos:exactMatch	1	45876703	Right eye	
open-source	photopic_mars	text		1517	plcscmpdat		Date procedure performed		4160030		Performed	Observation	SNOMED	Qualifier Value	S	398166005	skos:closeMatch	0.75	4322976	Procedure	
open-source	bcva	calc		1516	viaosmscore		Mesopic LogMAR OS Score	if([viaocmpyn(999)] = '0',(-0.02 * [viaosmlog]) + 1.7,'')	2005200337	2005200337	Mesopic LogMAR OS Score	Measurement	AIREADI	Clinical Observation	S		skos:exactMatch	1	45883829	Left eye	
open-source	bcva	calc		1515	viaodmscore		Mesopic LogMAR OD Score	if([viaocmpyn(999)] = '0',(-0.02 * [viaodmlog]) + 1.7,'')	2005200336	2005200336	Mesopic LogMAR OD Score	Measurement	AIREADI	Clinical Observation	S		skos:exactMatch	1	45876703	Right eye	
open-source	bcva	text		1514	viaosmlog		LLVA Letter Score - Mesopic VA - OS		2005200057	2005200057	LLVA Letter Score - Mesopic VA - OS	Measurement	AIREADI	Clinical Observation	S		skos:exactMatch	1	45883829	Left eye	
open-source	bcva	text		1513	viaodmlog		LLVA Letter Score - Mesopic VA - OD		2005200056	2005200056	LLVA Letter Score - Mesopic VA - OD	Measurement	AIREADI	Clinical Observation	S		skos:exactMatch	1	45876703	Right eye	
open-source	bcva	text		1512	viaosmsf		Snellen fraction - Mesopic VA - OS		2005200055	2005200055	Snellen fraction - Mesopic VA - OS	Measurement	AIREADI	Clinical Observation	S		skos:exactMatch	1			
open-source	bcva	text		1511	viaodmsf		Snellen fraction - Mesopic VA - OD		2005200054	2005200054	Snellen fraction - Mesopic VA - OD	Measurement	AIREADI	Clinical Observation	S		skos:exactMatch	1			
open-source	bcva	calc		1510	viaospscore		Photopic LogMAR OS Score	if([viaocmpyn(999)] = '0',(-0.02 * [viaosplog]) + 1.7,'')	2005200053	2005200053	Photopic LogMAR OS Score	Measurement	AIREADI	Clinical Observation	S		skos:exactMatch	1	45883829	Left eye	
open-source	bcva	calc		1509	viaodpscore		Photopic LogMAR OD Score	if([viaocmpyn(999)] = '0',(-0.02 * [viaodplog]) + 1.7,'')	2005200052	2005200052	Photopic LogMAR OD Score	Measurement	AIREADI	Clinical Observation	S		skos:exactMatch	1	45876703	Right eye	
open-source	bcva	text		1508	viaosplog		VA Letter Score - Photopic VA - OS		2005200043	2005200043	VA Letter Score - Photopic VA - OS	Measurement	AIREADI	Clinical Observation	S		skos:exactMatch	1	45883829	Left eye	
open-source	bcva	text		1507	viaodplog		VA Letter Score - Photopic VA - OD		2005200042	2005200042	VA Letter Score - Photopic VA - OD	Measurement	AIREADI	Clinical Observation	S		skos:exactMatch	1	45876703	Right eye	
open-source	bcva	text		1506	viaospsf		Snellen fraction - Photopic VA - OS		2005200013	2005200013	Snellen fraction - Photopic VA - OS	Measurement	AIREADI	Clinical Observation	S		skos:exactMatch	1			
open-source	bcva	text		1505	viaodpsf		Snellen fraction - Photopic VA - OD		2005200012	2005200012	Snellen fraction - Photopic VA - OD	Measurement	AIREADI	Clinical Observation	S		skos:exactMatch	1			
open-source	bcva	text		1504	viaosaxi		OS - Autorefractor - Axis		3001254		Left eye Axis Autorefractor.auto	Measurement	LOINC	Clinical Observation	S	28693-0	skos:closeMatch	1			
open-source	bcva	text		1503	viaoscyl		OS - Autorefractor - Cylinder		3002343		Left eye Cylinder Autorefractor.auto	Measurement	LOINC	Clinical Observation	S	28692-2	skos:closeMatch	1			
open-source	bcva	text		1502	viaossph		OS - Autorefractor - Sphere		3003500		Left eye Sphere Autorefractor.auto	Measurement	LOINC	Clinical Observation	S	28691-4	skos:closeMatch	1			
open-source	bcva	text		1501	viaodaxi		OD - Autorefractor - Axis		3034190		Right eye Axis Autorefractor.auto	Measurement	LOINC	Clinical Observation	S	28689-8	skos:closeMatch	1			
open-source	bcva	text		1500	viaodcyl		OD - Autorefractor - Cylinder		3033346		Right eye Cylinder Autorefractor.auto	Measurement	LOINC	Clinical Observation	S	28688-0	skos:closeMatch	1			
open-source	bcva	text		1499	viaodsph		OD - Autorefractor - Sphere		3000744		Right eye Sphere Autorefractor.auto	Measurement	LOINC	Clinical Observation	S	28687-2	skos:closeMatch	1			
open-source	bcva	radio		1498	viaomthd		Method used to complete form	1, EVA | 2, ETDRS	2005200011	2005200011	Method used to complete form	Observation	AIREADI	Attribute	S		skos:exactMatch	1			
open-source	bcva	text		1494	viaocmpdat		Date BCVA performed		4160030		Performed	Observation	SNOMED	Qualifier Value	S	398166005	skos:closeMatch	0.75	4303261	Best corrected visual acuity	
open-source	physical_assessment	text		1493	pulse_vsorres_2		Heart Rate (bpm)		4239408		Heart rate	Measurement	SNOMED	Observable Entity	S	364075005	skos:closeMatch	1			
open-source	physical_assessment	text		1492	bp2_diabp_vsorres		Diastolic (mmHg)		3012888		Diastolic blood pressure	Measurement	LOINC	Clinical Observation	S	2396814	skos:exactMatch	1			
open-source	physical_assessment	text		1491	bp2_sysbp_vsorres		Systolic (mmHg)		3004249		Systolic blood pressure	Measurement	LOINC	Clinical Observation	S	2403450	skos:exactMatch	1			
open-source	physical_assessment	text		1490	pulse_vsorres		Heart Rate (bpm)		4239408		Heart rate	Measurement	SNOMED	Observable Entity	S	364075005	skos:closeMatch	1			
open-source	physical_assessment	text		1489	bp1_diabp_vsorres		Diastolic (mmHg)		3012888		Diastolic blood pressure	Measurement	LOINC	Clinical Observation	S	2396814	skos:exactMatch	1			
open-source	physical_assessment	text		1488	bp1_sysbp_vsorres		Systolic (mmHg)		3004249		Systolic blood pressure	Measurement	LOINC	Clinical Observation	S	2403450	skos:exactMatch	1			
open-source	physical_assessment	calc		1487	whr_vsorres		Waist to Hip Ratio (WHR)	if([pacmpyn(999)] = '0', [waist_vsorres]/[hip_vsorres], '')	44809433		Waist to height ratio	Measurement	SNOMED	Observable Entity	S	845541000000105	skos:exactMatch	1			
open-source	physical_assessment	text		1486	hip_vsorres		Hip Circumference (cm)		2005200153	2005200153	Hip Circumference (cm)	Measurement	AIREADI	Observable Entity	S		skos:exactMatch	1			
open-source	physical_assessment	text		1485	waist_vsorres		Waist Circumference (cm)		2005200152	2005200152	Waist Circumference (cm)	Measurement	AIREADI	Observable Entity	S		skos:exactMatch	1			
open-source	physical_assessment	calc		1484	bmi_vsorres		BMI	if([pacmpyn(999)] = '0', ([weight_vsorres]/([height_vsorres]*[height_vsorres]))*703, '')	4245997		Body mass index	Measurement	SNOMED	Observable Entity	S	60621009	skos:exactMatch	1			
open-source	physical_assessment	text		1483	weight_vsorres		Weight (kilograms)		3025315		Body weight	Measurement	LOINC	Clinical Observation	S	29463-7	skos:exactMatch	1			
open-source	physical_assessment	text		1482	height_vsorres		Height (cm)		3036277		Body height	Measurement	LOINC	Clinical Observation	S	8302-2	skos:exactMatch	1			
open-source	physical_assessment	text		1481	paate		How many hours since you last ate? (number of hours)		2005200151	2005200151	How many hours since you last ate? (number of hours)	Observation	AIREADI	Survey	S		skos:exactMatch	1			
open-source	physical_assessment	text		1477	pacmpdat		Date Assessment Performed --- Populated if an in person visit was completed (regardless of the physical assessment was performed)		4160030		Performed	Observation	SNOMED	Qualifier Value	S	398166005	skos:closeMatch	0.75	4216060	Physical assessment	
open-source	meds_assessment	radio		1466	cm_slp		Have you taken sleeping pills in the past 2 weeks?	0, No| 1, Every day | 2, A few days (<1 day/week) | 3, Some days (1-2 days/week) | 4, Most days (3-4 days/week) |99, Don't know/not sure | 777, Decline to answer	2005200150	2005200150	Have you taken sleeping pills in the past 2 weeks?	Observation	AIREADI	Survey	S		skos:exactMatch	1			
open-source	meds_assessment	radio		1465	cm_dcg		Have you taken decongestants, such as cold pills or allergy pills, in the past 2 weeks?	0, No| 1, Every day | 2, A few days (<1 day/week) | 3, Some days (1-2 days/week) | 4, Most days (3-4 days/week) |99, Don't know/not sure | 777, Decline to answer	2005200149	2005200149	Have you taken decongestants, such as cold pills or allergy pills, in the past 2 weeks?	Observation	AIREADI	Survey	S		skos:exactMatch	1			
open-source	meds_assessment	radio		1464	cm_ant		Have you taken antihistamines, such as cold pills or allergy pills, in the past 2 weeks?	0, No| 1, Every day | 2, A few days (<1 day/week) | 3, Some days (1-2 days/week) | 4, Most days (3-4 days/week) |99, Don't know/not sure | 777, Decline to answer	2005200148	2005200148	Have you taken antihistamines, such as cold pills or allergy pills, in the past 2 weeks?	Observation	AIREADI	Survey	S		skos:exactMatch	1			
open-source	meds_assessment	radio		1463	cm_ibp		Have you taken ibuprofen or ibuprofen-containing medicines such as Advil or Motrin in the past 2 weeks?	0, No| 1, Every day | 2, A few days (<1 day/week) | 3, Some days (1-2 days/week) | 4, Most days (3-4 days/week) |99, Don't know/not sure | 777, Decline to answer	2005200147	2005200147	Have you taken ibuprofen or ibuprofen-containing medicines such as Advil or Motrin in the past 2 weeks?	Observation	AIREADI	Survey	S		skos:exactMatch	1			
open-source	meds_assessment	radio		1462	cm_act		Have you taken acetaminophen medicines, such as Tylenol, in the past 2 weeks?	0, No| 1, Every day | 2, A few days (<1 day/week) | 3, Some days (1-2 days/week) | 4, Most days (3-4 days/week) |99, Don't know/not sure | 777, Decline to answer	2005200146	2005200146	Have you taken acetaminophen medicines, such as Tylenol, in the past 2 weeks?	Observation	AIREADI	Survey	S		skos:exactMatch	1			
open-source	meds_assessment	radio		1461	cm_asp		Have you taken aspirin in the past 2 weeks?	0, No| 1, Every day | 2, A few days (<1 day/week) | 3, Some days (1-2 days/week) | 4, Most days (3-4 days/week) |99, Don't know/not sure | 777, Decline to answer	2005200145	2005200145	Have you taken aspirin in the past 2 weeks?	Observation	AIREADI	Survey	S		skos:exactMatch	1			
open-source	meds_assessment	text		1456	cmcmpdat		Date medications assessment conducted		4260905		Date	Observation	SNOMED	Qualifier Value	S	410672004	skos:exactMatch	1	2005200593	medications assessment conducted	
open-source	device_distribution	text		1448	dvenvstdat		Date device given to participant		4260905		Date	Observation	SNOMED	Qualifier Value	S	410672004	skos:exactMatch	1	2005200591	device given to participant	
open-source	device_distribution	text		1441	dvcgmstdat		Date sensor inserted		4260905		Date	Observation	SNOMED	Qualifier Value	S	410672004	skos:exactMatch	1	2005200592	sensor inserted	
open-source	device_distribution	text		1435	dvamwstdat		Date device given to participant		4260905		Date	Observation	SNOMED	Qualifier Value	S	410672004	skos:exactMatch	1	2005200591	device given to participant	
open-source	driving_record	radio		1430	dri2		About how many miles did you personally drive during the past 12 months in all motorized vehicles?	1, 5000 miles or less | 2, 5001 to 10,000 miles | 3, 10,001 to 15.000 miles | 4, 15,001 to 20,000 miles | 5, More than 20,000 miles | 99, Don't know	2005200137	2005200137	About how many miles did you personally drive during the past 12 months in all motorized vehicles?	Observation	AIREADI	Survey	S		skos:exactMatch	1			
open-source	driving_record	text		1429	dri1		In an average week, how many days per week do you normally drive? (number of days)		2005200136	2005200136	In an average week, how many days per week do you normally drive? (number of days)	Observation	AIREADI	Survey	S		skos:exactMatch	1			
open-source	driving_record	text		1425	dricmpdat		Date driving record assessment conducted		4260905		Date	Observation	SNOMED	Qualifier Value	S	410672004	skos:exactMatch	1	2005200590	driving record assessment conducted	
open-source	study_enrollment	text		1417	studyid		Participant Study ID		44786673		Participant identifier	Observation	LOINC	Clinical Observation	S	74015-9	skos:exactMatch	1			
open-source	study_enrollment	text		1416	visdat		Planned date & time of in-person visit		4260905		Date	Observation	SNOMED	Qualifier Value	S	410672004	skos:exactMatch	1	1990054	In-person supervision by healthcare professional	
open-source	px_racial_ethnic_discrimination_survey	text		1407	px281501_metadata		PhenX Racial/Ethnic MetaData		2005200102	2005200102	PhenX MetaData	Observation	AIREADI	Survey	S		skos:exactMatch	1	2005200586	PhenX Racial/Ethnic Survey	
open-source	px_racial_ethnic_discrimination_survey	text		1406	pxrdstartts		PhenX Racial/Ethnic Discrimination Survey Started Timestamp (from REDCap)		2005200559		Survey Completed Timestamp	Observation	AIREADI	Qualifier Value	S	118575009	skos:exactMatch	1	2005200586	PhenX Racial/Ethnic Survey	
open-source	px_racial_ethnic_discrimination_survey	text		1405	pxrdcmpts		PhenX Racial/Ethnic Discrimination Survey Completed Timestamp (from REDCap)		2005200558		Survey Started Timestamp	Observation	AIREADI	Qualifier Value	S	118575009	skos:exactMatch	1	2005200586	PhenX Racial/Ethnic Survey	
open-source	px_racial_ethnic_discrimination_survey	radio		1404	pxrd54		On a scale of 1-6, how stressful was this for you? 1 = Not at all stressful; 6 = Extremely stressful	1, 1 - Not at all stressful | 2, 2 | 3, 3 | 4, 4 | 5, 5 | 6, 6 - Extremely stressful | 777, Prefer not to say	2005200543	2005200543	How different would your life be now if you HAD NOT BEEN treated in a racist and unfair way? On a scale of 1-6, how stressful was this for you? 1 = Not at all stressful; 6 = Extremely stressful	Observation	AIREADI	Survey	S		skos:exactMatch	1			
open-source	px_racial_ethnic_discrimination_survey	radio		1403	pxrd53		In your entire life?	1, The Same as it is now | 2, A little different | 3, Different in a few ways | 4, Different in a lot of ways | 5, Different in most ways | 6, Totally different | 777, Prefer not to say	2005200542	2005200542	How different would your life be now if you HAD NOT BEEN treated in a racist and unfair way? In your entire life?	Observation	AIREADI	Survey	S		skos:exactMatch	1			
open-source	px_racial_ethnic_discrimination_survey	radio		1402	pxrd52		In the Past Year?	1, The Same as it is now | 2, A little different | 3, Different in a few ways | 4, Different in a lot of ways | 5, Different in most ways | 6, Totally different | 777, Prefer not to say	2005200541	2005200541	How different would your life be now if you HAD NOT BEEN treated in a racist and unfair way? In the Past Year?	Observation	AIREADI	Survey	S		skos:exactMatch	1			
open-source	px_racial_ethnic_discrimination_survey	radio		1401	pxrd51		On a scale of 1-6, how stressful was this for you? 1 = Not at all stressful; 6 = Extremely stressful	1, 1 - Not at all stressful | 2, 2 | 3, 3 | 4, 4 | 5, 5 | 6, 6 - Extremely stressful | 777, Prefer not to say	2005200540	2005200540	How often have you been made fun of, picked on, pushed, shoved, hit or threatened with harm because of your race/ethnic group? On a scale of 1-6, how stressful was this for you? 1 = Not at all stressful; 6 = Extremely stressful	Observation	AIREADI	Survey	S		skos:exactMatch	1			
open-source	px_racial_ethnic_discrimination_survey	radio		1400	pxrd50		How often in your entire life?	1, Never | 2, Once in a while | 3, Sometimes | 4, A lot | 5, Most of the time | 6, Almost all the time | 777, Prefer not to say	2005200539	2005200539	How often have you been made fun of, picked on, pushed, shoved, hit or threatened with harm because of your race/ethnic group? How often in your entire life?	Observation	AIREADI	Survey	S		skos:exactMatch	1			
open-source	px_racial_ethnic_discrimination_survey	radio		1399	pxrd49		How often in the past year?	1, Never | 2, Once in a while | 3, Sometimes | 4, A lot | 5, Most of the time | 6, Almost all the time | 777, Prefer not to say	2005200538	2005200538	How often have you been made fun of, picked on, pushed, shoved, hit or threatened with harm because of your race/ethnic group? How often in the past year?	Observation	AIREADI	Survey	S		skos:exactMatch	1			
open-source	px_racial_ethnic_discrimination_survey	radio		1398	pxrd48		On a scale of 1-6, how stressful was this for you? 1 = Not at all stressful; 6 = Extremely stressful	1, 1 - Not at all stressful | 2, 2 | 3, 3 | 4, 4 | 5, 5 | 6, 6 - Extremely stressful | 777, Prefer not to say	2005200537	2005200537	How often have you gotten into an argument or a fight about something racist that was done to you or done to another member or your race/ethnic group? On a scale of 1-6, how stressful was this for you? 1 = Not at all stressful; 6 = Extremely stressful	Observation	AIREADI	Survey	S		skos:exactMatch	1			
open-source	px_racial_ethnic_discrimination_survey	radio		1397	pxrd47		How often in your entire life?	1, Never | 2, Once in a while | 3, Sometimes | 4, A lot | 5, Most of the time | 6, Almost all the time | 777, Prefer not to say	2005200536	2005200536	How often have you gotten into an argument or a fight about something racist that was done to you or done to another member or your race/ethnic group? How often in your entire life?	Observation	AIREADI	Survey	S		skos:exactMatch	1			
open-source	px_racial_ethnic_discrimination_survey	radio		1396	pxrd46		How often in the past year?	1, Never | 2, Once in a while | 3, Sometimes | 4, A lot | 5, Most of the time | 6, Almost all the time | 777, Prefer not to say	2005200535	2005200535	How often have you gotten into an argument or a fight about something racist that was done to you or done to another member or your race/ethnic group? How often in the past year?	Observation	AIREADI	Survey	S		skos:exactMatch	1			
open-source	px_racial_ethnic_discrimination_survey	radio		1395	pxrd45		On a scale of 1-6, how stressful was this for you? 1 = Not at all stressful; 6 = Extremely stressful	1, 1 - Not at all stressful | 2, 2 | 3, 3 | 4, 4 | 5, 5 | 6, 6 - Extremely stressful | 777, Prefer not to say	2005200534	2005200534	How often have you been called a racist name? On a scale of 1-6, how stressful was this for you? 1 = Not at all stressful; 6 = Extremely stressful	Observation	AIREADI	Survey	S		skos:exactMatch	1			
open-source	px_racial_ethnic_discrimination_survey	radio		1394	pxrd44		How often in your entire life?	1, Never | 2, Once in a while | 3, Sometimes | 4, A lot | 5, Most of the time | 6, Almost all the time | 777, Prefer not to say	2005200533	2005200533	How often have you been called a racist name? How often in your entire life?	Observation	AIREADI	Survey	S		skos:exactMatch	1			
open-source	px_racial_ethnic_discrimination_survey	radio		1393	pxrd43		How often in the past year?	1, Never | 2, Once in a while | 3, Sometimes | 4, A lot | 5, Most of the time | 6, Almost all the time | 777, Prefer not to say	2005200532	2005200532	How often have you been called a racist name? How often in the past year?	Observation	AIREADI	Survey	S		skos:exactMatch	1			
open-source	px_racial_ethnic_discrimination_survey	radio		1392	pxrd42		On a scale of 1-6, how stressful was this for you? 1 = Not at all stressful; 6 = Extremely stressful	1, 1 - Not at all stressful | 2, 2 | 3, 3 | 4, 4 | 5, 5 | 6, 6 - Extremely stressful | 777, Prefer not to say	2005200531	2005200531	How often have you been forced to take drastic steps (such as filing a grievance, filing a lawsuit, quitting your job, moving away, and other actions) to deal with some racist thing that was done towards you? On a scale of 1-6, how stressful was this for you? 1 = Not at all stressful; 6 = Extremely stressful	Observation	AIREADI	Survey	S		skos:exactMatch	1			
open-source	px_racial_ethnic_discrimination_survey	radio		1391	pxrd41		How often in your entire life?	1, Never | 2, Once in a while | 3, Sometimes | 4, A lot | 5, Most of the time | 6, Almost all the time | 777, Prefer not to say	2005200530	2005200530	How often have you been forced to take drastic steps (such as filing a grievance, filing a lawsuit, quitting your job, moving away, and other actions) to deal with some racist thing that was done towards you? How often in your entire life?	Observation	AIREADI	Survey	S		skos:exactMatch	1			
open-source	px_racial_ethnic_discrimination_survey	radio		1390	pxrd40		How often in the past year?	1, Never | 2, Once in a while | 3, Sometimes | 4, A lot | 5, Most of the time | 6, Almost all the time | 777, Prefer not to say	2005200529	2005200529	How often have you been forced to take drastic steps (such as filing a grievance, filing a lawsuit, quitting your job, moving away, and other actions) to deal with some racist thing that was done towards you? How often in the past year?	Observation	AIREADI	Survey	S		skos:exactMatch	1			
open-source	px_racial_ethnic_discrimination_survey	radio		1389	pxrd39		On a scale of 1-6, how stressful was this for you? 1 = Not at all stressful; 6 = Extremely stressful	1, 1 - Not at all stressful | 2, 2 | 3, 3 | 4, 4 | 5, 5 | 6, 6 - Extremely stressful | 777, Prefer not to say	2005200528	2005200528	How often have you been really angry about something racist that was done to you? On a scale of 1-6, how stressful was this for you? 1 = Not at all stressful; 6 = Extremely stressful	Observation	AIREADI	Survey	S		skos:exactMatch	1			
open-source	px_racial_ethnic_discrimination_survey	radio		1388	pxrd38		How often in your entire life?	1, Never | 2, Once in a while | 3, Sometimes | 4, A lot | 5, Most of the time | 6, Almost all the time | 777, Prefer not to say	2005200527	2005200527	How often have you been really angry about something racist that was done to you? How often in your entire life?	Observation	AIREADI	Survey	S		skos:exactMatch	1			
open-source	px_racial_ethnic_discrimination_survey	radio		1387	pxrd37		How often in the past year?	1, Never | 2, Once in a while | 3, Sometimes | 4, A lot | 5, Most of the time | 6, Almost all the time | 777, Prefer not to say	2005200526	2005200526	How often have you been really angry about something racist that was done to you? How often in the past year?	Observation	AIREADI	Survey	S		skos:exactMatch	1			
open-source	px_racial_ethnic_discrimination_survey	radio		1386	pxrd36		On a scale of 1-6, how stressful was this for you? 1 = Not at all stressful; 6 = Extremely stressful	1, 1 - Not at all stressful | 2, 2 | 3, 3 | 4, 4 | 5, 5 | 6, 6 - Extremely stressful | 777, Prefer not to say	2005200525	2005200525	How often did you want to tell someone off for being racist towards you but didn't say anything? On a scale of 1-6, how stressful was this for you? 1 = Not at all stressful; 6 = Extremely stressful	Observation	AIREADI	Survey	S		skos:exactMatch	1			
open-source	px_racial_ethnic_discrimination_survey	radio		1385	pxrd35		How often in your entire life?	1, Never | 2, Once in a while | 3, Sometimes | 4, A lot | 5, Most of the time | 6, Almost all the time | 777, Prefer not to say	2005200524	2005200524	How often did you want to tell someone off for being racist towards you but didn't say anything? How often in your entire life?	Observation	AIREADI	Survey	S		skos:exactMatch	1			
open-source	px_racial_ethnic_discrimination_survey	radio		1384	pxrd34		How often in the past year?	1, Never | 2, Once in a while | 3, Sometimes | 4, A lot | 5, Most of the time | 6, Almost all the time | 777, Prefer not to say	2005200523	2005200523	How often did you want to tell someone off for being racist towards you but didn't say anything? How often in the past year?	Observation	AIREADI	Survey	S		skos:exactMatch	1			
open-source	px_racial_ethnic_discrimination_survey	radio		1383	pxrd33		On a scale of 1-6, how stressful was this for you? 1 = Not at all stressful; 6 = Extremely stressful	1, 1 - Not at all stressful | 2, 2 | 3, 3 | 4, 4 | 5, 5 | 6, 6 - Extremely stressful | 777, Prefer not to say	2005200522	2005200522	How often have people misunderstood your intentions and motives because of your race/ethnic group? On a scale of 1-6, how stressful was this for you? 1 = Not at all stressful; 6 = Extremely stressful	Observation	AIREADI	Survey	S		skos:exactMatch	1			
open-source	px_racial_ethnic_discrimination_survey	radio		1382	pxrd32		How often in your entire life?	1, Never | 2, Once in a while | 3, Sometimes | 4, A lot | 5, Most of the time | 6, Almost all the time | 777, Prefer not to say	2005200521	2005200521	How often have people misunderstood your intentions and motives because of your race/ethnic group? How often in your entire life?	Observation	AIREADI	Survey	S		skos:exactMatch	1			
open-source	px_racial_ethnic_discrimination_survey	radio		1381	pxrd31		How often in the past year?	1, Never | 2, Once in a while | 3, Sometimes | 4, A lot | 5, Most of the time | 6, Almost all the time | 777, Prefer not to say	2005200520	2005200520	How often have people misunderstood your intentions and motives because of your race/ethnic group? How often in the past year?	Observation	AIREADI	Survey	S		skos:exactMatch	1			
open-source	px_racial_ethnic_discrimination_survey	radio		1380	pxrd30		On a scale of 1-6, how stressful was this for you? 1 = Not at all stressful; 6 = Extremely stressful	1, 1 - Not at all stressful | 2, 2 | 3, 3 | 4, 4 | 5, 5 | 6, 6 - Extremely stressful | 777, Prefer not to say	2005200519	2005200519	How often have you been accused or suspected of doing something wrong (such as stealing, cheating, not doing your share of the work, or breaking the law) because of your race/ethnic group? On a scale of 1-6, how stressful was this for you? 1 = Not at all stressful; 6 = Extremely stressful	Observation	AIREADI	Survey	S		skos:exactMatch	1			
open-source	px_racial_ethnic_discrimination_survey	radio		1379	pxrd29		How often in your entire life?	1, Never | 2, Once in a while | 3, Sometimes | 4, A lot | 5, Most of the time | 6, Almost all the time | 777, Prefer not to say	2005200518	2005200518	How often have you been accused or suspected of doing something wrong (such as stealing, cheating, not doing your share of the work, or breaking the law) because of your race/ethnic group? How often in your entire life?	Observation	AIREADI	Survey	S		skos:exactMatch	1			
open-source	px_racial_ethnic_discrimination_survey	radio		1378	pxrd28		How often in the past year?	1, Never | 2, Once in a while | 3, Sometimes | 4, A lot | 5, Most of the time | 6, Almost all the time | 777, Prefer not to say	2005200517	2005200517	How often have you been accused or suspected of doing something wrong (such as stealing, cheating, not doing your share of the work, or breaking the law) because of your race/ethnic group? How often in the past year?	Observation	AIREADI	Survey	S		skos:exactMatch	1			
open-source	px_racial_ethnic_discrimination_survey	radio		1377	pxrd27		On a scale of 1-6, how stressful was this for you? 1 = Not at all stressful; 6 = Extremely stressful	1, 1 - Not at all stressful | 2, 2 | 3, 3 | 4, 4 | 5, 5 | 6, 6 - Extremely stressful | 777, Prefer not to say	2005200516	2005200516	How often have you been treated unfairly by people that you thought were your friends because of your race/ethnic group? On a scale of 1-6, how stressful was this for you? 1 = Not at all stressful; 6 = Extremely stressful	Observation	AIREADI	Survey	S		skos:exactMatch	1			
open-source	px_racial_ethnic_discrimination_survey	radio		1376	pxrd26		How often in your entire life?	1, Never | 2, Once in a while | 3, Sometimes | 4, A lot | 5, Most of the time | 6, Almost all the time | 777, Prefer not to say	2005200515	2005200515	How often have you been treated unfairly by people that you thought were your friends because of your race/ethnic group? How often in your entire life?	Observation	AIREADI	Survey	S		skos:exactMatch	1			
open-source	px_racial_ethnic_discrimination_survey	radio		1375	pxrd25		How often in the past year?	1, Never | 2, Once in a while | 3, Sometimes | 4, A lot | 5, Most of the time | 6, Almost all the time | 777, Prefer not to say	2005200514	2005200514	How often have you been treated unfairly by people that you thought were your friends because of your race/ethnic group? How often in the past year?	Observation	AIREADI	Survey	S		skos:exactMatch	1			
open-source	px_racial_ethnic_discrimination_survey	radio		1374	pxrd24		On a scale of 1-6, how stressful was this for you? 1 = Not at all stressful; 6 = Extremely stressful	1, 1 - Not at all stressful | 2, 2 | 3, 3 | 4, 4 | 5, 5 | 6, 6 - Extremely stressful | 777, Prefer not to say	2005200513	2005200513	How often have you been treated unfairly by institutions (schools, universities, law firms, the police, the courts, the Department of Social Services, the Unemployment Office and others) because of your race/ethnic group? On a scale of 1-6, how stressful was this for you? 1 = Not at all stressful; 6 = Extremely stressful	Observation	AIREADI	Survey	S		skos:exactMatch	1			
open-source	px_racial_ethnic_discrimination_survey	radio		1373	pxrd23		How often in your entire life?	1, Never | 2, Once in a while | 3, Sometimes | 4, A lot | 5, Most of the time | 6, Almost all the time | 777, Prefer not to say	2005200512	2005200512	How often have you been treated unfairly by institutions (schools, universities, law firms, the police, the courts, the Department of Social Services, the Unemployment Office and others) because of your race/ethnic group? How often in your entire life?	Observation	AIREADI	Survey	S		skos:exactMatch	1			
open-source	px_racial_ethnic_discrimination_survey	radio		1372	pxrd22		How often in the past year?	1, Never | 2, Once in a while | 3, Sometimes | 4, A lot | 5, Most of the time | 6, Almost all the time | 777, Prefer not to say	2005200511	2005200511	How often have you been treated unfairly by institutions (schools, universities, law firms, the police, the courts, the Department of Social Services, the Unemployment Office and others) because of your race/ethnic group? How often in the past year?	Observation	AIREADI	Survey	S		skos:exactMatch	1			
open-source	px_racial_ethnic_discrimination_survey	radio		1371	pxrd21		On a scale of 1-6, how stressful was this for you? 1 = Not at all stressful; 6 = Extremely stressful	1, 1 - Not at all stressful | 2, 2 | 3, 3 | 4, 4 | 5, 5 | 6, 6 - Extremely stressful | 777, Prefer not to say	2005200510	2005200510	How often have you been treated unfairly by neighbors because of your race/ethnic group? On a scale of 1-6, how stressful was this for you? 1 = Not at all stressful; 6 = Extremely stressful	Observation	AIREADI	Survey	S		skos:exactMatch	1			
open-source	px_racial_ethnic_discrimination_survey	radio		1370	pxrd20		How often in your entire life?	1, Never | 2, Once in a while | 3, Sometimes | 4, A lot | 5, Most of the time | 6, Almost all the time | 777, Prefer not to say	2005200509	2005200509	How often have you been treated unfairly by neighbors because of your race/ethnic group? How often in your entire life?	Observation	AIREADI	Survey	S		skos:exactMatch	1			
open-source	px_racial_ethnic_discrimination_survey	radio		1369	pxrd19		How often in the past year?	1, Never | 2, Once in a while | 3, Sometimes | 4, A lot | 5, Most of the time | 6, Almost all the time | 777, Prefer not to say	2005200508	2005200508	How often have you been treated unfairly by neighbors because of your race/ethnic group? How often in the past year?	Observation	AIREADI	Survey	S		skos:exactMatch	1			
open-source	px_racial_ethnic_discrimination_survey	radio		1368	pxrd18		On a scale of 1-6, how stressful was this for you? 1 = Not at all stressful; 6 = Extremely stressful	1, 1 - Not at all stressful | 2, 2 | 3, 3 | 4, 4 | 5, 5 | 6, 6 - Extremely stressful | 777, Prefer not to say	2005200507	2005200507	How often have you been treated unfairly by people in helping jobs (by doctors, nurses, psychiatrists, case workers, dentists, school counselors, therapists, social workers and others) because of your race/ethnic group? On a scale of 1-6, how stressful was this for you? 1 = Not at all stressful; 6 = Extremely stressful	Observation	AIREADI	Survey	S		skos:exactMatch	1			
open-source	px_racial_ethnic_discrimination_survey	radio		1367	pxrd17		How often in your entire life?	1, Never | 2, Once in a while | 3, Sometimes | 4, A lot | 5, Most of the time | 6, Almost all the time | 777, Prefer not to say	2005200506	2005200506	How often have you been treated unfairly by people in helping jobs (by doctors, nurses, psychiatrists, case workers, dentists, school counselors, therapists, social workers and others) because of your race/ethnic group? How often in your entire life?	Observation	AIREADI	Survey	S		skos:exactMatch	1			
open-source	px_racial_ethnic_discrimination_survey	radio		1366	pxrd16		How often in the past year?	1, Never | 2, Once in a while | 3, Sometimes | 4, A lot | 5, Most of the time | 6, Almost all the time | 777, Prefer not to say	2005200505	2005200505	How often have you been treated unfairly by people in helping jobs (by doctors, nurses, psychiatrists, case workers, dentists, school counselors, therapists, social workers and others) because of your race/ethnic group? How often in the past year?	Observation	AIREADI	Survey	S		skos:exactMatch	1			
open-source	px_racial_ethnic_discrimination_survey	radio		1365	pxrd15		On a scale of 1-6, how stressful was this for you? 1 = Not at all stressful; 6 = Extremely stressful	1, 1 - Not at all stressful | 2, 2 | 3, 3 | 4, 4 | 5, 5 | 6, 6 - Extremely stressful | 777, Prefer not to say	2005200504	2005200504	How often have you been treated unfairly by strangers because of your race/ethnic group? On a scale of 1-6, how stressful was this for you? 1 = Not at all stressful; 6 = Extremely stressful	Observation	AIREADI	Survey	S		skos:exactMatch	1			
open-source	px_racial_ethnic_discrimination_survey	radio		1364	pxrd14		How often in your entire life?	1, Never | 2, Once in a while | 3, Sometimes | 4, A lot | 5, Most of the time | 6, Almost all the time | 777, Prefer not to say	2005200503	2005200503	How often have you been treated unfairly by strangers because of your race/ethnic group? How often in your entire life?	Observation	AIREADI	Survey	S		skos:exactMatch	1			
open-source	px_racial_ethnic_discrimination_survey	radio		1363	pxrd13		How often in the past year?	1, Never | 2, Once in a while | 3, Sometimes | 4, A lot | 5, Most of the time | 6, Almost all the time | 777, Prefer not to say	2005200502	2005200502	How often have you been treated unfairly by strangers because of your race/ethnic group? How often in the past year?	Observation	AIREADI	Survey	S		skos:exactMatch	1			
open-source	px_racial_ethnic_discrimination_survey	radio		1362	pxrd12		On a scale of 1-6, how stressful was this for you? 1 = Not at all stressful; 6 = Extremely stressful	1, 1 - Not at all stressful | 2, 2 | 3, 3 | 4, 4 | 5, 5 | 6, 6 - Extremely stressful | 777, Prefer not to say	2005200501	2005200501	How often have you been treated unfairly by people in service jobs (by store clerks, waiters, bartenders, bank tellers and others) because of your race/ethnic group? On a scale of 1-6, how stressful was this for you? 1 = Not at all stressful; 6 = Extremely stressful	Observation	AIREADI	Survey	S		skos:exactMatch	1			
open-source	px_racial_ethnic_discrimination_survey	radio		1361	pxrd11		How often in your entire life?	1, Never | 2, Once in a while | 3, Sometimes | 4, A lot | 5, Most of the time | 6, Almost all the time | 777, Prefer not to say	2005200500	2005200500	How often have you been treated unfairly by people in service jobs (by store clerks, waiters, bartenders, bank tellers and others) because of your race/ethnic group? How often in your entire life?	Observation	AIREADI	Survey	S		skos:exactMatch	1			
open-source	px_racial_ethnic_discrimination_survey	radio		1360	pxrd10		How often in the past year?	1, Never | 2, Once in a while | 3, Sometimes | 4, A lot | 5, Most of the time | 6, Almost all the time | 777, Prefer not to say	2005200499	2005200499	How often have you been treated unfairly by people in service jobs (by store clerks, waiters, bartenders, bank tellers and others) because of your race/ethnic group? How often in the past year?	Observation	AIREADI	Survey	S		skos:exactMatch	1			
open-source	px_racial_ethnic_discrimination_survey	radio		1359	pdrx9		On a scale of 1-6, how stressful was this for you? 1 = Not at all stressful; 6 = Extremely stressful	1, 1 - Not at all stressful | 2, 2 | 3, 3 | 4, 4 | 5, 5 | 6, 6 - Extremely stressful | 777, Prefer not to say	2005200498	2005200498	How often have you been treated unfairly by your co-workers, fellow students, and colleagues because of your race/ethnic group? On a scale of 1-6, how stressful was this for you? 1 = Not at all stressful; 6 = Extremely stressful	Observation	AIREADI	Survey	S		skos:exactMatch	1			
open-source	px_racial_ethnic_discrimination_survey	radio		1358	pxrd8		How often in your entire life?	1, Never | 2, Once in a while | 3, Sometimes | 4, A lot | 5, Most of the time | 6, Almost all the time | 777, Prefer not to say	2005200497	2005200497	How often have you been treated unfairly by your co-workers, fellow students, and colleagues because of your race/ethnic group? How often in your entire life?	Observation	AIREADI	Survey	S		skos:exactMatch	1			
open-source	px_racial_ethnic_discrimination_survey	radio		1357	pxrd7		How often in the past year?	1, Never | 2, Once in a while | 3, Sometimes | 4, A lot | 5, Most of the time | 6, Almost all the time | 777, Prefer not to say	2005200496	2005200496	How often have you been treated unfairly by your co-workers, fellow students, and colleagues because of your race/ethnic group? How often in the past year?	Observation	AIREADI	Survey	S		skos:exactMatch	1			
open-source	px_racial_ethnic_discrimination_survey	radio		1356	pxrd6		On a scale of 1-6, how stressful was this for you?    1= Not at all stressful; 6 = Extremely stressful	1, 1 - Not at all stressful | 2, 2 | 3, 3 | 4, 4 | 5, 5 | 6, 6 - Extremely stressful | 777, Prefer not to say	2005200495	2005200495	How often have you been treated unfairly by employers, bosses and supervisors because of your race/ethnic group? On a scale of 1-6, how stressful was this for you? 1 = Not at all stressful; 6 = Extremely stressful	Observation	AIREADI	Survey	S		skos:exactMatch	1			
open-source	px_racial_ethnic_discrimination_survey	radio		1355	pxrd5		How often in your entire life?	1, Never | 2, Once in a while | 3, Sometimes | 4, A lot | 5, Most of the time | 6, Almost all the time | 777, Prefer not to say	2005200494	2005200494	How often have you been treated unfairly by employers, bosses and supervisors because of your race/ethnic group? How often in your entire life?	Observation	AIREADI	Survey	S		skos:exactMatch	1			
open-source	px_racial_ethnic_discrimination_survey	radio		1354	pxrd4		How often in the past year?	1, Never | 2, Once in a while | 3, Sometimes | 4, A lot | 5, Most of the time | 6, Almost all the time | 777, Prefer not to say	2005200493	2005200493	How often have you been treated unfairly by employers, bosses and supervisors because of your race/ethnic group? How often in the past year?	Observation	AIREADI	Survey	S		skos:exactMatch	1			
open-source	px_racial_ethnic_discrimination_survey	radio		1353	pxrd3		On a scale of 1-6, how stressful was this for you? 1 = Not at all stressful; 6 = Extremely stressful	1, 1 - Not at all stressful | 2, 2 | 3, 3 | 4, 4 | 5, 5 | 6, 6 - Extremely stressful | 777, Prefer not to say	2005200128	2005200128	How often have you been treated unfairly by teachers and professors because of your race/ethnic group? On a scale of 1-6, how stressful was this for you? 1 = Not at all stressful; 6 = Extremely stressful	Observation	AIREADI	Survey	S		skos:exactMatch	1			
open-source	px_racial_ethnic_discrimination_survey	radio		1352	pxrd2		How often in your entire life?	1, Never | 2, Once in a while | 3, Sometimes | 4, A lot | 5, Most of the time | 6, Almost all the time | 777, Prefer not to say	2005200127	2005200127	How often have you been treated unfairly by teachers and professors because of your race/ethnic group? How often in your entire life?	Observation	AIREADI	Survey	S		skos:exactMatch	1			
open-source	px_racial_ethnic_discrimination_survey	radio		1351	pxrd1		How often in the past year?	1, Never | 2, Once in a while | 3, Sometimes | 4, A lot | 5, Most of the time | 6, Almost all the time | 777, Prefer not to say	2005200126	2005200126	How often have you been treated unfairly by teachers and professors because of your race/ethnic group? How often in the past year?	Observation	AIREADI	Survey	S		skos:exactMatch	1			
open-source	px_racial_ethnic_discrimination_survey	text		1348	pxrdcmpdat		PhenX Racial/Ethnic Discrimination survey date		4160030		Performed	Observation	SNOMED	Qualifier Value	S	398166005	skos:closeMatch	0.75	2005200586	PhenX Racial/Ethnic Survey	
open-source	px_neighborhood_environment_survey	text		1347	px291201_metadata		PhenX Neighborhood Environment MetaData		2005200102	2005200102	PhenX MetaData	Observation	AIREADI	Survey	S		skos:exactMatch	1	2005200585	PhenX Neighborhood Environment Survey	
open-source	px_neighborhood_environment_survey	text		1346	pxnecmpts		PhenX Neighborhood Environment Survey Completed Timestamp (from REDCap)		2005200559		Survey Completed Timestamp	Observation	AIREADI	Qualifier Value	S		skos:exactMatch	1	2005200585	PhenX Neighborhood Environment Survey	
open-source	px_neighborhood_environment_survey	text		1345	pxnestartts		PhenX Neighborhood Enviroment Survey Started Timestamp (from REDCap)		2005200558		Survey Started Timestamp	Observation	AIREADI	Qualifier Value	S		skos:exactMatch	1	2005200585	PhenX Neighborhood Environment Survey	
open-source	px_neighborhood_environment_survey	radio		1344	pxne17		There are many places to go within easy walking distance of my home. Would you say that you...	1, Strongly disagree | 2, Somewhat disagree | 3, Somewhat agree | 4, Strongly agree | 555, Don't know/Not sure | 777, Prefer not to say	2005200122	2005200122	There are many places to go within easy walking distance of my home. Would you say that you...	Observation	AIREADI	Survey	S		skos:exactMatch	1			
open-source	px_neighborhood_environment_survey	radio		1343	pxne16		The crime rate in my neighborhood makes it unsafe to go on walks during the day. Would you say that you...	1, Strongly disagree | 2, Somewhat disagree | 3, Somewhat agree | 4, Strongly agree | 555, Don't know/Not sure | 777, Prefer not to say	2005200121	2005200121	The crime rate in my neighborhood makes it unsafe to go on walks during the day. Would you say that you...	Observation	AIREADI	Survey	S		skos:exactMatch	1			
open-source	px_neighborhood_environment_survey	radio		1342	pxne15		There is so much traffic on the streets that it makes it difficult or unpleasant to ride a bicycle in my neighborhood. Would you say that you...	1, Strongly disagree | 2, Somewhat disagree | 3, Somewhat agree | 4, Strongly agree | 555, Don't know/Not sure | 777, Prefer not to say	2005200120	2005200120	There is so much traffic on the streets that it makes it difficult or unpleasant to ride a bicycle in my neighborhood. Would you say that you...	Observation	AIREADI	Survey	S		skos:exactMatch	1			
open-source	px_neighborhood_environment_survey	radio		1341	pxne14		Places for bicycling (such as bike paths) in and around my neighborhood are well maintained and not obstructed. Would you say that you...	1, Strongly disagree | 2, Somewhat disagree | 3, Somewhat agree | 4, Strongly agree | 555, Don't know/Not sure | 777, Prefer not to say	2005200119	2005200119	Places for bicycling (such as bike paths) in and around my neighborhood are well maintained and not obstructed. Would you say that you...	Observation	AIREADI	Survey	S		skos:exactMatch	1			
open-source	px_neighborhood_environment_survey	radio		1340	pxne13		The sidewalks in my neighborhood are well maintained (paved, with few cracks) and not obstructed. Would you say that you...	1, Strongly disagree | 2, Somewhat disagree | 3, Somewhat agree | 4, Strongly agree | 555, Don't know/Not sure | 777, Prefer not to say	2005200118	2005200118	The sidewalks in my neighborhood are well maintained (paved, with few cracks) and not obstructed. Would you say that you...	Observation	AIREADI	Survey	S		skos:exactMatch	1			
open-source	px_neighborhood_environment_survey	radio		1339	pxne12		There are many four-way intersections in my neighborhood. Would you say that you...	1, Strongly disagree | 2, Somewhat disagree | 3, Somewhat agree | 4, Strongly agree | 88, There are no streets or roads in my neighborhood | 555, Don't know/Not sure | 777, Prefer not to say	2005200117	2005200117	There are many four-way intersections in my neighborhood. Would you say that you...	Observation	AIREADI	Survey	S		skos:exactMatch	1			
open-source	px_neighborhood_environment_survey	dropdown		1338	pxne11		How many motor vehicles in working order (e.g., cars, trucks, motorcycles) are there at your household?	0, None | 1, 1 | 2, 2 | 3, 3 | 4, 4 | 5, 5 | 6, 6 or more | 555, Don't know / unsure | 777, Prefer not to say	2005200116	2005200116	How many motor vehicles in working order (e.g., cars, trucks, motorcycles) are there at your household?	Observation	AIREADI	Survey	S		skos:exactMatch	1			
open-source	px_neighborhood_environment_survey	radio		1337	pxne10		There are many interesting things to look at while walking in my neighborhood. Would you say you...	1, Strongly disagree | 2, Somewhat disagree | 3, Somewhat agree | 4, Strongly agree | 555, Don't know/Not sure | 777, Prefer not to say	2005200115	2005200115	There are many interesting things to look at while walking in my neighborhood. Would you say you...	Observation	AIREADI	Survey	S		skos:exactMatch	1			
open-source	px_neighborhood_environment_survey	radio		1336	pxne9		I see many people being physically active in my neighborhood doing things like walking, jogging, cycling, or playing sports and active games. Would you say that you...	1, Strongly disagree | 2, Somewhat disagree | 3, Somewhat agree | 4, Strongly agree | 555, Don't know/Not sure | 777, Prefer not to say	2005200114	2005200114	I see many people being physically active in my neighborhood doing things like walking, jogging, cycling, or playing sports and active games. Would you say that you...	Observation	AIREADI	Survey	S		skos:exactMatch	1			
open-source	px_neighborhood_environment_survey	radio		1335	pxne8		There is so much traffic on the streets that it makes it difficult or unpleasant to walk in my neighborhood. Would you say that you...	1, Strongly disagree | 2, Somewhat disagree | 3, Somewhat agree | 4, Strongly agree | 88, There are no streets or roads in my neighborhood | 555, Don't know/Not sure | 777, Prefer not to say	2005200113	2005200113	There is so much traffic on the streets that it makes it difficult or unpleasant to walk in my neighborhood. Would you say that you...	Observation	AIREADI	Survey	S		skos:exactMatch	1			
open-source	px_neighborhood_environment_survey	radio		1334	pxne7		The crime rate in my neighborhood makes it unsafe to go on walks at night. Would you say that you...	1, Strongly disagree | 2, Somewhat disagree | 3, Somewhat agree | 4, Strongly agree | 555, Don't know/Not sure | 777, Prefer not to say	40769035		The crime rate in my neighborhood makes it unsafe to go on walks at night [PhenX]	Observation	LOINC	Clinical Observation	S	66362-5	skos:exactMatch	1			
open-source	px_neighborhood_environment_survey	radio		1333	pxne6		My neighborhood has several free or low cost recreation facilities, such as parks, walking trails, bike paths, recreation centers, playgrounds, public swimming pools, etc. Would you say that you...	1, Strongly disagree | 2, Somewhat disagree | 3, Somewhat agree | 4, Strongly agree | 555, Don't know/Not sure | 777, Prefer not to say	40769034		My neighborhood has several free or low-cost recreation facilities, such as parks, walking trails, bike paths, recreation centers, playgrounds, public swimming pools, etc [PhenX]	Observation	LOINC	Clinical Observation	S	66361-7	skos:exactMatch	1			
open-source	px_neighborhood_environment_survey	radio		1332	pxne5		There are facilities to bicycle in or near my neighborhood, such as special lanes, separate paths or trails, shared use paths for cycles and pedestrians. Would you say that you...	1, Strongly disagree | 2, Somewhat disagree | 3, Somewhat agree | 4, Strongly agree | 88, Does not apply to my neighborhood | 555, Don't know/Not sure | 777, Prefer not to say	40769033		There are facilities to bicycle in or near my neighborhood, such as special lanes, separate paths or trails, shared use paths for cycles and pedestrians [PhenX]	Observation	LOINC	Clinical Observation	S	66360-9	skos:exactMatch	1			
open-source	px_neighborhood_environment_survey	radio		1331	pxne4		There are sidewalks on most of the streets in my neighborhood. Would you say that you...	1, Strongly disagree | 2, Somewhat disagree | 3, Somewhat agree | 4, Strongly agree | 88, Does not apply to my neighborhood | 555, Don't know/Not sure | 777, Prefer not to say	40769032		There are sidewalks on most of the streets in my neighborhood [PhenX]	Observation	LOINC	Clinical Observation	S	66359-1	skos:exactMatch	1			
open-source	px_neighborhood_environment_survey	radio		1330	pxne3		It is within a 10-15 minute walk to a transit stop (such as bus, train, trolley, or tram) from my home. Would you say that you...	1, Strongly disagree | 2, Somewhat disagree | 3, Somewhat agree | 4, Strongly agree | 555, Don't know/Not sure | 777, Prefer not to say	40769031		It is within a 10-15 minute walk to a transit stop, such as bus, train, trolley, or tram, from my home [PhenX]	Observation	LOINC	Clinical Observation	S	66358-3	skos:exactMatch	1			
open-source	px_neighborhood_environment_survey	radio		1329	pxne2		Many shops, stores, markets or other places to buy things I need are within easy walking distance of my home. Would you say that you...	1, Strongly disagree | 2, Somewhat disagree | 3, Somewhat agree | 4, Strongly agree | 555, Don't know/Not sure | 777, Prefer not to say	40769030		Many shops, stores, markets, or other places to buy things I need are within easy walking distance of my home [PhenX]	Observation	LOINC	Clinical Observation	S	66357-5	skos:exactMatch	1			
open-source	px_neighborhood_environment_survey	radio		1328	pxne1		What is the main type of housing in your neighborhood?	1, Detached single-family housing | 2, Townhouses, row houses, apartments, or condos of 2-3 stories | 3, Mix of single-family residences and townhouses, row houses, apartments or condos | 4, Apartments or condos of 4-12 stories | 5, Apartments or condos of more than 12 stories | 555, Don't know/Not sure | 777, Prefer not to say	40769029		What is the main type of housing in your neighborhood [PhenX]	Observation	LOINC	Clinical Observation	S	66356-7	skos:exactMatch	1			
open-source	px_neighborhood_environment_survey	text		1325	pxnecmpdat		PhenX Neighborhood Enviroment survey date		4160030		Performed	Observation	SNOMED	Qualifier Value	S	398166005	skos:closeMatch	0.75	2005200585	PhenX Neighborhood Environment Survey	
open-source	px_food_insecurity_survey	text		1324	px270301_metadata		PhenX MetaData		2005200102	2005200102	PhenX MetaData	Observation	AIREADI	Survey	S		skos:exactMatch	1	2005200584	PhenX Food Insecurity Survey	
open-source	px_food_insecurity_survey	text		1323	pxsficmpts		PhenX Food Insecurity Survey Completed Timestamp (from REDCap)		2005200559		Survey Completed Timestamp	Observation	AIREADI	Qualifier Value	S	118575009	skos:exactMatch	1	2005200584	PhenX Food Insecurity Survey	
open-source	px_food_insecurity_survey	text		1322	pxfistartts		PhenX Food Insecurity Survey Started Timestamp (from REDCap)		2005200558		Survey Started Timestamp	Observation	AIREADI	Qualifier Value	S	118575009	skos:exactMatch	1	2005200584	PhenX Food Insecurity Survey	
open-source	px_food_insecurity_survey	radio		1321	pxfi5		In the last 12 months, were you ever hungry but didn't eat because you couldn't afford enough food?	1, Yes | 0, No | 555, Don't know | 777, Prefer not to say	36660509		In the last 12 months, were you ever hungry but didn't eat because there wasn't enough money for food [U.S. FSS]	Observation	LOINC	Survey	S	95252-3	skos:exactMatch	1			
open-source	px_food_insecurity_survey	radio		1320	pxfi4		In the last 12 months, did you ever eat less than you felt you should because there wasn't enough money to buy food?	1, Yes | 0, No | 555, Don't know | 777, Prefer not to say	36659800		In the last 12 months, did you ever eat less than you felt you should because there wasn't enough money for food [U.S. FSS]	Observation	LOINC	Survey	S	95251-5	skos:exactMatch	1			
open-source	px_food_insecurity_survey	radio		1319	food_insecurity_change_diet_frequency		How often did this happen - almost every month, some months but not every month, or in only 1 or 2 months?	1, Almost every month | 2, Some months but not every month | 3, Only 1 or 2 months | 555, Don't know | 777, Prefer not to say	36660018		In the last 12 months, how often did you cut the size of your meals or skip meals because there wasn't enough money for food [U.S. FSS]	Observation	LOINC	Survey	S	95250-7	skos:closeMatch	1			
open-source	px_food_insecurity_survey	radio		1318	pxfi3		In the last year, did you and/or other adults in your household ever cut the size of your meals or skip meals because there wasn't enough money for food?	1, Yes | 0, No | 555, Don't know | 777, Prefer not to say	36660433		In the last 12 months, did you ever cut the size of your meals or skip meals because there wasn't enough money for food [U.S. FSS]	Observation	LOINC	Survey	S	95249-9	skos:exactMatch	1			
open-source	px_food_insecurity_survey	radio		1317	pxfi2		(I/we) couldn't afford to eat balanced meals." Was that often, sometimes, or never true for (you/your household) in the last 12 months?	1, Often true | 2, Sometimes true | 0, Never true | 555, Don't know | 777, Prefer not to say	36660487		In the last 12 months, we couldn't afford to eat balanced meals [U.S. FSS]	Observation	LOINC	Survey	S	95248-1	skos:exactMatch	1			
open-source	px_food_insecurity_survey	radio		1316	pxfi1		The first statement is, "The food that (I/we) bought just didn't last, and (I/we) didn't have money to get more." Was that often, sometimes, or never true for (you/your household) in the last 12 months?	1, Often true | 2, Sometimes true | 0, Never true | 555, Don't know | 777, Prefer not to say	36306143		Within the past 12 months the food we bought just didn't last and we didn't have money to get more [U.S. FSS]	Observation	LOINC	Survey	S	88123-5	skos:exactMatch	1			
open-source	px_food_insecurity_survey	text		1313	pxsficmpdat		PhenX Food Insecurity survey date		4160030		Performed	Observation	SNOMED	Qualifier Value	S	398166005	skos:closeMatch	0.75	2005200584	PhenX Food Insecurity Survey	
open-source	px_sdoh_combined_survey	text		1312	px280901_metadata		PhenX Healthcare Discrimination MetaData		2005200102	2005200102	PhenX MetaData	Observation	AIREADI	Survey	S		skos:exactMatch	1	2005200583	PhenX Healthcare Discrimination Survey	
open-source	px_sdoh_combined_survey	text		1311	px270101_metadata		PhenX Health Care Access MetaData		2005200102	2005200102	PhenX MetaData	Observation	AIREADI	Survey	S		skos:exactMatch	1	2005200582	PhenX Health Care Access Survey	
open-source	px_sdoh_combined_survey	text		1310	px11502_metadata		PhenX Health Insurance MetaData		2005200102	2005200102	PhenX MetaData	Observation	AIREADI	Survey	S		skos:exactMatch	1	2005200581	PhenX Health Insurance Survey	
open-source	px_sdoh_combined_survey	text		1309	px280801_metadata		PhenX Prescriptions Affordability MetaData		2005200102	2005200102	PhenX MetaData	Observation	AIREADI	Survey	S		skos:exactMatch	1	2005200580	PhenX Prescriptions Affordability Survey	
open-source	px_sdoh_combined_survey	text		1308	px281401_metadata		PhenX Housing Insecurity MetaData		2005200102	2005200102	PhenX MetaData	Observation	AIREADI	Survey	S		skos:exactMatch	1	2005200579	PhenX Housing Insecurity Survey	
open-source	px_sdoh_combined_survey	text		1307	px280301_metadata		PhenX Job Security MetaData		2005200102	2005200102	PhenX MetaData	Observation	AIREADI	Survey	S		skos:exactMatch	1	2005200578	PhenX Job Security Survey	
open-source	px_sdoh_combined_survey	text		1306	px011002_metadata		PhenX Education Attainment MetaData		2005200102	2005200102	PhenX MetaData	Observation	AIREADI	Survey	S		skos:exactMatch	1	2005200577	PhenX Education Attainment Survey	
open-source	px_sdoh_combined_survey	text		1305	px270201_metadata		PhenX English Proficiency MetaData		2005200102	2005200102	PhenX MetaData	Observation	AIREADI	Survey	S		skos:exactMatch	1	2005200576	PhenX English Proficiency Survey	
open-source	px_sdoh_combined_survey	text		1304	pxsdohcmpts		PhenX SDOH Survey Completed Timestamp (from REDCap)		2005200559		Survey Completed Timestamp	Observation	AIREADI	Qualifier Value	S	118575009	skos:closeMatch	0.75	2005200575	PhenX SDOH Survey	
open-source	px_sdoh_combined_survey	text		1303	pxsdohstartts		PhenX SDOH Survey Started Timestamp (from REDCap)		2005200558		Survey Started Timestamp	Observation	AIREADI	Qualifier Value	S	118575009	skos:closeMatch	0.75	2005200575	PhenX SDOH Survey	
open-source	px_sdoh_combined_survey	radio		1302	pxdhc7		You feel like a doctor or nurse is not listening to what you were saying	1, Never | 2, Rarely | 3, Sometimes | 4, Most of the time | 5, Always | 777, Prefer not to say	40192394		How often do you feel like a doctor or nurse is not listening to what you were saying. when you go to a doctor's office or other health care provider?	Observation	PPI	Question	S	sdoh_dms_6	skos:closeMatch	0.75			
open-source	px_sdoh_combined_survey	radio		1301	pxdhc6		A doctor or nurse acts as if he or she is better than you.	1, Never | 2, Rarely | 3, Sometimes | 4, Most of the time | 5, Always | 777, Prefer not to say	40192383		How often does a doctor or nurse act as if he or she is better than you when you go to a doctor's office or other health care provider?	Observation	PPI	Question	S	sdoh_dms_7	skos:closeMatch	0.75			
open-source	px_sdoh_combined_survey	radio		1300	pxdhc5		A doctor or nurse acts as if he or she is afraid of you.	1, Never | 2, Rarely | 3, Sometimes | 4, Most of the time | 5, Always | 777, Prefer not to say	40192423		How often does a doctor or nurse act as if he or she is afraid of you when you go to a doctor's office or other health care provider?	Observation	PPI	Question	S	sdoh_dms_5	skos:closeMatch	0.75			
open-source	px_sdoh_combined_survey	radio		1299	pxdhc4		A doctor or nurse acts as if he or she thinks you are not smart.	1, Never | 2, Rarely | 3, Sometimes | 4, Most of the time | 5, Always | 777, Prefer not to say	40192505		How often does a doctor or nurse act as if he or she thinks you are not smart when you go to a doctor's office or other health care provider?	Observation	PPI	Question	S	sdoh_dms_4	skos:closeMatch	0.75			
open-source	px_sdoh_combined_survey	radio		1298	pxdhc3		You receive poorer service than others.	1, Never | 2, Rarely | 3, Sometimes | 4, Most of the time | 5, Always | 777, Prefer not to say	40192503		How often do you receive poorer service than others when you go to a doctor's office or other health care provider?	Observation	PPI	Question	S	sdoh_dms_3	skos:closeMatch	0.75			
open-source	px_sdoh_combined_survey	radio		1297	pxdhc2		You are treated with less respect than other people.	1, Never | 2, Rarely | 3, Sometimes | 4, Most of the time | 5, Always | 777, Prefer not to say	40770201		You have been treated with less respect than other people [PhenX]	Observation	LOINC	Clinical Observation	S	67587-6	skos:closeMatch	0.75			
open-source	px_sdoh_combined_survey	radio		1296	pxdhc1		You are treated with less courtesy than other people.	1, Never | 2, Rarely | 3, Sometimes | 4, Most of the time | 5, Always | 777, Prefer not to say	40770200		You have been treated with less courtesy than other people [PhenX]	Observation	LOINC	Clinical Observation	S	67586-8	skos:closeMatch	0.75			
open-source	px_sdoh_combined_survey	radio		1295	pxahc10		During the past 12 months, was there any time when you needed medical care, but DID NOT GET IT because of the cost?	1, Yes | 0, No | 777, Prefer not to say | 555, Don't know	2005200099	2005200099	During the past 12 months, was there any time when you needed medical care, but DID NOT GET IT because of the cost?	Observation	AIREADI	Survey	S		skos:exactMatch	1			
open-source	px_sdoh_combined_survey	radio		1294	pxahc9		During the past 12 months, have you DELAYED getting medical care because of the cost?	1, Yes | 0, No | 777, Prefer not to say | 555, Don't know	2005200098	2005200098	During the past 12 months, have you DELAYED getting medical care because of the cost?	Observation	AIREADI	Survey	S		skos:exactMatch	1			
open-source	px_sdoh_combined_survey	radio		1293	pxahc8		During the past 12 months, have you been hospitalized overnight? (Do not include an overnight stay in the emergency room)	1, Yes | 0, No | 777, Prefer not to say | 555, Don't know	2005200097	2005200097	During the past 12 months, have you been hospitalized overnight? (Do not include an overnight stay in the emergency room)	Observation	AIREADI	Survey	S		skos:exactMatch	1			
open-source	px_sdoh_combined_survey	dropdown		1292	pxahc7		During the past 12 months, how many times have you gone to a hospital emergency room about your health?  *This includes emergency room visits that resulted in a hospital admission.	0, None | 1, 1 - 10 times | 2, 11 - 19 times | 3, 20 - 29 times | 4, 30 - 39 times | 5, 40 - 49 times | 6, 50 or more times | 777, Prefer not to say | 555, Don't know	2005200096	2005200096	During the past 12 months, how many times have you gone to a hospital emergency room about your health?  *This includes emergency room visits that resulted in a hospital admission.	Observation	AIREADI	Survey	S		skos:exactMatch	1			
open-source	px_sdoh_combined_survey	dropdown		1291	pxahc6		During the past 12 months, how many times have you gone to an urgent care center or a clinic in a drug store or grocery store about your health?Urgent care centers and clinics in drug stores or grocery stores are places where you do not need to make an appointment ahead of time, and do not usually see the same health care provider at each visit. This is different from a hospital emergency room.	0, None | 1, 1 - 10 times | 2, 11 - 19 times | 3, 20 - 29 times | 4, 30 - 39 times | 5, 40 - 49 times | 6, 50 or more times | 777, Prefer not to say | 555, Don't know	2005200095	2005200095	During the past 12 months, how many times have you gone to an urgent care center or a clinic in a drug store or grocery store about your health?Urgent care centers and clinics in drug stores or grocery stores are places where you do not need to make an appointment ahead of time, and do not usually see the same health care provider at each visit. This is different from a hospital emergency room.	Observation	AIREADI	Survey	S		skos:exactMatch	1			
open-source	px_sdoh_combined_survey	radio		1290	pxahc5		What kind of place is it/do you go to most often? A doctor's office or health center is a place where you see the same doctor or the same group of doctors every visit, where you usually need to make an appointment ahead of time, and where your medical records are on file.Urgent care centers and clinics in a drug store or grocery store are places where you do not need to make an appointment ahead of time, and do not usually see the same health care provider at each visit.	1, A doctor's office or health center | 2, Walk-in clinic, urgent care center, or retail clinic in a pharmacy or grocery store | 3, Emergency room | 4, A VA Medical Center or VA outpatient clinic | 5, Some other place | 6, Does not go to one place most often | 777, Prefer not to say | 555, Don't know	2005200094	2005200094	What kind of place is it/do you go to most often? A doctor's office or health center is a place where you see the same doctor or the same group of doctors every visit, where you usually need to make an appointment ahead of time, and where your medical records are on file.Urgent care centers and clinics in a drug store or grocery store are places where you do not need to make an appointment ahead of time, and do not usually see the same health care provider at each visit.	Observation	AIREADI	Survey	S		skos:exactMatch	1			
open-source	px_sdoh_combined_survey	radio		1289	pxahc4		Is there a place that you USUALLY go to if you are sick and need health care?	1, Yes | 0, There is NO place | 2, There is MORE THAN ONE place | 777, Prefer not to say | 555, Don't know	2005200093	2005200093	Is there a place that you USUALLY go to if you are sick and need health care?	Observation	AIREADI	Survey	S		skos:exactMatch	1			
open-source	px_sdoh_combined_survey	radio		1288	pxahc3		About how long has it been since you last saw a doctor or other health professional for a wellness visit, physical, or general purpose check-up?	0, Never | 1, Within the past year (anytime less than 12 months ago) | 2, Within the last 2 years (1 year but less than 2 years ago) | 3, Within the last 3 years (2 years but less than 3 years ago) | 4, Within the last 5 years (3 years but less than 5 years ago) | 5, Within the last 10 years (5 years but less than 10 years ago) | 6, 10 years ago or more | 777, Prefer not to say | 555, Don't know	2005200092	2005200092	About how long has it been since you last saw a doctor or other health professional for a wellness visit, physical, or general purpose check-up?	Observation	AIREADI	Survey	S		skos:exactMatch	1			
open-source	px_sdoh_combined_survey	radio		1287	pxahc2		Was this a wellness visit, physical, or general purpose check-up?	1, Yes | 0, No | 555, Don't know | 777, Prefer not to say	2005200091	2005200091	Was this a wellness visit, physical, or general purpose check-up?	Observation	AIREADI	Survey	S		skos:exactMatch	1			
open-source	px_sdoh_combined_survey	radio		1286	pxahc1		About how long has it been since you last saw a doctor or other health care professional about your health?	0, Never | 1, Within the past year (anytime less than 12 months ago) | 2, Within the last 2 years (1 year but less than 2 years ago) | 3, Within the last 3 years (2 years but less than 3 years ago) | 4, Within the last 5 years (3 years but less than 5 years ago) | 5, Within the last 10 years (5 years but less than 10 years ago) | 6, 10 years ago or more | 777, Prefer not to say | 555, Don't know	2005200090	2005200090	About how long has it been since you last saw a doctor or other health care professional about your health?	Observation	AIREADI	Survey	S		skos:exactMatch	1			
open-source	px_sdoh_combined_survey	radio		1284	pxhic8		Does this mean you currently have no health insurance or health coverage plan? In answering this question, please exclude plans that pay for only one type of service (such as, nursing home care, accidents, family planning, or dental care) and plans that only provide extra cash when hospitalized).	0, I do NOT have health insurance | 1, I HAVE some kind of health insurance | 777, Prefer not to say	2005200088	2005200088	Does this mean you currently have no health insurance or health coverage plan? In answering this question, please exclude plans that pay for only one type of service (such as, nursing home care, accidents, family planning, or dental care) and plans that only provide extra cash when hospitalized).	Observation	AIREADI	Survey	S		skos:exactMatch	1			
open-source	px_sdoh_combined_survey	radio		1283	pxhic7		Any other type of health insurance coverage or health coverage plan	1, Covered | 0, Not Covered | 999, Not Sure | 777, Prefer not to say	2005200087	2005200087	Any other type of health insurance coverage or health coverage plan	Observation	AIREADI	Survey	S		skos:exactMatch	1			
open-source	px_sdoh_combined_survey	radio		1281	pxhic5		TRICARE or other military health care, including VA health care.	1, Covered | 0, Not Covered | 999, Not Sure | 777, Prefer not to say	2005200085	2005200085	TRICARE or other military health care, including VA health care.	Observation	AIREADI	Survey	S		skos:exactMatch	1			
open-source	px_sdoh_combined_survey	radio		1280	pxhic4		Medicaid, Medical Assistance (MA), the Children's Health Insurance Program (CHIP), or any kind of state or government-sponsored assistance. plan based on income or a disability.	1, Covered | 0, Not Covered | 999, Not Sure | 777, Prefer not to say	2005200084	2005200084	Medicaid, Medical Assistance (MA), the Children's Health Insurance Program (CHIP), or any kind of state or government-sponsored assistance. plan based on income or a disability.	Observation	AIREADI	Survey	S		skos:exactMatch	1			
open-source	px_sdoh_combined_survey	radio		1279	pxhic3		Medicare, for people 65 and older, or people with certain disabilities.	1, Covered | 0, Not Covered | 999, Not Sure | 777, Prefer not to say	2005200083	2005200083	Medicare, for people 65 and older, or people with certain disabilities.	Observation	AIREADI	Survey	S		skos:exactMatch	1			
open-source	px_sdoh_combined_survey	radio		1278	pxhic2		Insurance purchased directly from an insurance company (by you or another family member). This would include coverage purchased through an exchange or marketplace, such as HealthCare.gov	1, Covered | 0, Not Covered | 999, Not Sure | 777, Prefer not to say	2005200082	2005200082	Insurance purchased directly from an insurance company (by you or another family member). This would include coverage purchased through an exchange or marketplace, such as HealthCare.gov	Observation	AIREADI	Survey	S		skos:exactMatch	1			
open-source	px_sdoh_combined_survey	radio		1277	pxhic1		Insurance through a current or former employer or union (of yours or another family member's). This would include COBRA coverage.	1, Covered | 0, Not Covered | 999, Not Sure | 777, Prefer not to say	2005200081	2005200081	Insurance through a current or former employer or union (of yours or another family member's). This would include COBRA coverage.	Observation	AIREADI	Survey	S		skos:exactMatch	1			
open-source	px_sdoh_combined_survey	radio		1276	pxpa4		In the last 12 months, was there any time when anyone else in your household needed prescription medicines, but did not get them because you/they couldn't afford it?	1, Yes | 0, No | 777, Prefer not to say | 555, Don't know	2005200080	2005200080	In the last 12 months, was there any time when anyone else in your household needed prescription medicines, but did not get them because you/they couldn't afford it?	Observation	AIREADI	Survey	S		skos:exactMatch	1			
open-source	px_sdoh_combined_survey	radio		1275	pxpa3		In the last 12 months, was there any time when you needed prescription medicines, but did not get them because you couldn't afford it?	1, Yes | 0, No | 777, Prefer not to say | 555, Don't know	2005200079	2005200079	In the last 12 months, was there any time when you needed prescription medicines, but did not get them because you couldn't afford it?	Observation	AIREADI	Survey	S		skos:exactMatch	1			
open-source	px_sdoh_combined_survey	radio		1274	pxpa2		Did any other person in your household delay getting prescription medicines because of worry about the cost?	1, Yes | 0, No | 777, Prefer not to say | 555, Don't know	2005200078	2005200078	Did any other person in your household delay getting prescription medicines because of worry about the cost?	Observation	AIREADI	Survey	S		skos:exactMatch	1			
open-source	px_sdoh_combined_survey	radio		1273	pxpa1		In the last 12 months, have you delayed getting prescription medicines because of worry about the cost?	1, Yes | 0, No | 777, Prefer not to say | 555, Don't know	2005200077	2005200077	In the last 12 months, have you delayed getting prescription medicines because of worry about the cost?	Observation	AIREADI	Survey	S		skos:exactMatch	1			
open-source	px_sdoh_combined_survey	checkbox		1272	pxhi2		Think about the place you live. Do you have problems with any of the following? CHOOSE ALL THAT APPLY	1, Pests such as bugs, ants, or mice | 2, Mold | 3, Lead paint or pipes | 4, Lack of heat | 5, Oven or stove not working | 6, Smoke detectors missing or not working | 7, Water leaks | 8, None of the above | 777, Prefer not to say	2005200076	2005200076	Think about the place you live. Do you have problems with any of the following? CHOOSE ALL THAT APPLY	Observation	AIREADI	Survey	S		skos:exactMatch	1			
open-source	px_sdoh_combined_survey	radio		1271	pxhi1		What is your living situation today?	1, I have a steady place to live | 2, I have a place to live today, but I am worried about losing it in the future | 0, I do not have a steady place to live (I am temporarily staying with others, in a hotel, in a shelter, living outside on the street, on a beach, in a car, abandoned building, bus or train station, or in a park) | 777, Prefer not to say	2005200075	2005200075	What is your living situation today?	Observation	AIREADI	Survey	S		skos:exactMatch	1			
open-source	px_sdoh_combined_survey	radio		1270	pxji2		About how easy would it be for you to find a job with another employer with approximately the same income and fringe benefits you now have? Would you say very easy, somewhat easy, or not easy at all?	1, Very easy | 2, Somewhat easy | 3, Not easy at all | 555, Don't know | 777, Prefer not to say | 0, Not applicable	2005200074	2005200074	About how easy would it be for you to find a job with another employer with approximately the same income and fringe benefits you now have? Would you say very easy, somewhat easy, or not easy at all?	Observation	AIREADI	Survey	S		skos:exactMatch	1			
open-source	px_sdoh_combined_survey	radio		1269	pxji1		Thinking about the next 12 months, how likely do you think it is that you will lose your job or be laid off?	1, Very likely | 2, Fairly likely | 3, Not too likely | 4, Not at all likely | 5, Will be leaving labor force voluntarily | 555, Don't know | 777, Prefer not to say | 0, Not applicable	2005200073	2005200073	Thinking about the next 12 months, how likely do you think it is that you will lose your job or be laid off?	Observation	AIREADI	Survey	S		skos:exactMatch	1			
open-source	px_sdoh_combined_survey	dropdown		1268	pxed1		What is the highest grade or level of school you have completed or the highest degree you have received?	0, NEVER ATTENDED/KINDERGARTEN ONLY | 1, 1ST Grade | 2, 2ND Grade | 3, 3RD Grade | 4, 4TH Grade | 5, 5TH Grade | 6, 6TH Grade | 7, 7TH Grade | 8, 8TH Grade | 9, 9TH Grade | 10, 10TH Grade | 11, 11TH Grade | 12, 12TH Grade, No diploma | 13, High School Graduate | 14, GED or Equivalent | 15, Some College, No degree | 16, Associate Degree: Occupational, Technical, or Vocational Program | 17, Associate Degree: Academic Program | 18, Bachelor's Degree (Example: BA, AB, BS, BBA) | 19, Master's Degree (Example: MA, MS, MEng, MEd, MBA) | 20, Professional School Degree (Example: MD, DDS, DVM, JD) | 21, Doctoral Degree (Example: PhD, EdD) | 777, Prefer not to say | 555, Don't Know	40766232		What is the highest grade or level of school you have completed or the highest degree you have received [NHANES]	Observation	LOINC	Clinical Observation	S	63504-5	skos:closeMatch	1			
open-source	px_sdoh_combined_survey	radio		1267	pxep3		Since you speak a language other than English at home, we are interested in your own opinion of how well you speak English. Would you say you speak English...?	1, Very well, | 2, Well, | 3, Not well | 0, Not at all | 777, Prefer not to say | 555, Don't know	40769340		How well do you speak English [NLAAS]	Observation	LOINC	Clinical Observation	S	66680-0	skos:closeMatch	1			
open-source	px_sdoh_combined_survey	radio		1266	pxep2		Do you speak another language at home?	1, Yes | 0, No | 777, Prefer not to say	2005200480	2005200480	Do you speak another language at home?	Observation	AIREADI	Survey	S		skos:exactMatch	1			
open-source	px_sdoh_combined_survey	radio		1265	pxep1		Is English your first language?	1, Yes | 0, No | 777, Prefer not to say	40757199		Language.primary is English	Observation	LOINC	Survey	S	52553-5	skos:exactMatch	0.75			
open-source	px_sdoh_combined_survey	text		1262	pxsdohcmpdat		PhenX SDOH survey date		4160030		Performed	Observation	SNOMED	Qualifier Value	S	398166005	skos:closeMatch	0.75	2005200575	PhenX SDOH Survey	
open-source	ophthalmic_survey	text		1261	viacmpts		Ophthalmic Survey Completed Timestamp (from REDCap)		2005200559		Survey Completed Timestamp	Observation	AIREADI	Qualifier Value	S	118575009	skos:closeMatch	0.75	2005200574	Ophthalmic Survey	
open-source	ophthalmic_survey	text		1260	viastartts		Ophthalmic Survey Started Timestamp (from REDCap)		2005200558		Survey Started Timestamp	Observation	AIREADI	Qualifier Value	S	118575009	skos:closeMatch	0.75	2005200574	Ophthalmic Survey	
open-source	ophthalmic_survey	radio		1259	via6		When was the last time you had an eye exam in which the pupils were dilated? (This would have made you temporarily sensitive to bright light)	1, Within the past month (anytime less than 1 month ago) | 2, Within the past year (1 month but less than 12 months ago) | 3, Within the past 2 years (1 year but less than 2 years ago) | 4, 2 or more years ago | 5, Never | 777, Prefer not to say	2005200070	2005200070	When was the last time you had an eye exam in which the pupils were dilated? (This would have made you temporarily sensitive to bright light)	Observation	AIREADI	Survey	S		skos:exactMatch	1			
open-source	ophthalmic_survey	radio		1258	via5		You have indicated that you have not seen an eye care professional in the past 12 months. What is the main reason you have not visited an eye care professional in the past 12 months?	1, Cost/Insurance | 2, Do not have/know an eye doctor | 3, Cannot get to the office/clinic (too far away, no transportation) | 4, Could not get an appointment | 5, No reason to go (no problem) | 6, Have not thought of it | 7, Other | 777, Prefer not to say	2005200069	2005200069	You have indicated that you have not seen an eye care professional in the past 12 months. What is the main reason you have not visited an eye care professional in the past 12 months?	Observation	AIREADI	Survey	S		skos:exactMatch	1			
open-source	ophthalmic_survey	radio		1257	via4		When was the last time you had your eyes examined by an eye care provider (ophthalmologist or optometrist)?	1, Within the past month (anytime less than 1 month ago) | 2, Within the past year (1 month but less than 12 months ago) | 3, Within the past 2 years (1 year but less than 2 years ago) | 4, 2 or more years ago | 777, Prefer not to say	40758529		Date of last eye examination	Observation	LOINC	Clinical Observation	S	55400-6	skos:closeMatch	0.75			
open-source	ophthalmic_survey	radio		1256	via3		Because of your eyesight, how much difficulty do you have noticing objects off to the side while you are walking along? Would you say:	1, No difficulty | 2, A little difficulty | 3, Moderate difficulty | 4, Extreme difficulty | 5, Unable to do because of eyesight | 777, Prefer not to say	40768765		Level of difficulty seeing objects off to the side	Observation	LOINC	Clinical Observation	S	66082-9	skos:closeMatch	0.75			
open-source	ophthalmic_survey	radio		1255	via2		How much difficulty, if any, do you have reading print in newspapers, magazines, recipes, menus, or numbers on the telephone? Would you say:	1, No difficulty | 2, A little difficulty | 3, Moderate difficulty | 4, Extreme difficulty | 5, Unable to do because of eyesight | 777, Prefer not to say	2005200068	2005200068	How much difficulty, if any, do you have reading print in newspapers, magazines, recipes, menus, or numbers on the telephone? Would you say:	Observation	AIREADI	Survey	S		skos:exactMatch	1			
open-source	ophthalmic_survey	radio		1254	via1		How much difficulty, if any, do you have in recognizing a friend across the street? Would you say:	1, No difficulty | 2, A little difficulty | 3, Moderate difficulty | 4, Extreme difficulty | 5, Unable to do because of eyesight | 777, Prefer not to say	2005200067	2005200067	How much difficulty, if any, do you have in recognizing a friend across the street? Would you say:	Observation	AIREADI	Survey	S		skos:exactMatch	1			
open-source	ophthalmic_survey	text		1251	viacmpdat		Ophthalmic survey date		4160030		Performed	Observation	SNOMED	Qualifier Value	S	398166005	skos:closeMatch	0.75	2005200574	Ophthalmic Survey	
open-source	dietary_survey	text		1250	dietcmpts		Dietary Survey Completed Timestamp (from REDCap)		2005200559		Survey Completed Timestamp	Observation	AIREADI	Qualifier Value	S	118575009	skos:closeMatch	0.75	2005200573	Dietary Survey	
open-source	dietary_survey	text		1249	dietstartts		Dietary Survey Start Timestamp (from REDCap)		2005200558		Survey Started Timestamp	Observation	AIREADI	Qualifier Value	S	118575009	skos:closeMatch	0.75	2005200573	Dietary Survey	
open-source	dietary_survey	calc		1248	dietscore		Diet score	sum([diet1],[diet2],[diet3],[diet4],[diet5],[diet6],[diet7],[diet8],[diet9]) - (if([susmkcdur]='1' OR [subrkncf]='1' OR [suwnkncf]='1' OR [sulqkncf]='1' OR [suvpkncf1]='1', 20, 0))	2005200064	2005200064	Diet score	Observation	AIREADI	Survey	S		skos:exactMatch	1			
open-source	dietary_survey	radio		1247	diet9		How many servings of fruit juice did you drink each day?	0, Less than 1 | 1, 1 - 2 | 2, 3 or more | 777, Prefer not to say	2005200063	2005200063	How many servings of fruit juice did you drink each day?	Observation	AIREADI	Survey	S		skos:exactMatch	1			
open-source	dietary_survey	radio		1246	diet8		How much margarine, butter, or meat fat do you use to season vegetables or put on potatoes, bread or corn?	0, Very little | 1, Some | 2, A lot | 777, Prefer not to say	2005200062	2005200062	How much margarine, butter, or meat fat do you use to season vegetables or put on potatoes, bread or corn?	Observation	AIREADI	Survey	S		skos:exactMatch	1			
open-source	dietary_survey	radio		1245	diet7		How many times a week did you eat desserts and other sweets (not the low-fat kind)?	0, 1 time or less | 1, 2 - 3 times | 2, 4 or more times | 777, Prefer not to say	2005200061	2005200061	How many times a week did you eat desserts and other sweets (not the low-fat kind)?	Observation	AIREADI	Survey	S		skos:exactMatch	1			
open-source	dietary_survey	radio		1244	diet6		How many times a week did you eat regular snack chips or crackers (not low-fat)?	0, 1 time or less | 1, 2 - 3 times | 2, 4 or more times | 777, Prefer not to say	2005200060	2005200060	How many times a week did you eat regular snack chips or crackers (not low-fat)?	Observation	AIREADI	Survey	S		skos:exactMatch	1			
open-source	dietary_survey	radio		1243	diet5		How many times a week did you eat beans (like pinto or black beans), chicken, or fish?	0, 3 or more times | 1, 1 - 2 times | 2, Less than 1 time | 777, Prefer not to say	2005200059	2005200059	How many times a week did you eat beans (like pinto or black beans), chicken, or fish?	Observation	AIREADI	Survey	S		skos:exactMatch	1			
open-source	dietary_survey	radio		1242	diet4		How many regular sodas or glasses of sweet tea did you drink each day?	0, Less than 1 | 1, 1 - 2 | 2, 3 or more | 777, Prefer not to say	37311745		Estimated oral intake of sugar sweetened drinks in 24 hours	Observation	SNOMED	Observable Entity	S	818990008	skos:closeMatch	0.75			
open-source	dietary_survey	radio		1241	diet3		How many servings of vegetables did you eat each day?	0, 5 or more | 1, 3 - 4 | 2, 2 or less | 777, Prefer not to say	21493061		Vegetable servings 24 hour Estimated	Observation	LOINC	Clinical Observation	S	80459-1	skos:exactMatch	1			
open-source	dietary_survey	radio		1240	diet2		How many servings of fruit did you eat each day?	0, 5 or more | 1, 3 - 4 | 2, 2 or less | 777, Prefer not to say	21493059		Fruit servings 24 hour Estimated	Observation	LOINC	Clinical Observation	S	80457-5	skos:exactMatch	1			
open-source	dietary_survey	radio		1239	diet1		How many times a week did you eat fast food meals or snacks?	0, Less than 1 time | 1, 1 - 3 times | 2, 4 or more times | 777, Prefer not to say	40771095		How many times a week did you eat fast food or snacks or pizza in past 7 days [SAMHSA]	Observation	LOINC	Survey	S	68510-7	skos:exactMatch	1			
open-source	dietary_survey	text		1236	dietcmpdat		Dietary survey date		4160030		Performed	Observation	SNOMED	Qualifier Value	S	398166005	skos:closeMatch	0.75	2005200573	Dietary Survey	
open-source	diabetes_survey	text		1235	dmlcmpts		Diabetes Survey Completed Timestamp (from REDCap)		2005200559		Survey Completed Timestamp	Observation	AIREADI	Qualifier Value	S	118575009	skos:closeMatch	0.75	2005200572	Diabetes Survey	
open-source	diabetes_survey	text		1234	dmlstartts		Diabetes Survey Started Timestamp (from REDCap)		2005200558		Survey Started Timestamp	Observation	AIREADI	Qualifier Value	S	118575009	skos:closeMatch	0.75	2005200572	Diabetes Survey	
open-source	diabetes_survey	radio		1233	dmlmd		Which of the following options best describes you with respect to physician care and medications?	10, 3 or more visits a year to the same doctor. Regular with medicines. | 5, 1-2 visits a year. Forgetting medicines frequently. | 0, Rarely or none. Not taking 1 or more recommended medicines | 777, Prefer not to say	2005200309	2005200309	Which of the following options best describes you with respect to physician care and medications?	Observation	AIREADI	Survey	S		skos:exactMatch	1			
open-source	diabetes_survey	radio		1232	dmlfeet		How often do you inspect your feet?	10, Daily or weekly | 5, Monthly | 0, Rarely or none | 777, Prefer not to say	2005200308	2005200308	How often do you inspect your feet?	Observation	AIREADI	Survey	S		skos:exactMatch	1			
open-source	diabetes_survey	radio		1231	dmledu		How often would you say that you engage in diabetes health education? (Examples: consulting with a dietician, attending support groups, reading books on diabetes, using diabetes-focused websites, watching TV shows on health, or using health-focused apps on your phone or tablet)	10, Regularly; at least monthly (dietician, support groups, books, websites, apps) | 5, Occasionally; every 2-3 months | 0, Rarely or none | 777, Prefer not to say	2005200307	2005200307	How often would you say that you engage in diabetes health education? (Examples: consulting with a dietician, attending support groups, reading books on diabetes, using diabetes-focused websites, watching TV shows on health, or using health-focused apps on your phone or tablet)	Observation	AIREADI	Survey	S		skos:exactMatch	1			
open-source	diabetes_survey	radio		1230	dmlfrveg		In a typical day, how many servings of fruits and vegetables do you consume?	10, 4-5 servings or pieces of fruits and raw vegetables per day | 5, 1-3 servings or pieces per day | 0, Rarely or none | 777, Prefer not to say	4295005		Number of portions of fruit and vegetables daily	Observation	SNOMED	Observable Entity	S	401070008	skos:closeMatch	0.75			
open-source	diabetes_survey	radio		1229	dmlpor		When reflecting on your typical eating habits, which of the following best describes your approach to portion control?	10, Eat small portions and avoid second servings | 5, Occasionally limit portions | 0, Rarely or none; eat at buffets and restaurants with large portions | 777, Prefer not to say	764035		Able to control portion size	Observation	SNOMED	Clinical Finding	S	449921000124105	skos:closeMatch	0.75			
open-source	diabetes_survey	radio		1228	dmlgrain		In a typical day, how often do you consume whole grains? (Examples: include whole wheat, brown bread, or brown rice).	10, Usually eat whole grain | 5, Rarely eat whole grain | 0, Usually eat white bread or white rice | 777, Prefer not to say	2005200306	2005200306	In a typical day, how often do you consume whole grains? (Examples: include whole wheat, brown bread, or brown rice).	Observation	AIREADI	Procedure	S		skos:exactMatch	1			
open-source	diabetes_survey	radio		1227	dmlsugar		When reflecting on your typical eating habits, which of the following options best describes how often you consume simple sugars?	10, Rarely eat sweets | 5, Occasionally eat sweets | 0, Frequently eat sweets | 777, Prefer not to say	2005200305	2005200305	When reflecting on your typical eating habits, which of the following options best describes how often you consume simple sugars?	Observation	AIREADI	Procedure	S		skos:exactMatch	1			
open-source	diabetes_survey	radio		1226	dmlhex		How often would you say that you engage in daily home exercise? (Examples: stretching, calisthenics, or yoga)	10, Doing daily or almost daily | 5, Irregular; once or twice a week | 0, Rarely or none | 777, Prefer not to say	2005200278	2005200278	How often would you say that you engage in daily home exercise? (Examples: stretching, calisthenics, or yoga)	Observation	AIREADI	Procedure	S		skos:exactMatch	1			
open-source	diabetes_survey	radio		1225	dmlact		What would you consider your typical activity level to be?	10, Active (stairs, walks, housework) | 5, Somewhat active | 0, Not Active (TV, computer, phone, use lifts) | 777, Prefer not to say	44808782		Level of physical activity	Observation	SNOMED	Observable Entity	S	859981000000107	skos:closeMatch	1			
open-source	diabetes_survey	radio		1224	dmlvex		In a typical week, how often do you engage in vigorous exercise? (Examples: hiking, jogging at 6 mph, shoveling, carrying heavy loads, bicycling fast (14-16 mph), playing basketball, playing soccer, playing tennis, or any activity during which you cannot say more than a few words without taking a breath)	10, At least 30 minutes daily 3 or more days a week | 5, Less than 30 minutes daily less than 3 days a week | 0, Rarely or none | 777, Prefer not to say	2005200277	2005200277	In a typical week, how often do you engage in vigorous exercise? (Examples: hiking, jogging at 6 mph, shoveling, carrying heavy loads, bicycling fast (14-16 mph), playing basketball, playing soccer, playing tennis, or any activity during which you cannot say more than a few words without taking a breath)	Observation	AIREADI	Clinical Finding	S		skos:exactMatch	1			
open-source	diabetes_survey	text		1221	dmlcmpdat		Diabetes survey date		4160030		Performed	Observation	SNOMED	Qualifier Value	S	398166005	skos:closeMatch	0.75	2005200572	Diabetes Survey	
open-source	paid5_dm_survey	text		1220	paidcmpts		PAID-5 DM Survey Completed Timestamp (from REDCap)		2005200559		Survey Completed Timestamp	Observation	AIREADI	Qualifier Value	S	118575009	skos:closeMatch	0.75	2005200571	PAID-5 DM Survey	
open-source	paid5_dm_survey	text		1219	paidstartts		PAID-5 DM Survey Start Timestamp (from REDCap)		2005200558		Survey Started Timestamp	Observation	AIREADI	Qualifier Value	S	118575009	skos:closeMatch	0.75	2005200571	PAID-5 DM Survey	
open-source	paid5_dm_survey	calc		1218	paidscore		PAID score	sum([paid_scrd],[paid_dpr],[paid_dpr],[paid_wr],[paid_eng],[paid_cml])	2005200049	2005200049	PAID score	Observation	AIREADI	Survey	S		skos:exactMatch	1			
open-source	paid5_dm_survey	radio		1217	paid_cml		Coping with complications of diabetes	0, Not a problem | 1, Minor problem | 2, Moderate problem | 3, Somewhat serious problem | 4, Serious problem	2005200048	2005200048	Coping with complications of diabetes	Observation	AIREADI	Survey	S		skos:exactMatch	1			
open-source	paid5_dm_survey	radio		1216	paid_eng		Feeling that diabetes is taking up too much of your mental and physical energy every day	0, Not a problem | 1, Minor problem | 2, Moderate problem | 3, Somewhat serious problem | 4, Serious problem	2005200047	2005200047	Feeling that diabetes is taking up too much of your mental and physical energy every day	Observation	AIREADI	Survey	S		skos:exactMatch	1			
open-source	paid5_dm_survey	radio		1215	paid_wr		Worrying about the future and the possibility of serious complications	0, Not a problem | 1, Minor problem | 2, Moderate problem | 3, Somewhat serious problem | 4, Serious problem	2005200046	2005200046	Worrying about the future and the possibility of serious complications	Observation	AIREADI	Survey	S		skos:exactMatch	1			
open-source	paid5_dm_survey	radio		1214	paid_dpr		Feeling depressed when you think about living with diabetes	0, Not a problem | 1, Minor problem | 2, Moderate problem | 3, Somewhat serious problem | 4, Serious problem	2005200045	2005200045	Feeling depressed when you think about living with diabetes	Observation	AIREADI	Survey	S		skos:exactMatch	1			
open-source	paid5_dm_survey	radio		1213	paid_scrd		Feeling scared when you think about living with diabetes	0, Not a problem | 1, Minor problem | 2, Moderate problem | 3, Somewhat serious problem | 4, Serious problem	2005200044	2005200044	Feeling scared when you think about living with diabetes	Observation	AIREADI	Survey	S		skos:exactMatch	1			
open-source	paid5_dm_survey	text		1210	paidcmpdat		PAID-5 DM survey date		4160030		Performed	Observation	SNOMED	Qualifier Value	S	398166005	skos:closeMatch	0.75	2005200571	PAID-5 DM Survey	
open-source	cesd10_survey	text		1209	cescmpts		CES-D-10 Survey Completed Timestamp (from REDCap)		2005200559		Survey Completed Timestamp	Observation	AIREADI	Qualifier Value	S	118575009	skos:closeMatch	0.75	2005200570	CES-D-10 Survey	
open-source	cesd10_survey	text		1208	cesstartts		CES-D-10 Survey Started Timestamp (from REDCap)		2005200558		Survey Started Timestamp	Observation	AIREADI	Qualifier Value	S	118575009	skos:closeMatch	0.75	2005200570	CES-D-10 Survey	
open-source	cesd10_survey	calc		1207	cestl		CESD-10 Score	if(sum(if([ces1] <> '', 1, 0), if([ces2] <> '', 1, 0), if([ces3] <> '', 1, 0), if([ces4] <> '', 1, 0), if([ces5] <> '', 1, 0), if([ces6] <> '', 1, 0), if([ces7] <> '', 1, 0), if([ces8] <> '', 1, 0), if([ces9] <> '', 1, 0), if([ces10] <> '', 1, 0)) >= 8, sum([ces1],[ces2],[ces3],[ces4],[ces5],[ces6],[ces7],[ces8],[ces9],[ces10]), '')	1761347		Total Score CES-D	Observation	LOINC	Survey	S	100787-1	skos:exactMatch	1			
open-source	cesd10_survey	radio		1206	ces10		I could not "get going	0, Rarely or none of the time (< 1 day) | 1, Some or a little of the time (1-2 days) | 2, Occasionally or a moderate amount of time (3-4 days) | 3, All of the time (5-7 days)	1761073		Lack of energy	Observation	LOINC	Survey	S	100786-3	skos:exactMatch	1			
open-source	cesd10_survey	radio		1205	ces9		I felt lonely	0, Rarely or none of the time (< 1 day) | 1, Some or a little of the time (1-2 days) | 2, Occasionally or a moderate amount of time (3-4 days) | 3, All of the time (5-7 days)	1761319		Feeling lonely	Observation	LOINC	Survey	S	100780-6	skos:exactMatch	1			
open-source	cesd10_survey	radio		1204	ces8		I was happy	3, Rarely or none of the time (< 1 day) | 2, Some or a little of the time (1-2 days) | 1, Occasionally or a moderate amount of time (3-4 days) | 0, All of the time (5-7 days)	1761700		Feeling happy	Observation	LOINC	Survey	S	100778-0	skos:exactMatch	1			
open-source	cesd10_survey	radio		1203	ces7		My sleep was restless	0, Rarely or none of the time (< 1 day) | 1, Some or a little of the time (1-2 days) | 2, Occasionally or a moderate amount of time (3-4 days) | 3, All of the time (5-7 days)	1761695		Restless sleep	Observation	LOINC	Survey	S	100777-2	skos:exactMatch	1			
open-source	cesd10_survey	radio		1202	ces6		I felt fearful	0, Rarely or none of the time (< 1 day) | 1, Some or a little of the time (1-2 days) | 2, Occasionally or a moderate amount of time (3-4 days) | 3, All of the time (5-7 days)	1761739		Feeling fearful	Observation	LOINC	Survey	S	100776-4	skos:exactMatch	1			
open-source	cesd10_survey	radio		1201	ces5		I felt hopeful about the future	3, Rarely or none of the time (< 1 day) | 2, Some or a little of the time (1-2 days) | 1, Occasionally or a moderate amount of time (3-4 days) | 0, All of the time (5-7 days)	1761675		Feeling hopeful about the future	Observation	LOINC	Survey	S	100774-9	skos:exactMatch	1			
open-source	cesd10_survey	radio		1200	ces4		I felt that everything I did was an effort	0, Rarely or none of the time (< 1 day) | 1, Some or a little of the time (1-2 days) | 2, Occasionally or a moderate amount of time (3-4 days) | 3, All of the time (5-7 days)	1761503		Feeling everything is too much of an effort	Observation	LOINC	Survey	S	100773-1	skos:exactMatch	1			
open-source	cesd10_survey	radio		1199	ces3		I felt depressed	0, Rarely or none of the time (< 1 day) | 1, Some or a little of the time (1-2 days) | 2, Occasionally or a moderate amount of time (3-4 days) | 3, All of the time (5-7 days)	1761895		Feeling depressed	Observation	LOINC	Survey	S	100772-3	skos:exactMatch	1			
open-source	cesd10_survey	radio		1198	ces2		I had trouble keeping my mind on what I was doing	0, Rarely or none of the time (< 1 day) | 1, Some or a little of the time (1-2 days) | 2, Occasionally or a moderate amount of time (3-4 days) | 3, All of the time (5-7 days)	1761791		Trouble focusing	Observation	LOINC	Survey	S	100771-5	skos:exactMatch	1			
open-source	cesd10_survey	radio		1197	ces1		I was bothered by things that usually don't bother me	0, Rarely or none of the time (< 1 day) | 1, Some or a little of the time (1-2 days) | 2, Occasionally or a moderate amount of time (3-4 days) | 3, All of the time (5-7 days)	1761605		Bothered by things that are not usually bothersome	Observation	LOINC	Survey	S	100767-3	skos:exactMatch	1			
open-source	cesd10_survey	text		1194	cesmpdat		CES-D-10 survey date		4160030		Performed	Observation	SNOMED	Qualifier Value	S	398166005	skos:closeMatch	0.75	2005200570	CES-D-10 Survey	
open-source	substance_use_survey	text		1193	sucmpts		Substance Use Survey Completed Timestamp (from REDCap)		2005200559		Survey Completed Timestamp	Observation	AIREADI	Qualifier Value	S	118575009	skos:closeMatch	0.75	2005200569	Substance Use Survey	
open-source	substance_use_survey	text		1192	sustartts		Substance Use Survey Started Timestamp (from REDCap)		2005200558		Survey Started Timestamp	Observation	AIREADI	Qualifier Value	S	118575009	skos:closeMatch	0.75	2005200569	Substance Use Survey	
open-source	substance_use_survey	dropdown		1191	sumrjfr		When you used marijuana, approximately how many days in a typical week would you use it?	1, 1 | 2, 2 | 3, 3 | 4, 4 | 5, 5 | 6, 6 | 7, 7 | 777, Prefer not to say	2005200039	2005200039	When you used marijuana, approximately how many days in a typical week would you use it?	Observation	AIREADI	Survey	S		skos:exactMatch	1			
open-source	substance_use_survey	dropdown		1190	sumrjceddur		How many total years have you used marijuana?	1, 1 | 2, 2 | 3, 3 | 4, 4 | 5, 5 | 6, 6 | 7, 7 | 8, 8 | 9, 9 | 10, 10 | 11, 11 | 12, 12 | 13, 13 | 14, 14 | 15, 15 | 16, 16 | 17, 17 | 18, 18 | 19, 19 | 20, 20 | 21, 21 | 22, 22 | 23, 23 | 24, 24 | 25, 25 | 26, 26 | 27, 27 | 28, 28 | 29, 29 | 30, 30 | 31, 31 | 32, 32 | 33, 33 | 34, 34 | 35, 35 | 36, 36 | 37, 37 | 38, 38 | 39, 39 | 40, 40 | 41, 41 | 42, 42 | 43, 43 | 44, 44 | 45, 45 | 46, 46 | 47, 47 | 48, 48 | 49, 49 | 50, 50 | 98, More than 50 years | 999, Prefer not to say	2005200038	2005200038	How many total years have you used marijuana?	Observation	AIREADI	Survey	S		skos:exactMatch	1			
open-source	substance_use_survey	checkbox		1189	sumrjtrt		In what form do you usually use marijuana?  (check all that apply)	1, Inhaled/Smoked (for example: joints, blunts, bongs, vaping, dabs, )| 2, Oral/Edibles (for example: oils, tinctures, beverages, capsules, sprays) | 3, Topical (for example: sprays or oils) | 777, Prefer not to say	2005200037	2005200037	In what form do you usually use marijuana?  (check all that apply)	Observation	AIREADI	Survey	S		skos:exactMatch	1			
open-source	substance_use_survey	radio		1188	sumrjcdur		Do you use marijuana now?	1, Yes | 0, No | 777, Prefer not to say	2005200473	2005200473	Do you use marijuana now?	Observation	AIREADI	Survey	S		skos:exactMatch	1			
open-source	substance_use_survey	dropdown		1187	sumrjstage		At what age did you start using marijuana? (Age started - years old)	5, 5 | 6, 6 | 7, 7 | 8, 8 | 9, 9 | 10, 10 | 11, 11 | 12, 12 | 13, 13 | 14, 14 | 15, 15 | 16, 16 | 17, 17 | 18, 18 | 19, 19 | 20, 20 | 21, 21 | 22, 22 | 23, 23 | 24, 24 | 25, 25 | 26, 26 | 27, 27 | 28, 28 | 29, 29 | 30, 30 | 31, 31 | 32, 32 | 33, 33 | 34, 34 | 35, 35 | 36, 36 | 37, 37 | 38, 38 | 39, 39 | 40, 40 | 41, 41 | 42, 42 | 43, 43 | 44, 44 | 45, 45 | 46, 46 | 47, 47 | 48, 48 | 49, 49 | 50, 50 | 51, 51 | 52, 52 | 53, 53 | 54, 54 | 55, 55 | 56, 56 | 57, 57 | 58, 58 | 59, 59 | 60, 60 | 98, More than 60 years old | 999, Prefer not to say	37020592		Age when first used marijuana	Observation	LOINC	Clinical Observation	S	91384-8	skos:exactMatch	1			
open-source	substance_use_survey	radio		1186	sumrjkncf		Have you ever used marijuana (cannabis)? (This includes smoking marijuana, using cannabis concentrates, and edibles.)	1, Yes | 0, No | 777, Prefer not to say	2005200036	2005200036	Have you ever used marijuana (cannabis)? (This includes smoking marijuana, using cannabis concentrates, and edibles.)	Observation	AIREADI	Survey	S		skos:exactMatch	1			
open-source	substance_use_survey	dropdown		1185	suvpdosfr		When you vaped or used e-cigarettes, approximately how many days in a typical week would you use it?	1, 1 | 2, 2 | 3, 3 | 4, 4 | 5, 5 | 6, 6 | 7, 7 | 999, Prefer not to answer	2005200035	2005200035	When you vaped or used e-cigarettes, approximately how many days in a typical week would you use it?	Observation	AIREADI	Survey	S		skos:exactMatch	1			
open-source	substance_use_survey	dropdown		1184	suvptoage		How many total years have you vaped or used e-cigarettes?	1, 1 | 2, 2 | 3, 3 | 4, 4 | 5, 5 | 6, 6 | 7, 7 | 8, 8 | 9, 9 | 10, 10 | 11, 11 | 12, 12 | 13, 13 | 14, 14 | 15, 15 | 16, 16 | 17, 17 | 18, 18 | 19, 19 | 20, 20 | 98, More than 20 years | 999, Prefer not to say	2005200034	2005200034	How many total years have you vaped or used e-cigarettes?	Observation	AIREADI	Survey	S		skos:exactMatch	1			
open-source	substance_use_survey	radio		1183	suvpcdur		Do you vape or use e-cigarettes now?	1, Yes | 0, No | 777, Prefer not to say	2005200033	2005200033	Do you vape or use e-cigarettes now?	Observation	AIREADI	Survey	S		skos:exactMatch	1			
open-source	substance_use_survey	dropdown		1182	suvpstage		At what age did you start vaping or using e-cigarettes? (Age started - years old)	5, 5 | 6, 6 | 7, 7 | 8, 8 | 9, 9 | 10, 10 | 11, 11 | 12, 12 | 13, 13 | 14, 14 | 15, 15 | 16, 16 | 17, 17 | 18, 18 | 19, 19 | 20, 20 | 21, 21 | 22, 22 | 23, 23 | 24, 24 | 25, 25 | 26, 26 | 27, 27 | 28, 28 | 29, 29 | 30, 30 | 31, 31 | 32, 32 | 33, 33 | 34, 34 | 35, 35 | 36, 36 | 37, 37 | 38, 38 | 39, 39 | 40, 40 | 41, 41 | 42, 42 | 43, 43 | 44, 44 | 45, 45 | 46, 46 | 47, 47 | 48, 48 | 49, 49 | 50, 50 | 51, 51 | 52, 52 | 53, 53 | 54, 54 | 55, 55 | 56, 56 | 57, 57 | 58, 58 | 59, 59 | 60, 60 | 98, More than 60 years old | 999, Prefer not to say	2005200032	2005200032	At what age did you start vaping or using e-cigarettes? (Age started - years old)	Observation	AIREADI	Survey	S		skos:exactMatch	1			
open-source	substance_use_survey	radio		1181	suvpkncf1		Have you ever vaped or used e-cigarettes?	1, Yes | 0, No | 777, Prefer not to say	2005200031	2005200031	Have you ever vaped or used e-cigarettes?	Observation	AIREADI	Survey	S		skos:exactMatch	1			
open-source	substance_use_survey	radio		1180	sualcdrv		Do you drive after having a drink, even if it is only one drink?	0, Never | 1, Rarely | 2, Sometimes | 3, Often | 4, Always | 777, Prefer not to say	2005200030	2005200030	Do you drive after having a drink, even if it is only one drink?	Observation	AIREADI	Survey	S		skos:exactMatch	1			
open-source	substance_use_survey	dropdown		1179	sulqdosfr		During the average week, how many 1.5 oz. of liquor do you usually drink, either as shots or in mixed cocktails? (Number of drinks per week)	0, Less than 1 | 1, 1 | 2, 2 | 3, 3 | 4, 4 | 5, 5 | 6, 6 | 7, 7 (or 1 per day) | 8, 8 | 9, 9 | 10, 10 | 11, 11 | 12, 12 | 13, 13 | 14, 14 (or 2 per day) | 15, 15 | 16, 16 | 17, 17 | 18, 18 | 19, 19 | 20, 20 | 21, 21 (or 3 per day) | 22, 22-28 | 29, 29-35 | 36, More than 36 | 777, Prefer not to say	2005200029	2005200029	During the average week, how many 1.5 oz. of liquor do you usually drink, either as shots or in mixed cocktails? (Number of drinks per week)	Observation	AIREADI	Survey	S		skos:exactMatch	1			
open-source	substance_use_survey	radio		1178	sulqkncf		Have you had any liquor in the past year, such as brandy, whiskey, vodka, gin, schnapps, cocktails, or liqueurs?	1, Yes | 0, No | 777, Prefer not to say	2005200028	2005200028	Have you had any liquor in the past year, such as brandy, whiskey, vodka, gin, schnapps, cocktails, or liqueurs?	Observation	AIREADI	Survey	S		skos:exactMatch	1			
open-source	substance_use_survey	dropdown		1177	suwndosfr		During the average week, how many 5 oz. glasses of wine do you usually drink?  The average wine bottle has 5 servings. (Number of glasses per week)	0, Less than 1 | 1, 1 | 2, 2 | 3, 3 | 4, 4 | 5, 5 (1 bottle) | 6, 6 | 7, 7 | 8, 8 | 9, 9 | 10, 10 (2 bottles) | 11, 11 | 12, 12 | 13, 13 | 14, 14 | 15, 15 (3 bottles) | 16, 16 | 17, 17 | 18, 18 | 19, 19 | 20, 20 (4 bottles) | 21, 21-25 (5 bottles) | 26, 26-30 (6 bottles) | 31, 31-35 (7 bottles) | 35, More than 36 (greater than 7 bottles) | 777, Prefer not to say	2005200027	2005200027	During the average week, how many 5 oz. glasses of wine do you usually drink?  The average wine bottle has 5 servings. (Number of glasses per week)	Observation	AIREADI	Survey	S		skos:exactMatch	1			
open-source	substance_use_survey	radio		1176	suwnkncf		Have you had any wine in the past year?	1, Yes | 0, No | 777, Prefer not to say	2005200026	2005200026	Have you had any wine in the past year?	Observation	AIREADI	Survey	S		skos:exactMatch	1			
open-source	substance_use_survey	dropdown		1175	subrdosfr		During the average week, how many 12 oz. bottles or cans of beer do you usually drink? (Number of bottles or cans per week)	0, Less than 1 | 1, 1 | 2, 2 | 3, 3 | 4, 4 | 5, 5 | 6, 6 | 7, 7 | 8, 8 | 9, 9 | 10, 10 | 11, 11 | 12, 12 | 13, 13 | 14, 14 or 2 drinks per night in a week | 15, 15 | 16, 16 | 17, 17 | 18, 18 | 19, 19 | 20, 20 | 21, 21 or 3 drinks per night in a week | 22, 22 to 28 | 29, 29 to 35 | 36, 36 or more | 999, Prefer not to say	2005200025	2005200025	During the average week, how many 12 oz. bottles or cans of beer do you usually drink? (Number of bottles or cans per week)	Observation	AIREADI	Survey	S		skos:exactMatch	1			
open-source	substance_use_survey	radio		1174	subrkncf		Have you had any beer or ale in the past year?	1, Yes | 0, No | 777, Prefer not to say	2005200024	2005200024	Have you had any beer or ale in the past year?	Observation	AIREADI	Survey	S		skos:exactMatch	1			
open-source	substance_use_survey	dropdown		1173	suvptoyr		How many total years have you consumed alcohol?	1, 1 | 2, 2 | 3, 3 | 4, 4 | 5, 5 | 6, 6 | 7, 7 | 8, 8 | 9, 9 | 10, 10 | 11, 11 | 12, 12 | 13, 13 | 14, 14 | 15, 15 | 16, 16 | 17, 17 | 18, 18 | 19, 19 | 20, 20 | 21, 21 | 22, 22 | 23, 23 | 24, 24 | 25, 25 | 26, 26 | 27, 27 | 28, 28 | 29, 29 | 30, 30 | 31, 31 | 32, 32 | 33, 33 | 34, 34 | 35, 35 | 36, 36 | 37, 37 | 38, 38 | 39, 39 | 40, 40 | 41, 41 | 42, 42 | 43, 43 | 44, 44 | 45, 45 | 46, 46 | 47, 47 | 48, 48 | 49, 49 | 50, 50 | 51, 51 | 52, 52 | 53, 53 | 54, 54 | 55, 55 | 56, 56 | 57, 57 | 58, 58 | 59, 59 | 60, 60 | 98, More than 60 years old | 999, Prefer not to say	44786670		Number of years alcohol consumed [Time]	Observation	LOINC	Clinical Observation	S	74012-6	skos:closeMatch	0.75			
open-source	substance_use_survey	dropdown		1172	sualcage		At what age did you start drinking alcohol? (Age started - years old)	5, 5 | 6, 6 | 7, 7 | 8, 8 | 9, 9 | 10, 10 | 11, 11 | 12, 12 | 13, 13 | 14, 14 | 15, 15 | 16, 16 | 17, 17 | 18, 18 | 19, 19 | 20, 20 | 21, 21 | 22, 22 | 23, 23 | 24, 24 | 25, 25 | 26, 26 | 27, 27 | 28, 28 | 29, 29 | 30, 30 | 31, 31 | 32, 32 | 33, 33 | 34, 34 | 35, 35 | 36, 36 | 37, 37 | 38, 38 | 39, 39 | 40, 40 | 41, 41 | 42, 42 | 43, 43 | 44, 44 | 45, 45 | 46, 46 | 47, 47 | 48, 48 | 49, 49 | 50, 50 | 51, 51 | 52, 52 | 53, 53 | 54, 54 | 55, 55 | 56, 56 | 57, 57 | 58, 58 | 59, 59 | 60, 60 | 98, More than 60 years old | 999, Prefer not to say	40766301		At what age did you begin to drink regularly - that is, drinking at least once a month for 6 months or more [SSAGA II]	Observation	LOINC	Clinical Observation	S	63576-3	skos:exactMatch	1			
open-source	substance_use_survey	radio		1171	sualckncf		Have you ever consumed alcohol?	1, Yes | 0, No | 777, Prefer not to say	40772145		Do you ever drink alcohol - including beer or wine [Reported.PHQ]	Observation	LOINC	Survey	S	69721-9	skos:closeMatch	0.75			
open-source	substance_use_survey	dropdown		1170	susmkdosfr		On average how many cigarettes do/did you usually smoke in a day? (Number of cigarettes | 20 cigarettes = 1 pack)	1, 1 | 2, 2 | 3, 3 | 4, 4 | 5, 5 | 6, 6 | 7, 7 | 8, 8 | 9, 9 | 10, 10 | 11, 11 | 12, 12 | 13, 13 | 14, 14 | 15, 15 | 16, 16 | 17, 17 | 18, 18 | 19, 19 | 20, 20 | 21, 21-30 (up to 1.5 packs) | 31, 31-40 (up to 2 packs) | 41, 41-50 (up to 2.5 packs) | 51, More than 50 (3 or more packs) | 999, Prefer not to say	40769208		How many of these do you smoke per day [#] [PhenX]	Observation	LOINC	Clinical Observation	S	66548-9	skos:closeMatch	1			
open-source	substance_use_survey	dropdown		1169	susmkstoage		How many total years have you smoked?	1, 1 | 2, 2 | 3, 3 | 4, 4 | 5, 5 | 6, 6 | 7, 7 | 8, 8 | 9, 9 | 10, 10 | 11, 11 | 12, 12 | 13, 13 | 14, 14 | 15, 15 | 16, 16 | 17, 17 | 18, 18 | 19, 19 | 20, 20 | 21, 21 | 22, 22 | 23, 23 | 24, 24 | 25, 25 | 26, 26 | 27, 27 | 28, 28 | 29, 29 | 30, 30 | 31, 31 | 32, 32 | 33, 33 | 34, 34 | 35, 35 | 36, 36 | 37, 37 | 38, 38 | 39, 39 | 40, 40 | 41, 41 | 42, 42 | 43, 43 | 44, 44 | 45, 45 | 46, 46 | 47, 47 | 48, 48 | 49, 49 | 50, 50 | 51, 51 | 52, 52 | 53, 53 | 54, 54 | 55, 55 | 56, 56 | 57, 57 | 58, 58 | 59, 59 | 60, 60 | 98, More than 60 years | 999, Prefer not to say	40770349		Smoking tobacco use duration	Observation	LOINC	Clinical Observation	S	67741-9	skos:exactMatch	1			
open-source	substance_use_survey	radio		1168	susmkcdur		Do you smoke now?	1, Yes | 0, No | 777, Prefer not to say	40766945		Current smoker	Observation	LOINC	Clinical Observation	S	64234-8	skos:exactMatch	1			
open-source	substance_use_survey	dropdown		1167	susmkstaage		At what age did you start smoking? (Age started - years old)	5, 5 | 6, 6 | 7, 7 | 8, 8 | 9, 9 | 10, 10 | 11, 11 | 12, 12 | 13, 13 | 14, 14 | 15, 15 | 16, 16 | 17, 17 | 18, 18 | 19, 19 | 20, 20 | 21, 21 | 22, 22 | 23, 23 | 24, 24 | 25, 25 | 26, 26 | 27, 27 | 28, 28 | 29, 29 | 30, 30 | 31, 31 | 32, 32 | 33, 33 | 34, 34 | 35, 35 | 36, 36 | 37, 37 | 38, 38 | 39, 39 | 40, 40 | 41, 41 | 42, 42 | 43, 43 | 44, 44 | 45, 45 | 46, 46 | 47, 47 | 48, 48 | 49, 49 | 50, 50 | 51, 51 | 52, 52 | 53, 53 | 54, 54 | 55, 55 | 56, 56 | 57, 57 | 58, 58 | 59, 59 | 60, 60 | 98, More than 60 years old | 999, Prefer not to say	40770348		At which age did you start smoking [PhenX]	Observation	LOINC	Clinical Observation	S	67740-1	skos:exactMatch	1			
open-source	substance_use_survey	radio		1166	susmkncf		Have you smoked at least 100 cigarettes or more in your lifetime?  (100 cigarettes = 5 packs)	1, Yes | 0, No | 777, Prefer not to say	40766306		Smoked at least 100 cigarettes in entire life	Observation	LOINC	Clinical Observation	S	63581-3	skos:exactMatch	1			
open-source	substance_use_survey	text		1163	sucmpdat		Substance use survey date		4160030		Performed	Observation	SNOMED	Qualifier Value	S	398166005	skos:closeMatch	0.75	2005200569	Substance Use Survey	
open-source	health_survey	text		1162	mhcmpts		Heath Survey Completed Timestamp (from REDCap)		2005200559		Survey Completed Timestamp	Observation	AIREADI	Qualifier Value	S	118575009	skos:closeMatch	0.75	2005200568	Health Survey	
open-source	health_survey	text		1161	mhstartts		Health Survey Started Timestamp (from REDCap)		2005200558		Survey Started Timestamp	Observation	AIREADI	Qualifier Value	S	118575009	skos:closeMatch	0.75	2005200568	Health Survey	
open-source	health_survey	text		1160	mhoccur_fallot		If so, how many times in the last 12 months?		4310026		Number of falls in last year	Observation	SNOMED	Observable Entity	S	391002003	skos:closeMatch	1			
open-source	health_survey	radio		1159	mhoccur_fall		Have you fallen in the last 12 months? (a fall is defined as an event which results in a person coming to rest inadvertently on the ground or floor or other lower level)	1, Yes | 0, No | 777, Prefer not to say	40757198		Falls in the past year	Observation	LOINC	Survey	S	52552-7	skos:closeMatch	1			
open-source	health_survey	radio		1157	mhoccur_yn		Have you been diagnosed with any conditions not listed above? (any condition, not just eyes)	1, Yes | 0, No | 777, Prefer not to say	2005200470	2005200470	Have you been diagnosed with any conditions not listed above? (any condition, not just eyes)	Observation	AIREADI	Survey	S		skos:exactMatch	1			
open-source	health_survey	radio		1156	mhoccur_ded		Dry eye (in one or both eyes)	1, Yes | 0, No | 777, Prefer not to say	2005200014	2005200014	Has a doctor or other healthcare professional ever told you that you have/had...	Observation	AIREADI	Survey	S		skos:exactMatch	1	4036620	Dry eyes	
open-source	health_survey	radio		1155	mhoccur_rvo		Retinal vascular occlusion ("stroke in the eye or eye vessels" - in one or both eyes)	1, Yes | 0, No | 777, Prefer not to say	2005200014	2005200014	Has a doctor or other healthcare professional ever told you that you have/had...	Observation	AIREADI	Survey	S		skos:exactMatch	1	440392	Retinal vascular occlusion	
open-source	health_survey	radio		1154	mhoccur_pdr		Diabetic retinopathy (in one or both eyes)	1, Yes | 0, No | 777, Prefer not to say	2005200014	2005200014	Has a doctor or other healthcare professional ever told you that you have/had...	Observation	AIREADI	Survey	S		skos:exactMatch	1	4174977	Retinopathy due to diabetes mellitus	
open-source	health_survey	radio		1153	mhoccur_crt		Cataracts (in one or both eyes)	1, Yes | 0, No | 777, Prefer not to say	2005200014	2005200014	Has a doctor or other healthcare professional ever told you that you have/had...	Observation	AIREADI	Survey	S		skos:exactMatch	1	4317977	Bilateral cataracts	
open-source	health_survey	radio		1152	mhoccur_amd		Age-related macular degeneration (AMD) (in one or both eyes)	1, Yes | 0, No | 777, Prefer not to say	2005200014	2005200014	Has a doctor or other healthcare professional ever told you that you have/had...	Observation	AIREADI	Survey	S		skos:exactMatch	1	374028	Age related macular degeneration	
open-source	health_survey	radio		1151	mhoccur_glc		Glaucoma (in one or both eyes)	1, Yes | 0, No | 777, Prefer not to say	2005200014	2005200014	Has a doctor or other healthcare professional ever told you that you have/had...	Observation	AIREADI	Survey	S		skos:exactMatch	1	437541	Glaucoma	
open-source	health_survey	checkbox		1150	fh_dm2sbsp		If yes, please check all that apply:	1, Sister | 2, Brother | 3, Half-Sister | 4, Half-Brother	2005200464	2005200464	If yes, please check all that apply: brother, sister, half-sister, half-brother	Observation	AIREADI	Survey	S		skos:exactMatch	1			
open-source	health_survey	radio		1149	fh_dm2sb		Has a sibling been diagnosed with Type II Diabetes?	1, Yes | 0, No | 555, Unknown | 777, Prefer not to say	2005200019	2005200019	Has a sibling been diagnosed with Type II Diabetes?	Observation	AIREADI	Survey	S		skos:exactMatch	1			
open-source	health_survey	checkbox		1148	fh_dm2ptsp		If yes, which parent?	1, Mother | 2, Father	2005200463	2005200463	Was your mother or father diagnosed with Type II Diabetes?	Observation	AIREADI	Survey	S		skos:exactMatch	1			
open-source	health_survey	radio		1147	fh_dm2pt		Were either of your parents diagnosed with Type II Diabetes?	1, Yes | 0, No | 555, Unknown | 777, Prefer not to say	2005200018	2005200018	Were either of your parents diagnosed with Type II Diabetes?	Observation	AIREADI	Survey	S		skos:exactMatch	1			
open-source	health_survey	radio		1146	mhoccur_obs		Obesity	1, Yes | 0, No | 777, Prefer not to say	2005200014	2005200014	Has a doctor or other healthcare professional ever told you that you have/had...	Observation	AIREADI	Survey	S		skos:exactMatch	1	433736	Obesity	
open-source	health_survey	radio		1145	mhoccur_ear		Hearing impairment	1, Yes | 0, No | 777, Prefer not to say	2005200014	2005200014	Has a doctor or other healthcare professional ever told you that you have/had...	Observation	AIREADI	Survey	S		skos:exactMatch	1	439378	Ear anomalies with hearing impairment	
open-source	health_survey	radio		1144	mhoccur_rnl		Kidney problems	1, Yes | 0, No | 777, Prefer not to say	2005200014	2005200014	Has a doctor or other healthcare professional ever told you that you have/had...	Observation	AIREADI	Survey	S		skos:exactMatch	1	2005200017	Kidney problems	
open-source	health_survey	radio		1143	mhoccur_ua		Urinary problems (Examples: urinary tract infections, incontinence, prostate problems)	1, Yes | 0, No | 777, Prefer not to say	2005200014	2005200014	Has a doctor or other healthcare professional ever told you that you have/had...	Observation	AIREADI	Survey	S		skos:exactMatch	1	81902	Urinary tract problems	
open-source	health_survey	radio		1142	mhoccur_gi		Digestive problems (Examples: stomach ulcer, gastrointestinal problems, hiatal hernia)	1, Yes | 0, No | 777, Prefer not to say	2005200014	2005200014	Has a doctor or other healthcare professional ever told you that you have/had...	Observation	AIREADI	Survey	S		skos:exactMatch	1	4201745	Disorder of digestive system	
open-source	health_survey	radio		1141	mhoccur_plm		Chronic pulmonary (lung) problems (Examples: emphysema, asthma, tuberculosis, asbestosis)	1, Yes | 0, No | 777, Prefer not to say	2005200014	2005200014	Has a doctor or other healthcare professional ever told you that you have/had...	Observation	AIREADI	Survey	S		skos:exactMatch	1	4186898	Chronic lung disease	
open-source	health_survey	radio		1139	mhoccur_ca		Cancer (any type)	1, Yes | 0, No | 777, Prefer not to say	2005200014	2005200014	Has a doctor or other healthcare professional ever told you that you have/had...	Observation	AIREADI	Survey	S		skos:exactMatch	1	4194405	Cancer confirmed	
open-source	health_survey	radio		1138	mhoccur_oa		Osteoporosis	1, Yes | 0, No | 777, Prefer not to say	2005200014	2005200014	Has a doctor or other healthcare professional ever told you that you have/had...	Observation	AIREADI	Survey	S		skos:exactMatch	1	80502	Osteoporosis	
open-source	health_survey	radio		1137	mhoccur_ra		Arthritis (joint pain)	1, Yes | 0, No | 777, Prefer not to say	2005200014	2005200014	Has a doctor or other healthcare professional ever told you that you have/had...	Observation	AIREADI	Survey	S		skos:exactMatch	1	4291025	Arthritis	
open-source	health_survey	radio		1135	mhoccur_cns		Other neurological conditions	1, Yes | 0, No | 777, Prefer not to say	2005200014	2005200014	Has a doctor or other healthcare professional ever told you that you have/had...	Observation	AIREADI	Survey	S		skos:exactMatch	1	46271045	Neurocognitive disorder	
open-source	health_survey	radio		1134	mhoccur_ms		Multiple sclerosis	1, Yes | 0, No | 777, Prefer not to say	2005200014	2005200014	Has a doctor or other healthcare professional ever told you that you have/had...	Observation	AIREADI	Survey	S		skos:exactMatch	1	374919	Multiple sclerosis	
open-source	health_survey	radio		1133	mhoccur_cogn		Mild cognitive impairment (known as "MCI"; mild but noticeable cognitive changes, may slow or interfere with daily activities but does not stop them)	1, Yes | 0, No | 777, Prefer not to say	2005200014	2005200014	Has a doctor or other healthcare professional ever told you that you have/had...	Observation	AIREADI	Survey	S		skos:exactMatch	1	439795	Minimal cognitive impairment	
open-source	health_survey	radio		1131	mhcat_adot		If yes, please choose between:	1, Alzheimer's disease | 888, Other | 999, Unsure from the options listed | 777, Prefer not to say	2005200014	2005200014	Has a doctor or other healthcare professional ever told you that you have/had...	Observation	AIREADI	Survey	S		skos:exactMatch	1	378419	Alzheimer's disease	
open-source	health_survey	radio		1130	mhoccur_ad		Dementia (Examples: Alzheimer's Disease, vascular dementia, etc)	1, Yes | 0, No | 777, Prefer not to say	2005200014	2005200014	Has a doctor or other healthcare professional ever told you that you have/had...	Observation	AIREADI	Survey	S		skos:exactMatch	1	4182210	Dementia	
open-source	health_survey	radio		1129	mhoccur_pd		Parkinson's disease	1, Yes | 0, No | 777, Prefer not to say	2005200014	2005200014	Has a doctor or other healthcare professional ever told you that you have/had...	Observation	AIREADI	Survey	S		skos:exactMatch	1	381270	Parkinson's disease	
open-source	health_survey	radio		1128	mhoccur_lbp		Low blood pressure	1, Yes | 0, No | 777, Prefer not to say	2005200014	2005200014	Has a doctor or other healthcare professional ever told you that you have/had...	Observation	AIREADI	Survey	S		skos:exactMatch	1	317002	Low blood pressure	
open-source	health_survey	radio		1127	mhoccur_hbp		High blood pressure	1, Yes | 0, No | 777, Prefer not to say	2005200014	2005200014	Has a doctor or other healthcare professional ever told you that you have/had...	Observation	AIREADI	Survey	S		skos:exactMatch	1	316866	Hypertensive Disorder	
open-source	health_survey	radio		1126	mhoccur_clsh		High blood cholesterol	1, Yes | 0, No | 777, Prefer not to say	2005200014	2005200014	Has a doctor or other healthcare professional ever told you that you have/had...	Observation	AIREADI	Survey	S		skos:exactMatch	1	4159131	Dyslipidemia	
open-source	health_survey	radio		1125	mhoccur_circ		Circulation problems (Examples: arteriosclerosis, atherosclerosis, blood clots in lungs or leg veins)	1, Yes | 0, No | 777, Prefer not to say	2005200014	2005200014	Has a doctor or other healthcare professional ever told you that you have/had...	Observation	AIREADI	Survey	S		skos:exactMatch	1	2005200015	Circulation problems	
open-source	health_survey	radio		1124	mhoccur_strk		Stroke	1, Yes | 0, No | 777, Prefer not to say	2005200014	2005200014	Has a doctor or other healthcare professional ever told you that you have/had...	Observation	AIREADI	Survey	S		skos:exactMatch	1	2005200628	Stroke	
open-source	health_survey	radio		1123	mhoccur_cvdot		Other heart issues (Examples: pacemaker, heart valve disease, open heart surgery)	1, Yes | 0, No | 777, Prefer not to say	2005200014	2005200014	Has a doctor or other healthcare professional ever told you that you have/had...	Observation	AIREADI	Survey	S		skos:exactMatch	1	2005200627	Other heart issues (Examples: pacemaker, heart valve disease, open heart surgery)	
open-source	health_survey	radio		1122	mhoccur_mi		Heart attack	1, Yes | 0, No | 777, Prefer not to say	2005200014	2005200014	Has a doctor or other healthcare professional ever told you that you have/had...	Observation	AIREADI	Survey	S		skos:exactMatch	1	4329847	Myocardial infarction	
open-source	health_survey	text		1119	mhcmpdat		Health survey date		4160030		Performed	Observation	SNOMED	Qualifier Value	S	398166005	skos:closeMatch	0.75	2005200568	Health Survey	
open-source	demographics_survey	text		1118	dmgcmpts		Demograhics Survey Completed Timestamp (from REDCap)		2005200559		Survey Completed Timestamp	Observation	AIREADI	Qualifier Value	S	118575009	skos:closeMatch	0.75	2005200567	Demographic Survey	
open-source	demographics_survey	text		1117	dmgstartts		Demographics Survey Started Timestamp (from REDCap)		2005200558		Survey Started Timestamp	Observation	AIREADI	Qualifier Value	S	118575009	skos:closeMatch	0.75	2005200567	Demographic Survey	
open-source	demographics_survey	radio		1113	cl_maristat		Marital Status	C51773, Married | C51774, Single | C51776, Divorced | C51775, Widowed | C53262, Domestic Partner | C51777, Living separately but not divorced | 888, Other | 777, Prefer not to say	4053609		Marital status	Observation	SNOMED	Observable Entity	S	125680007	skos:exactMatch	1			
open-source	demographics_survey	text		1112	cage		Age (in years)		4265453		Age	Observation	SNOMED	Qualifier Value	S	397669002	skos:exactMatch	1			
open-source	demographics_survey	text		1111	brthyy		Year (e.g. 1967)		4078999		Calendar year	Observation	SNOMED	Qualifier Value	S	277267003	skos:closeMatch	1			
open-source	demographics_survey	text		1106	dmgcmpdat		Demographic survey date (date survey/form opened)		4160030		Performed	Observation	SNOMED	Qualifier Value	S	398166005	skos:closeMatch	0.75	2005200567	Demographic Survey	
open-source	participant_contact_information_survey	text		1090	prtcmpdat		Participant contact survey/form date (date survey/form opened)		4160030		Performed	Observation	SNOMED	Qualifier Value	S	398166005	skos:closeMatch	0.75	2005200566	Participant Contact Survey	
open-source	staff_consent_attestation_survey	text		1085	icfa_dat		Date of Consent Attestation		4160030		Performed	Observation	SNOMED	Qualifier Value	S	398166005	skos:closeMatch	0.75	2005200588	Consent Attestation	
open-source	consent_survey	text		1082	icfcmpts		Consent Survey Completed Timestamp		2005200559		Survey Completed Timestamp	Observation	AIREADI	Qualifier Value	S	118575009	skos:closeMatch	0.75	2005200565	Consent Survey	
open-source	consent_survey	text		1081	icfsvyts		Consent Survey Start Timestamp		2005200558		Survey Started Timestamp	Observation	AIREADI	Qualifier Value	S	118575009	skos:closeMatch	0.75	2005200565	Consent Survey	
open-source	consent_survey	text		1075	c184390_dat		Date paper consent completed		4160030		Performed	Observation	SNOMED	Qualifier Value	S	398166005	skos:closeMatch	0.75	2005200587	Paper Consent Completed	
open-source	consent_survey	checkbox		1074	c184390		Paper consent obtained	1, Check this box to confirm that paper consent was obtained	3018196		Informed consent obtained	Observation	LOINC	Clinical Observation	S	19826-7	skos:closeMatch	1			
open-source	consent_survey	text		1071	icf_dat		Consent survey/form date (date survey/form opened)		4160030		Performed	Observation	SNOMED	Qualifier Value	S	398166005	skos:closeMatch	0.75	2005200565	Consent Survey	
open-source	preconsent_survey	text		1070	preconcmpts		Pre-consent Survey Completed Timestamp (from REDCap)		2005200559		Survey Completed Timestamp	Observation	AIREADI	Qualifier Value	S	118575009	skos:closeMatch	0.75	2005200564	Pre-consent Survey	
open-source	preconsent_survey	text		1069	preconstartts		Pre-consent Survey Started Timestamp (from REDCap)		2005200558		Survey Started Timestamp	Observation	AIREADI	Qualifier Value	S	118575009	skos:closeMatch	0.75	2005200564	Pre-consent Survey	
open-source	preconsent_survey	text		1065	preconcmpdat		Pre-consent survey/form date (date survey/form opened)		4160030		Performed	Observation	SNOMED	Qualifier Value	S	398166005	skos:closeMatch	0.75	2005200564	Pre-consent Survey	
open-source	screening_survey	text		1061	scrcmpts		Screening Survey Completed Timestamp (from REDCap)		2005200559		Survey Completed Timestamp	Observation	AIREADI	Qualifier Value	S	118575009	skos:closeMatch	0.75	2005200563	Screening Survey	
open-source	screening_survey	text		1060	scrstartts		Screening Survey Started Timestamp (from REDCap)		2005200558		Survey Started Timestamp	Observation	AIREADI	Qualifier Value	S	118575009	skos:closeMatch	0.75	2005200563	Screening Survey	
open-source	screening_survey	yesno		1049	cmtrt_lfst		Do you use lifestyle changes to control your A1C and blood glucose levels? Examples: regular exercise, avoiding sugary foods and beverages, eating a balanced diet with lots of vegetables, sticking to a consistent eating schedule		2005200004	2005200004	Do you use lifestyle changes to control your A1C and blood glucose levels? Examples: regular exercise, avoiding sugary foods and beverages, eating a balanced diet with lots of vegetables, sticking to a consistent eating schedule	Observation	AIREADI	Survey	S		skos:exactMatch	1			
open-source	screening_survey	yesno		1048	cmtrt_glcs		Do you use other injections to control your blood glucose levels?  Examples: Victoza, Ozempic, Symlin, Tanzeum, and Trulicity		2005200550	2005200550	Do you use other injections to control your blood glucose levels?  Examples: Victoza, Ozempic, Symlin, Tanzeum, and Trulicity	Observation	AIREADI	Survey	S		skos:exactMatch	1			
open-source	screening_survey	yesno		1047	cmtrt_insln		Do you inject insulin to control your blood glucose levels?		2005200549	2005200549	Do you inject insulin to control your blood glucose levels?	Observation	AIREADI	Survey	S		skos:exactMatch	1			
open-source	screening_survey	radio		1046	cmtrt_a1c		Do you take pills to control your A1C and blood glucose levels? Examples: Metformin (Glucophage, Glumetza, Fortamet, Riomet), Glucotrol, Amaryl, DiaBeta, Blynase PresTab, Micronase, Actos, Avandia, Precose, Glyset, Prandin, Starlix, Januvia, Onglyza, Tradjenta, Nesina, Invokana, Farxiga, Jardiance, Welchol, and Cyclocet	1, Yes | 0, No	2005200548	2005200548	Do you take pills to control your A1C and blood glucose levels? Examples: Metformin (Glucophage, Glumetza, Fortamet, Riomet), Glucotrol, Amaryl, DiaBeta, Blynase PresTab, Micronase, Actos, Avandia, Precose, Glyset, Prandin, Starlix, Januvia, Onglyza, Tradjenta, Nesina, Invokana, Farxiga, Jardiance, Welchol, and Cyclocet	Observation	AIREADI	Survey	S		skos:exactMatch	1			
open-source	screening_survey	yesno		1045	mhterm_predm		Pre-diabetes		2005200014	2005200014	Has a doctor or other healthcare professional ever told you that you have/had...	Observation	AIREADI	Survey	S		skos:exactMatch	1	37018196	Prediabetes	
open-source	screening_survey	text	mhterm_dm2	1044	mh_dm_age		If yes, at what age were you first diagnosed?		4307859		Age at diagnosis	Observation	SNOMED	Observable Entity	S	423493009	skos:closeMatch	0.75			
open-source	screening_survey	yesno		1043	mhterm_dm2		Type II Diabetes		2005200014	2005200014	Has a doctor or other healthcare professional ever told you that you have/had...	Observation	AIREADI	Survey	S		skos:exactMatch	1	201826	Type 2 diabetes mellitus	
open-source	screening_survey	yesno		1042	mh_a1c		Elevated A1C levels (elevated blood sugars)		2005200014	2005200014	Has a doctor or other healthcare professional ever told you that you have/had...	Observation	AIREADI	Survey	S		skos:exactMatch	1	2005200547	Elevated A1C levels (elevated blood sugars)	
open-source	screening_survey	yesno		1041	mhterm_dm1		Type I Diabetes		2005200014	2005200014	Has a doctor or other healthcare professional ever told you that you have/had...	Observation	AIREADI	Survey	S		skos:exactMatch	1	201254	Type 1 diabetes mellitus	
open-source	screening_survey	text		1037	scrcmpdat		Screening survey date (date survey/form opened)		4160030		Performed	Observation	SNOMED	Qualifier Value	S	398166005	skos:closeMatch	0.75	2005200563	Screening Survey	
open-source	faq_survey	text		1036	faqcmpts		FAQ Survey Completed Timestamp (from REDCap)		2005200559		Survey Completed Timestamp	Observation	AIREADI	Qualifier Value	S	118575009	skos:closeMatch	0.75	2005200562	FAQ Survey	
open-source	faq_survey	text		1035	faqstartts		FAQ Survey Started Timestamp (from REDCap)		2005200558		Survey Started Timestamp	Observation	AIREADI	Qualifier Value	S	118575009	skos:closeMatch	0.75	2005200562	FAQ Survey	
open-source	faq_survey	text		1031	faqcmpdat		FAQ Survey date (date survey/form opened)		4160030		Performed	Observation	SNOMED	Qualifier Value	S	398166005	skos:closeMatch	0.75	2005200562	FAQ Survey	
open-source	recruitment_survey	text		1030	reccmpts		Recruitment Survey Completed Timestamp (from REDCap)		2005200559		Survey Completed Timestamp	Observation	AIREADI	Qualifier Value	S	118575009	skos:closeMatch	0.75	2005200561	Recruitment Survey	
open-source	recruitment_survey	text		1029	recstartts		Recruitment Survey Started Timestamp (from REDCap)		2005200558		Survey Started Timestamp	Observation	AIREADI	Qualifier Value	S	118575009	skos:closeMatch	0.75	2005200561	Recruitment Survey	
open-source	recruitment_survey	text		1025	reccmpdat		Recruitment survey date (date survey/form opened)		3039611		Survey reporting period start date	Observation	LOINC	Survey	S	52832-3	skos:closeMatch	0.75			